Date,Transaction Description,Category,Amount,Type
2020-03-24,Example decision garden.,Entertainment,144.13,Expense
2020-05-06,Kid put memory soldier.,Utilities,123.19,Expense
2020-08-04,Help usually thank wonder draw.,Shopping,133.91,Expense
2020-10-29,Office of remember individual.,Utilities,15.32,Expense
2020-11-20,Position interest.,Shopping,117.87,Expense
2021-01-01,Your ever woman way avoid.,Food & Drink,101.52,Expense
2021-03-05,Heavy what least mouth national.,Food & Drink,110.65,Expense
2021-03-12,Receive case past only drug.,Utilities,39.57,Expense
2021-07-13,Relate day.,Shopping,115.98,Expense
2021-08-21,Idea seek.,Utilities,135.57,Expense
2022-01-16,End bit game thousand.,Entertainment,47.69,Expense
2022-03-17,Positive participant fear blue as.,Entertainment,23.59,Expense
2022-06-04,Evidence enough claim suffer.,Entertainment,145.26,Expense
2022-09-11,Never condition.,Shopping,68.09,Expense
2022-11-26,Growth appear project.,Food & Drink,101.43,Expense
2022-12-05,Magazine join.,Utilities,113.06,Expense
2023-01-24,Drug entire involve.,Entertainment,125.23,Expense
2023-03-13,People newspaper stay.,Utilities,71.85,Expense
2023-07-25,President likely truth animal.,Utilities,140.58,Expense
2023-09-15,That reflect send set fly.,Shopping,117.58,Expense
2023-10-03,Strong mind from.,Shopping,19.29,Expense
2023-10-04,Knowledge fight car smile commercial.,Entertainment,45.65,Expense
2023-11-08,Strategy face make.,Utilities,88.42,Expense
2023-11-09,What strong line.,Entertainment,15.45,Expense
2023-11-18,Step rate feeling rate.,Food & Drink,29.25,Expense
2023-12-09,Pull blue strong wonder.,Food & Drink,33.17,Expense
2023-12-29,Society dark product make.,Entertainment,14.37,Expense
2024-02-19,Recognize media goal.,Utilities,89.48,Expense
2024-03-07,Finish without.,Utilities,57.27,Expense
2024-04-20,Skill successful and.,Utilities,19.62,Expense
2024-05-25,Somebody son suddenly perform.,Entertainment,135.09,Expense
2024-05-27,Doctor news yourself.,Food & Drink,89.41,Expense
2024-06-14,Be fire.,Shopping,54.67,Expense
2024-09-17,True help.,Utilities,117.75,Expense
2024-11-03,Doctor population grow bar.,Food & Drink,62.47,Expense
2024-12-02,In seven building hard.,Utilities,39.3,Expense
2024-12-11,Remember carry.,Utilities,121.52,Expense
2023-01-02,Online Shop,Shopping,79.49,Expense
2023-01-03,Netflix,Entertainment,55.04,Expense
2023-01-04,Electricity Bill,Utilities,16.99,Expense
2023-01-06,Netflix,Entertainment,15.02,Expense
2023-01-07,KFC,Food & Drink,30.09,Expense
2023-01-08,Netflix,Entertainment,77.84,Expense
2023-01-09,Starbucks,Food & Drink,75.46,Expense
2023-01-10,Netflix,Entertainment,50.17,Expense
2023-01-13,McDonalds,Food & Drink,63.02,Expense
2023-01-14,McDonalds,Food & Drink,53.48,Expense
2023-01-15,McDonalds,Food & Drink,49.52,Expense
2023-01-16,Internet,Utilities,56.6,Expense
2023-01-18,Cinema,Entertainment,46.13,Expense
2023-01-19,Online Shop,Shopping,10.63,Expense
2023-01-20,Clothes,Shopping,67.84,Expense
2023-01-21,Internet,Utilities,46.55,Expense
2023-01-23,Cinema,Entertainment,43.11,Expense
2023-01-25,McDonalds,Food & Drink,76.31,Expense
2023-01-26,KFC,Food & Drink,43.99,Expense
2023-01-28,Online Shop,Shopping,20.15,Expense
2023-01-29,Online Shop,Shopping,67.26,Expense
2023-01-30,KFC,Food & Drink,25.91,Expense
2023-01-31,Electricity Bill,Utilities,42.28,Expense
2023-02-03,Cinema,Entertainment,51.22,Expense
2023-02-05,Cinema,Entertainment,48.98,Expense
2023-02-06,KFC,Food & Drink,56.6,Expense
2023-02-07,Online Shop,Shopping,65.68,Expense
2023-02-08,Electricity Bill,Utilities,22.98,Expense
2023-02-10,Online Shop,Shopping,75.44,Expense
2023-02-12,Internet,Utilities,107.25,Expense
2023-02-13,Online Shop,Shopping,26.1,Expense
2023-02-14,Cinema,Entertainment,10.19,Expense
2023-02-15,Online Shop,Shopping,55.5,Expense
2023-02-16,McDonalds,Food & Drink,69.73,Expense
2023-02-17,Online Shop,Shopping,15.1,Expense
2023-02-18,Online Shop,Shopping,73.25,Expense
2023-02-20,Internet,Utilities,46.38,Expense
2023-02-22,Online Shop,Shopping,12.56,Expense
2023-02-23,Internet,Utilities,56.84,Expense
2023-02-24,Cinema,Entertainment,19.76,Expense
2023-02-25,Netflix,Entertainment,23.9,Expense
2023-02-26,McDonalds,Food & Drink,57.22,Expense
2023-02-28,Internet,Utilities,12.63,Expense
2023-03-02,Netflix,Entertainment,63.04,Expense
2023-03-07,KFC,Food & Drink,66.48,Expense
2023-03-08,Cinema,Entertainment,62.23,Expense
2023-03-10,Online Shop,Shopping,40.27,Expense
2023-03-11,Netflix,Entertainment,139.86,Expense
2023-03-13,Internet,Utilities,26.76,Expense
2023-03-14,Starbucks,Food & Drink,35.66,Expense
2023-03-16,Online Shop,Shopping,45.67,Expense
2023-03-17,Netflix,Entertainment,73.72,Expense
2023-03-18,Electricity Bill,Utilities,50.45,Expense
2023-03-19,KFC,Food & Drink,144.83,Expense
2023-03-20,Cinema,Entertainment,52.12,Expense
2023-03-21,Online Shop,Shopping,71.45,Expense
2023-03-22,Netflix,Entertainment,16.93,Expense
2023-03-23,Cinema,Entertainment,52.26,Expense
2023-03-24,KFC,Food & Drink,39.97,Expense
2023-03-25,Internet,Utilities,44.51,Expense
2023-03-26,Internet,Utilities,21.81,Expense
2023-03-29,Electricity Bill,Utilities,56.23,Expense
2023-04-02,Netflix,Entertainment,64.47,Expense
2023-04-03,Clothes,Shopping,43.09,Expense
2023-04-05,KFC,Food & Drink,67.26,Expense
2023-04-06,Internet,Utilities,71.09,Expense
2023-04-09,Cinema,Entertainment,82.54,Expense
2023-04-10,Cinema,Entertainment,75.83,Expense
2023-04-11,Clothes,Shopping,20.75,Expense
2023-04-12,Cinema,Entertainment,34.69,Expense
2023-04-14,Starbucks,Food & Drink,28.76,Expense
2023-04-15,Cinema,Entertainment,52.47,Expense
2023-04-16,Cinema,Entertainment,102.39,Expense
2023-04-17,Netflix,Entertainment,73.18,Expense
2023-04-19,Electricity Bill,Utilities,67.4,Expense
2023-04-21,KFC,Food & Drink,75.87,Expense
2023-04-22,Online Shop,Shopping,113.72,Expense
2023-04-23,Netflix,Entertainment,21.55,Expense
2023-04-24,Starbucks,Food & Drink,59.48,Expense
2023-04-25,Starbucks,Food & Drink,41.33,Expense
2023-04-26,Netflix,Entertainment,49.92,Expense
2023-04-27,Cinema,Entertainment,42.56,Expense
2023-04-28,Internet,Utilities,36.86,Expense
2023-04-30,Online Shop,Shopping,123.17,Expense
2023-05-02,Clothes,Shopping,22.5,Expense
2023-05-03,Netflix,Entertainment,36.89,Expense
2023-05-04,Clothes,Shopping,45.98,Expense
2023-05-05,Netflix,Entertainment,69.9,Expense
2023-05-06,Electricity Bill,Utilities,94.48,Expense
2023-05-08,Internet,Utilities,53.07,Expense
2023-05-09,KFC,Food & Drink,62.59,Expense
2023-05-10,Internet,Utilities,61.89,Expense
2023-05-11,Internet,Utilities,60.93,Expense
2023-05-12,McDonalds,Food & Drink,23.17,Expense
2023-05-13,Electricity Bill,Utilities,80.41,Expense
2023-05-14,Cinema,Entertainment,47.81,Expense
2023-05-15,KFC,Food & Drink,5.74,Expense
2023-05-16,Clothes,Shopping,10.09,Expense
2023-05-17,McDonalds,Food & Drink,75.24,Expense
2023-05-19,Clothes,Shopping,32.7,Expense
2023-05-20,KFC,Food & Drink,28.2,Expense
2023-05-21,Starbucks,Food & Drink,86.9,Expense
2023-05-22,Electricity Bill,Utilities,21.58,Expense
2023-05-23,Clothes,Shopping,17.74,Expense
2023-05-24,KFC,Food & Drink,46.92,Expense
2023-05-27,Netflix,Entertainment,115.6,Expense
2023-05-28,McDonalds,Food & Drink,136.33,Expense
2023-05-29,Internet,Utilities,47.72,Expense
2023-05-30,Cinema,Entertainment,73.8,Expense
2023-05-31,Electricity Bill,Utilities,39.19,Expense
2023-06-02,Electricity Bill,Utilities,56.0,Expense
2023-06-03,KFC,Food & Drink,109.3,Expense
2023-06-05,Netflix,Entertainment,10.09,Expense
2023-06-06,Online Shop,Shopping,62.16,Expense
2023-06-07,Cinema,Entertainment,7.11,Expense
2023-06-08,Electricity Bill,Utilities,56.37,Expense
2023-06-09,Netflix,Entertainment,70.83,Expense
2023-06-11,Cinema,Entertainment,30.36,Expense
2023-06-13,KFC,Food & Drink,51.14,Expense
2023-06-14,KFC,Food & Drink,59.4,Expense
2023-06-15,Online Shop,Shopping,58.9,Expense
2023-06-17,Online Shop,Shopping,58.27,Expense
2023-06-20,Online Shop,Shopping,32.01,Expense
2023-06-21,Online Shop,Shopping,35.7,Expense
2023-06-22,Clothes,Shopping,16.59,Expense
2023-06-23,Cinema,Entertainment,54.32,Expense
2023-06-24,McDonalds,Food & Drink,32.88,Expense
2023-06-25,Cinema,Entertainment,40.13,Expense
2023-06-26,Online Shop,Shopping,33.83,Expense
2023-06-27,McDonalds,Food & Drink,53.21,Expense
2023-06-29,KFC,Food & Drink,44.3,Expense
2023-07-03,Online Shop,Shopping,72.25,Expense
2023-07-04,Cinema,Entertainment,70.69,Expense
2023-07-05,Cinema,Entertainment,70.82,Expense
2023-07-08,Internet,Utilities,50.42,Expense
2023-07-11,Clothes,Shopping,8.57,Expense
2023-07-12,Cinema,Entertainment,17.96,Expense
2023-07-13,Netflix,Entertainment,29.8,Expense
2023-07-14,Netflix,Entertainment,64.45,Expense
2023-07-16,McDonalds,Food & Drink,75.48,Expense
2023-07-17,Cinema,Entertainment,44.03,Expense
2023-07-19,McDonalds,Food & Drink,37.7,Expense
2023-07-20,Internet,Utilities,36.93,Expense
2023-07-21,KFC,Food & Drink,50.6,Expense
2023-07-22,Clothes,Shopping,113.41,Expense
2023-07-23,Cinema,Entertainment,38.31,Expense
2023-07-24,Electricity Bill,Utilities,78.53,Expense
2023-07-25,Netflix,Entertainment,61.49,Expense
2023-07-26,McDonalds,Food & Drink,22.94,Expense
2023-07-28,Cinema,Entertainment,39.06,Expense
2023-07-29,Cinema,Entertainment,54.84,Expense
2023-07-30,Internet,Utilities,136.87,Expense
2023-07-31,Internet,Utilities,75.54,Expense
2023-08-03,Internet,Utilities,70.93,Expense
2023-08-04,Online Shop,Shopping,41.25,Expense
2023-08-07,McDonalds,Food & Drink,74.16,Expense
2023-08-08,Internet,Utilities,29.73,Expense
2023-08-09,Electricity Bill,Utilities,70.07,Expense
2023-08-10,Electricity Bill,Utilities,53.0,Expense
2023-08-11,KFC,Food & Drink,20.14,Expense
2023-08-12,Online Shop,Shopping,50.86,Expense
2023-08-13,Electricity Bill,Utilities,88.07,Expense
2023-08-14,Cinema,Entertainment,48.85,Expense
2023-08-15,Online Shop,Shopping,14.99,Expense
2023-08-16,Online Shop,Shopping,70.96,Expense
2023-08-17,Online Shop,Shopping,39.34,Expense
2023-08-18,Online Shop,Shopping,19.69,Expense
2023-08-19,KFC,Food & Drink,22.49,Expense
2023-08-20,McDonalds,Food & Drink,58.87,Expense
2023-08-21,Electricity Bill,Utilities,73.49,Expense
2023-08-23,McDonalds,Food & Drink,78.66,Expense
2023-08-24,KFC,Food & Drink,68.1,Expense
2023-08-25,Online Shop,Shopping,58.22,Expense
2023-08-26,Online Shop,Shopping,116.31,Expense
2023-08-27,KFC,Food & Drink,75.87,Expense
2023-08-29,Clothes,Shopping,14.63,Expense
2023-08-30,Netflix,Entertainment,6.81,Expense
2023-08-31,Electricity Bill,Utilities,68.44,Expense
2023-09-03,Netflix,Entertainment,104.09,Expense
2023-09-06,Clothes,Shopping,71.76,Expense
2023-09-07,Cinema,Entertainment,7.9,Expense
2023-09-08,Clothes,Shopping,33.67,Expense
2023-09-10,Clothes,Shopping,35.88,Expense
2023-09-11,Starbucks,Food & Drink,57.06,Expense
2023-09-12,Online Shop,Shopping,16.7,Expense
2023-09-13,McDonalds,Food & Drink,29.28,Expense
2023-09-14,Netflix,Entertainment,32.22,Expense
2023-09-15,Netflix,Entertainment,19.68,Expense
2023-09-16,Electricity Bill,Utilities,54.38,Expense
2023-09-17,Starbucks,Food & Drink,119.58,Expense
2023-09-18,Internet,Utilities,24.55,Expense
2023-09-19,Internet,Utilities,9.39,Expense
2023-09-21,McDonalds,Food & Drink,41.85,Expense
2023-09-22,Electricity Bill,Utilities,30.99,Expense
2023-09-23,Clothes,Shopping,32.24,Expense
2023-09-25,Internet,Utilities,70.38,Expense
2023-09-26,Internet,Utilities,78.71,Expense
2023-09-27,McDonalds,Food & Drink,69.03,Expense
2023-09-28,McDonalds,Food & Drink,72.31,Expense
2023-09-30,Internet,Utilities,98.49,Expense
2023-10-02,McDonalds,Food & Drink,50.11,Expense
2023-10-03,Online Shop,Shopping,15.89,Expense
2023-10-05,Electricity Bill,Utilities,29.48,Expense
2023-10-06,Cinema,Entertainment,24.42,Expense
2023-10-07,Online Shop,Shopping,49.91,Expense
2023-10-09,Internet,Utilities,79.0,Expense
2023-10-11,Netflix,Entertainment,26.87,Expense
2023-10-12,Cinema,Entertainment,68.07,Expense
2023-10-14,Clothes,Shopping,115.51,Expense
2023-10-15,Netflix,Entertainment,120.36,Expense
2023-10-16,Online Shop,Shopping,56.6,Expense
2023-10-18,Electricity Bill,Utilities,69.29,Expense
2023-10-19,Starbucks,Food & Drink,47.52,Expense
2023-10-20,Electricity Bill,Utilities,18.69,Expense
2023-10-21,Cinema,Entertainment,111.92,Expense
2023-10-22,Clothes,Shopping,32.05,Expense
2023-10-24,Starbucks,Food & Drink,5.3,Expense
2023-10-27,Online Shop,Shopping,25.27,Expense
2023-10-28,Netflix,Entertainment,62.61,Expense
2023-10-29,Online Shop,Shopping,114.66,Expense
2023-10-30,Internet,Utilities,31.54,Expense
2023-10-31,KFC,Food & Drink,43.87,Expense
2023-11-02,Cinema,Entertainment,9.17,Expense
2023-11-03,Netflix,Entertainment,22.33,Expense
2023-11-04,Clothes,Shopping,88.69,Expense
2023-11-06,Cinema,Entertainment,58.19,Expense
2023-11-07,Internet,Utilities,27.49,Expense
2023-11-08,Netflix,Entertainment,21.6,Expense
2023-11-09,Cinema,Entertainment,42.76,Expense
2023-11-10,Cinema,Entertainment,34.63,Expense
2023-11-11,McDonalds,Food & Drink,45.47,Expense
2023-11-12,Online Shop,Shopping,113.65,Expense
2023-11-13,Electricity Bill,Utilities,13.56,Expense
2023-11-14,Online Shop,Shopping,8.09,Expense
2023-11-16,Cinema,Entertainment,23.49,Expense
2023-11-17,Cinema,Entertainment,47.72,Expense
2023-11-18,KFC,Food & Drink,98.77,Expense
2023-11-19,KFC,Food & Drink,78.16,Expense
2023-11-20,Online Shop,Shopping,45.23,Expense
2023-11-22,Online Shop,Shopping,65.09,Expense
2023-11-23,Internet,Utilities,30.59,Expense
2023-11-25,KFC,Food & Drink,110.53,Expense
2023-11-26,Cinema,Entertainment,34.58,Expense
2023-11-28,Clothes,Shopping,50.8,Expense
2023-11-29,McDonalds,Food & Drink,43.78,Expense
2023-11-30,Online Shop,Shopping,13.3,Expense
2023-12-02,Netflix,Entertainment,66.8,Expense
2023-12-03,McDonalds,Food & Drink,71.05,Expense
2023-12-04,Electricity Bill,Utilities,27.34,Expense
2023-12-05,Starbucks,Food & Drink,28.0,Expense
2023-12-06,Cinema,Entertainment,28.01,Expense
2023-12-07,Starbucks,Food & Drink,60.53,Expense
2023-12-10,Online Shop,Shopping,53.22,Expense
2023-12-11,Internet,Utilities,76.77,Expense
2023-12-12,Clothes,Shopping,49.02,Expense
2023-12-13,Internet,Utilities,76.75,Expense
2023-12-14,Starbucks,Food & Drink,16.85,Expense
2023-12-15,Clothes,Shopping,75.06,Expense
2023-12-16,Internet,Utilities,67.93,Expense
2023-12-17,McDonalds,Food & Drink,57.87,Expense
2023-12-18,Internet,Utilities,21.34,Expense
2023-12-20,Clothes,Shopping,78.66,Expense
2023-12-21,Internet,Utilities,33.36,Expense
2023-12-22,Internet,Utilities,55.72,Expense
2023-12-23,Cinema,Entertainment,111.24,Expense
2023-12-24,Online Shop,Shopping,68.41,Expense
2023-12-26,Clothes,Shopping,63.29,Expense
2023-12-27,Cinema,Entertainment,78.12,Expense
2023-12-29,Cinema,Entertainment,27.86,Expense
2023-12-30,Clothes,Shopping,100.39,Expense
2020-06-24,Cinema,Entertainment,36.44,Expense
2021-12-29,Clothes,Shopping,63.76,Expense
2021-10-22,KFC,Food & Drink,60.34,Expense
2023-09-26,Starbucks,Food & Drink,64.05,Expense
2023-04-18,Starbucks,Food & Drink,19.7,Expense
2022-07-27,Cinema,Entertainment,29.16,Expense
2024-04-25,Netflix,Entertainment,46.05,Expense
2020-05-07,Online Shop,Shopping,24.5,Expense
2021-11-12,Netflix,Entertainment,17.03,Expense
2024-12-20,Electricity Bill,Utilities,36.07,Expense
2021-03-22,Internet,Utilities,75.73,Expense
2020-06-14,Netflix,Entertainment,55.32,Expense
2020-11-17,Internet,Utilities,67.77,Expense
2021-01-28,Internet,Utilities,20.12,Expense
2020-09-02,Online Shop,Shopping,75.09,Expense
2022-01-21,Starbucks,Food & Drink,76.31,Expense
2023-02-26,Netflix,Entertainment,112.34,Expense
2020-09-05,McDonalds,Food & Drink,140.47,Expense
2021-10-06,McDonalds,Food & Drink,28.15,Expense
2023-01-20,Cinema,Entertainment,14.51,Expense
2022-08-27,Internet,Utilities,82.87,Expense
2023-04-03,Electricity Bill,Utilities,74.53,Expense
2022-11-13,Internet,Utilities,125.19,Expense
2023-10-23,Online Shop,Shopping,56.84,Expense
2020-12-21,Electricity Bill,Utilities,53.65,Expense
2020-09-15,Clothes,Shopping,6.7,Expense
2021-01-09,Netflix,Entertainment,63.99,Expense
2020-08-19,Cinema,Entertainment,66.5,Expense
2021-05-18,Cinema,Entertainment,17.28,Expense
2021-11-05,Electricity Bill,Utilities,44.65,Expense
2024-08-11,Clothes,Shopping,68.9,Expense
2020-09-09,KFC,Food & Drink,43.45,Expense
2024-11-30,KFC,Food & Drink,30.1,Expense
2021-08-17,McDonalds,Food & Drink,28.36,Expense
2023-06-23,Netflix,Entertainment,59.19,Expense
2024-07-07,KFC,Food & Drink,109.96,Expense
2021-08-20,Electricity Bill,Utilities,67.25,Expense
2024-11-04,Internet,Utilities,64.15,Expense
2020-11-14,Internet,Utilities,116.85,Expense
2022-11-17,Internet,Utilities,38.48,Expense
2024-02-02,Electricity Bill,Utilities,57.09,Expense
2024-10-05,Electricity Bill,Utilities,63.53,Expense
2024-07-04,McDonalds,Food & Drink,78.28,Expense
2024-03-07,Online Shop,Shopping,72.44,Expense
2020-04-22,Starbucks,Food & Drink,77.15,Expense
2022-03-30,Cinema,Entertainment,28.39,Expense
2021-08-10,Netflix,Entertainment,77.58,Expense
2023-08-16,Online Shop,Shopping,51.93,Expense
2023-12-18,Internet,Utilities,55.93,Expense
2023-11-13,Netflix,Entertainment,55.3,Expense
2022-02-20,Online Shop,Shopping,53.37,Expense
2023-07-25,Online Shop,Shopping,25.87,Expense
2023-05-14,Electricity Bill,Utilities,24.55,Expense
2022-05-23,Clothes,Shopping,66.53,Expense
2021-08-04,Starbucks,Food & Drink,23.51,Expense
2023-11-23,Clothes,Shopping,65.52,Expense
2023-12-31,Cinema,Entertainment,31.57,Expense
2020-08-12,Electricity Bill,Utilities,18.72,Expense
2020-12-20,Online Shop,Shopping,43.59,Expense
2022-06-29,Electricity Bill,Utilities,42.66,Expense
2024-03-21,Netflix,Entertainment,50.3,Expense
2023-05-11,McDonalds,Food & Drink,31.4,Expense
2022-12-05,Netflix,Entertainment,73.5,Expense
2022-08-30,Electricity Bill,Utilities,27.79,Expense
2022-12-03,Online Shop,Shopping,54.32,Expense
2022-06-26,Cinema,Entertainment,80.75,Expense
2021-10-15,Clothes,Shopping,22.54,Expense
2021-09-24,Online Shop,Shopping,9.95,Expense
2024-08-07,KFC,Food & Drink,12.76,Expense
2022-11-11,McDonalds,Food & Drink,13.26,Expense
2022-06-27,Clothes,Shopping,69.13,Expense
2024-04-24,Netflix,Entertainment,14.9,Expense
2022-05-22,KFC,Food & Drink,46.09,Expense
2022-12-25,Online Shop,Shopping,100.24,Expense
2023-05-13,Cinema,Entertainment,30.17,Expense
2021-02-22,Internet,Utilities,43.43,Expense
2020-01-25,Internet,Utilities,25.7,Expense
2021-10-24,Electricity Bill,Utilities,117.21,Expense
2020-12-23,Clothes,Shopping,75.06,Expense
2023-09-27,Electricity Bill,Utilities,55.63,Expense
2022-05-30,Cinema,Entertainment,20.76,Expense
2022-11-29,Cinema,Entertainment,8.16,Expense
2023-10-07,Starbucks,Food & Drink,123.88,Expense
2020-11-25,Starbucks,Food & Drink,5.41,Expense
2020-08-14,KFC,Food & Drink,7.66,Expense
2021-07-30,McDonalds,Food & Drink,15.96,Expense
2020-09-19,Clothes,Shopping,84.26,Expense
2022-12-09,Netflix,Entertainment,79.67,Expense
2023-04-14,Netflix,Entertainment,48.84,Expense
2020-09-10,KFC,Food & Drink,27.17,Expense
2023-12-07,KFC,Food & Drink,38.45,Expense
2020-10-10,Electricity Bill,Utilities,98.07,Expense
2020-07-08,Internet,Utilities,59.67,Expense
2024-04-13,Clothes,Shopping,81.99,Expense
2022-09-10,Electricity Bill,Utilities,140.44,Expense
2024-08-03,Electricity Bill,Utilities,41.93,Expense
2020-04-16,KFC,Food & Drink,66.91,Expense
2021-01-04,Electricity Bill,Utilities,31.14,Expense
2020-08-22,Internet,Utilities,57.98,Expense
2023-09-14,Cinema,Entertainment,59.38,Expense
2024-02-28,Electricity Bill,Utilities,12.69,Expense
2022-05-13,Online Shop,Shopping,42.83,Expense
2020-12-14,Cinema,Entertainment,77.26,Expense
2023-08-10,KFC,Food & Drink,44.93,Expense
2021-05-06,Netflix,Entertainment,42.74,Expense
2024-01-31,Cinema,Entertainment,5.76,Expense
2023-12-28,Starbucks,Food & Drink,33.75,Expense
2024-02-22,Cinema,Entertainment,64.22,Expense
2024-07-04,Clothes,Shopping,6.52,Expense
2022-08-26,Netflix,Entertainment,40.19,Expense
2022-04-24,Internet,Utilities,33.7,Expense
2022-03-19,Electricity Bill,Utilities,130.75,Expense
2022-03-05,Clothes,Shopping,27.57,Expense
2022-05-28,Internet,Utilities,97.75,Expense
2022-12-26,Electricity Bill,Utilities,14.38,Expense
2020-08-09,Netflix,Entertainment,81.69,Expense
2022-10-29,Cinema,Entertainment,126.25,Expense
2022-11-22,Internet,Utilities,27.92,Expense
2022-01-25,Cinema,Entertainment,68.06,Expense
2020-12-12,Internet,Utilities,24.05,Expense
2022-11-05,Electricity Bill,Utilities,126.36,Expense
2020-08-02,KFC,Food & Drink,67.34,Expense
2024-03-31,Netflix,Entertainment,125.28,Expense
2023-01-17,Online Shop,Shopping,11.24,Expense
2024-08-17,Starbucks,Food & Drink,120.7,Expense
2020-03-02,Starbucks,Food & Drink,65.41,Expense
2020-05-26,Netflix,Entertainment,25.94,Expense
2021-01-26,Cinema,Entertainment,61.5,Expense
2023-11-19,McDonalds,Food & Drink,103.99,Expense
2020-09-21,Online Shop,Shopping,18.25,Expense
2021-03-30,Internet,Utilities,47.41,Expense
2024-09-15,KFC,Food & Drink,143.7,Expense
2021-10-14,KFC,Food & Drink,38.9,Expense
2023-02-03,Online Shop,Shopping,14.22,Expense
2024-10-20,KFC,Food & Drink,100.57,Expense
2020-06-14,McDonalds,Food & Drink,44.09,Expense
2021-08-24,Starbucks,Food & Drink,34.5,Expense
2020-01-23,Online Shop,Shopping,66.99,Expense
2024-12-07,Internet,Utilities,120.77,Expense
2023-05-25,Netflix,Entertainment,19.32,Expense
2020-05-25,Netflix,Entertainment,9.26,Expense
2024-12-10,Netflix,Entertainment,44.22,Expense
2023-07-22,Clothes,Shopping,30.75,Expense
2021-02-11,KFC,Food & Drink,32.69,Expense
2021-02-16,Clothes,Shopping,71.96,Expense
2022-07-25,Clothes,Shopping,45.27,Expense
2020-08-18,Cinema,Entertainment,17.62,Expense
2022-09-12,Internet,Utilities,38.7,Expense
2022-01-24,Cinema,Entertainment,57.07,Expense
2024-03-04,Online Shop,Shopping,54.89,Expense
2023-06-07,Internet,Utilities,73.92,Expense
2022-12-10,Cinema,Entertainment,32.75,Expense
2020-07-07,Starbucks,Food & Drink,37.6,Expense
2021-11-13,Internet,Utilities,65.64,Expense
2022-03-05,Online Shop,Shopping,139.22,Expense
2022-05-24,Internet,Utilities,43.92,Expense
2020-09-02,Internet,Utilities,49.01,Expense
2022-07-11,Internet,Utilities,49.67,Expense
2024-11-15,Cinema,Entertainment,66.46,Expense
2020-03-12,Clothes,Shopping,63.56,Expense
2024-05-15,Internet,Utilities,45.27,Expense
2020-12-04,Netflix,Entertainment,57.51,Expense
2024-11-14,Clothes,Shopping,18.0,Expense
2020-03-08,Clothes,Shopping,118.15,Expense
2023-06-04,Cinema,Entertainment,63.35,Expense
2023-09-14,Clothes,Shopping,58.16,Expense
2020-09-24,Cinema,Entertainment,51.46,Expense
2021-04-24,Clothes,Shopping,127.12,Expense
2021-10-20,Netflix,Entertainment,43.79,Expense
2023-01-09,Internet,Utilities,67.46,Expense
2024-08-21,Internet,Utilities,21.79,Expense
2023-09-30,KFC,Food & Drink,23.21,Expense
2024-10-28,Starbucks,Food & Drink,27.96,Expense
2020-04-11,Online Shop,Shopping,100.63,Expense
2024-06-15,Internet,Utilities,34.82,Expense
2023-07-24,Netflix,Entertainment,26.67,Expense
2024-02-19,Online Shop,Shopping,12.25,Expense
2023-11-22,Internet,Utilities,23.8,Expense
2021-12-21,Online Shop,Shopping,33.8,Expense
2024-04-04,Internet,Utilities,37.63,Expense
2020-10-18,Internet,Utilities,46.79,Expense
2024-06-05,Cinema,Entertainment,67.57,Expense
2024-02-24,Clothes,Shopping,70.96,Expense
2021-10-08,Cinema,Entertainment,11.5,Expense
2021-02-02,Clothes,Shopping,61.8,Expense
2022-04-28,Starbucks,Food & Drink,23.82,Expense
2023-09-10,Starbucks,Food & Drink,137.86,Expense
2022-10-05,Online Shop,Shopping,61.68,Expense
2021-08-02,Internet,Utilities,24.42,Expense
2022-09-22,McDonalds,Food & Drink,68.19,Expense
2022-09-27,McDonalds,Food & Drink,25.66,Expense
2022-01-12,Netflix,Entertainment,63.5,Expense
2021-10-06,Netflix,Entertainment,78.01,Expense
2022-10-17,Internet,Utilities,37.17,Expense
2021-07-05,Netflix,Entertainment,60.39,Expense
2022-03-13,Netflix,Entertainment,71.0,Expense
2023-02-26,Internet,Utilities,71.38,Expense
2022-08-05,Starbucks,Food & Drink,73.3,Expense
2020-04-21,Netflix,Entertainment,49.46,Expense
2021-02-09,Starbucks,Food & Drink,57.18,Expense
2024-04-22,McDonalds,Food & Drink,45.06,Expense
2021-10-11,KFC,Food & Drink,18.22,Expense
2021-03-04,Cinema,Entertainment,17.28,Expense
2021-03-20,Electricity Bill,Utilities,76.61,Expense
2022-02-24,Clothes,Shopping,32.22,Expense
2021-04-09,Cinema,Entertainment,70.3,Expense
2024-05-05,Clothes,Shopping,70.12,Expense
2023-04-30,Cinema,Entertainment,34.84,Expense
2023-09-23,Electricity Bill,Utilities,143.48,Expense
2024-03-13,KFC,Food & Drink,6.47,Expense
2021-01-22,Internet,Utilities,54.94,Expense
2023-10-21,Online Shop,Shopping,132.85,Expense
2024-04-16,Online Shop,Shopping,63.66,Expense
2020-11-19,Internet,Utilities,71.48,Expense
2022-07-07,McDonalds,Food & Drink,76.44,Expense
2020-02-20,Electricity Bill,Utilities,52.42,Expense
2020-09-13,McDonalds,Food & Drink,115.82,Expense
2020-01-09,Netflix,Entertainment,33.41,Expense
2021-04-25,Internet,Utilities,46.91,Expense
2021-11-22,Internet,Utilities,25.96,Expense
2020-01-14,KFC,Food & Drink,49.18,Expense
2024-02-10,Clothes,Shopping,21.15,Expense
2023-06-29,Online Shop,Shopping,11.41,Expense
2021-07-21,McDonalds,Food & Drink,34.29,Expense
2023-05-10,Internet,Utilities,54.78,Expense
2023-03-08,Cinema,Entertainment,11.9,Expense
2020-06-07,Starbucks,Food & Drink,122.07,Expense
2021-03-26,Starbucks,Food & Drink,5.5,Expense
2024-08-16,Online Shop,Shopping,25.61,Expense
2023-04-19,Internet,Utilities,41.12,Expense
2021-08-26,Internet,Utilities,21.08,Expense
2024-01-22,Cinema,Entertainment,13.53,Expense
2020-07-31,Internet,Utilities,57.63,Expense
2024-10-03,Cinema,Entertainment,63.32,Expense
2023-01-05,McDonalds,Food & Drink,20.96,Expense
2021-06-29,Starbucks,Food & Drink,14.71,Expense
2021-04-25,Electricity Bill,Utilities,95.74,Expense
2023-05-30,Clothes,Shopping,23.98,Expense
2020-06-17,Cinema,Entertainment,49.67,Expense
2022-05-30,Online Shop,Shopping,60.04,Expense
2020-09-05,Netflix,Entertainment,85.82,Expense
2021-01-12,Internet,Utilities,22.75,Expense
2020-04-05,Internet,Utilities,76.71,Expense
2021-11-07,McDonalds,Food & Drink,73.88,Expense
2020-11-07,Clothes,Shopping,94.9,Expense
2022-11-11,Netflix,Entertainment,70.92,Expense
2021-06-02,Cinema,Entertainment,26.75,Expense
2020-11-07,Electricity Bill,Utilities,77.08,Expense
2020-05-16,KFC,Food & Drink,30.02,Expense
2022-01-24,Netflix,Entertainment,7.83,Expense
2020-06-13,Cinema,Entertainment,64.61,Expense
2022-02-14,Online Shop,Shopping,30.01,Expense
2023-07-29,Netflix,Entertainment,66.67,Expense
2022-03-21,McDonalds,Food & Drink,53.34,Expense
2021-09-17,Internet,Utilities,15.0,Expense
2021-10-23,McDonalds,Food & Drink,57.52,Expense
2021-09-22,Internet,Utilities,20.28,Expense
2020-03-26,Internet,Utilities,11.45,Expense
2022-07-14,Cinema,Entertainment,58.94,Expense
2023-04-07,Cinema,Entertainment,65.93,Expense
2023-12-12,Netflix,Entertainment,71.51,Expense
2021-12-20,Starbucks,Food & Drink,61.02,Expense
2022-05-10,Starbucks,Food & Drink,34.48,Expense
2021-04-19,Internet,Utilities,22.01,Expense
2021-09-23,Clothes,Shopping,28.14,Expense
2020-05-21,Electricity Bill,Utilities,30.26,Expense
2022-02-05,Electricity Bill,Utilities,57.31,Expense
2020-11-22,McDonalds,Food & Drink,113.81,Expense
2021-10-30,KFC,Food & Drink,116.52,Expense
2024-09-06,Starbucks,Food & Drink,44.93,Expense
2023-02-09,Online Shop,Shopping,25.69,Expense
2020-06-25,Cinema,Entertainment,14.58,Expense
2023-09-14,Internet,Utilities,20.52,Expense
2024-05-27,Electricity Bill,Utilities,25.17,Expense
2021-03-23,Internet,Utilities,72.24,Expense
2024-11-29,Clothes,Shopping,76.87,Expense
2020-09-04,Online Shop,Shopping,66.79,Expense
2021-01-09,Clothes,Shopping,39.03,Expense
2020-06-24,Cinema,Entertainment,61.19,Expense
2023-12-16,Electricity Bill,Utilities,88.96,Expense
2022-11-11,Starbucks,Food & Drink,76.54,Expense
2022-12-04,Starbucks,Food & Drink,21.87,Expense
2020-10-24,Netflix,Entertainment,98.85,Expense
2021-09-21,Cinema,Entertainment,45.98,Expense
2020-10-02,Electricity Bill,Utilities,14.59,Expense
2024-07-17,Cinema,Entertainment,34.3,Expense
2023-11-06,Netflix,Entertainment,64.57,Expense
2022-05-14,Internet,Utilities,42.45,Expense
2020-07-17,Electricity Bill,Utilities,48.78,Expense
2021-04-14,Electricity Bill,Utilities,71.05,Expense
2020-11-19,Online Shop,Shopping,61.4,Expense
2024-10-12,Starbucks,Food & Drink,37.66,Expense
2021-02-16,KFC,Food & Drink,56.38,Expense
2024-08-15,Online Shop,Shopping,77.2,Expense
2024-06-21,Cinema,Entertainment,65.91,Expense
2023-04-04,Clothes,Shopping,26.24,Expense
2022-09-16,Netflix,Entertainment,40.58,Expense
2022-05-16,Netflix,Entertainment,49.39,Expense
2023-05-17,Netflix,Entertainment,44.21,Expense
2021-03-23,Netflix,Entertainment,52.09,Expense
2021-04-30,Clothes,Shopping,68.06,Expense
2023-12-18,Cinema,Entertainment,48.43,Expense
2024-08-16,Clothes,Shopping,38.92,Expense
2021-10-05,Cinema,Entertainment,34.72,Expense
2023-09-27,Electricity Bill,Utilities,30.6,Expense
2022-02-08,Online Shop,Shopping,45.3,Expense
2024-11-21,Cinema,Entertainment,9.35,Expense
2020-05-17,Cinema,Entertainment,138.22,Expense
2021-05-30,Clothes,Shopping,99.29,Expense
2022-07-15,Starbucks,Food & Drink,76.32,Expense
2021-04-21,Starbucks,Food & Drink,78.49,Expense
2020-06-08,McDonalds,Food & Drink,46.0,Expense
2020-09-22,Clothes,Shopping,10.58,Expense
2020-02-18,KFC,Food & Drink,47.47,Expense
2023-11-22,KFC,Food & Drink,23.49,Expense
2020-05-02,Electricity Bill,Utilities,95.94,Expense
2024-01-19,Online Shop,Shopping,76.61,Expense
2022-08-08,Online Shop,Shopping,18.95,Expense
2022-12-14,Cinema,Entertainment,63.78,Expense
2022-04-19,Electricity Bill,Utilities,21.43,Expense
2021-09-09,Cinema,Entertainment,25.95,Expense
2020-01-07,KFC,Food & Drink,43.56,Expense
2023-04-29,Internet,Utilities,70.79,Expense
2023-11-22,Starbucks,Food & Drink,79.43,Expense
2021-05-28,McDonalds,Food & Drink,68.44,Expense
2024-09-16,Internet,Utilities,43.52,Expense
2021-03-10,Cinema,Entertainment,61.84,Expense
2022-05-11,Internet,Utilities,25.85,Expense
2023-01-05,McDonalds,Food & Drink,61.04,Expense
2023-05-24,KFC,Food & Drink,6.76,Expense
2023-01-10,Netflix,Entertainment,74.79,Expense
2022-04-15,Internet,Utilities,46.92,Expense
2022-05-28,Clothes,Shopping,46.07,Expense
2020-04-07,KFC,Food & Drink,44.34,Expense
2021-07-06,Online Shop,Shopping,6.9,Expense
2023-04-06,Electricity Bill,Utilities,57.39,Expense
2023-01-03,McDonalds,Food & Drink,42.72,Expense
2021-12-17,Starbucks,Food & Drink,11.6,Expense
2020-12-16,Cinema,Entertainment,12.05,Expense
2024-09-20,Internet,Utilities,27.02,Expense
2023-03-24,McDonalds,Food & Drink,31.77,Expense
2021-08-02,Starbucks,Food & Drink,43.0,Expense
2024-01-12,Electricity Bill,Utilities,23.38,Expense
2020-08-18,McDonalds,Food & Drink,60.56,Expense
2020-08-18,Starbucks,Food & Drink,64.03,Expense
2024-03-24,KFC,Food & Drink,64.38,Expense
2022-06-08,Starbucks,Food & Drink,27.18,Expense
2021-07-25,Cinema,Entertainment,27.02,Expense
2020-05-02,Clothes,Shopping,103.12,Expense
2022-02-19,Starbucks,Food & Drink,45.42,Expense
2024-06-06,KFC,Food & Drink,31.76,Expense
2023-09-18,KFC,Food & Drink,12.88,Expense
2022-10-27,Electricity Bill,Utilities,61.47,Expense
2021-02-02,Cinema,Entertainment,38.55,Expense
2020-07-10,KFC,Food & Drink,71.86,Expense
2024-03-13,Cinema,Entertainment,43.33,Expense
2020-12-23,Netflix,Entertainment,24.3,Expense
2023-10-28,Netflix,Entertainment,144.69,Expense
2022-05-27,Clothes,Shopping,65.88,Expense
2022-05-20,Netflix,Entertainment,16.84,Expense
2023-09-14,Internet,Utilities,10.26,Expense
2022-04-28,Internet,Utilities,12.0,Expense
2020-09-05,Clothes,Shopping,115.72,Expense
2020-12-04,Clothes,Shopping,68.45,Expense
2022-07-04,Electricity Bill,Utilities,10.24,Expense
2022-07-25,McDonalds,Food & Drink,74.05,Expense
2022-10-18,Starbucks,Food & Drink,40.62,Expense
2024-06-19,Electricity Bill,Utilities,35.59,Expense
2022-06-15,Cinema,Entertainment,17.12,Expense
2021-01-24,Electricity Bill,Utilities,90.62,Expense
2022-05-08,Electricity Bill,Utilities,141.22,Expense
2020-12-31,Internet,Utilities,38.38,Expense
2021-10-25,Electricity Bill,Utilities,9.03,Expense
2024-11-08,McDonalds,Food & Drink,46.52,Expense
2021-03-05,Internet,Utilities,67.46,Expense
2024-04-15,Electricity Bill,Utilities,58.93,Expense
2021-06-13,Netflix,Entertainment,69.97,Expense
2024-06-10,Online Shop,Shopping,40.82,Expense
2020-08-27,McDonalds,Food & Drink,48.82,Expense
2023-06-25,Netflix,Entertainment,21.27,Expense
2022-08-26,Internet,Utilities,40.74,Expense
2022-10-21,Cinema,Entertainment,48.13,Expense
2021-12-15,Internet,Utilities,35.87,Expense
2023-09-18,Electricity Bill,Utilities,60.38,Expense
2023-09-13,Electricity Bill,Utilities,68.41,Expense
2020-05-29,Internet,Utilities,8.94,Expense
2023-07-23,McDonalds,Food & Drink,99.65,Expense
2024-10-10,Starbucks,Food & Drink,33.57,Expense
2023-12-11,Internet,Utilities,66.85,Expense
2021-05-30,Internet,Utilities,122.05,Expense
2024-10-02,Clothes,Shopping,64.61,Expense
2021-02-06,Online Shop,Shopping,33.4,Expense
2023-05-25,Electricity Bill,Utilities,76.12,Expense
2021-06-10,Netflix,Entertainment,26.88,Expense
2024-10-29,McDonalds,Food & Drink,35.95,Expense
2022-09-23,Online Shop,Shopping,49.22,Expense
2020-07-09,Clothes,Shopping,21.73,Expense
2023-11-13,Electricity Bill,Utilities,58.01,Expense
2022-09-10,Netflix,Entertainment,143.48,Expense
2023-04-05,Electricity Bill,Utilities,60.01,Expense
2024-06-06,Online Shop,Shopping,46.22,Expense
2024-05-04,Starbucks,Food & Drink,23.38,Expense
2021-02-08,Online Shop,Shopping,19.4,Expense
2023-07-07,Cinema,Entertainment,52.3,Expense
2022-02-17,Online Shop,Shopping,69.81,Expense
2022-04-26,Electricity Bill,Utilities,68.89,Expense
2024-11-21,Clothes,Shopping,42.06,Expense
2022-01-27,Internet,Utilities,13.91,Expense
2023-07-15,Internet,Utilities,143.04,Expense
2021-04-03,Clothes,Shopping,140.92,Expense
2021-02-10,Electricity Bill,Utilities,8.53,Expense
2021-09-06,Cinema,Entertainment,27.29,Expense
2024-03-07,Online Shop,Shopping,60.69,Expense
2023-10-26,McDonalds,Food & Drink,70.78,Expense
2022-03-11,KFC,Food & Drink,66.76,Expense
2020-08-24,Online Shop,Shopping,48.82,Expense
2024-03-13,McDonalds,Food & Drink,65.32,Expense
2024-07-26,Electricity Bill,Utilities,23.95,Expense
2020-08-11,KFC,Food & Drink,41.32,Expense
2024-06-02,Online Shop,Shopping,66.82,Expense
2021-02-28,Starbucks,Food & Drink,144.48,Expense
2023-11-25,McDonalds,Food & Drink,90.69,Expense
2020-03-04,KFC,Food & Drink,57.02,Expense
2021-03-07,KFC,Food & Drink,55.44,Expense
2023-08-23,Clothes,Shopping,27.31,Expense
2023-04-11,Starbucks,Food & Drink,17.75,Expense
2024-10-11,Online Shop,Shopping,48.14,Expense
2021-05-16,Internet,Utilities,62.19,Expense
2021-08-02,Electricity Bill,Utilities,66.26,Expense
2020-03-11,Internet,Utilities,78.26,Expense
2020-09-12,McDonalds,Food & Drink,114.26,Expense
2023-01-23,Netflix,Entertainment,43.04,Expense
2022-04-11,Clothes,Shopping,78.71,Expense
2020-04-06,Electricity Bill,Utilities,50.65,Expense
2021-12-07,Netflix,Entertainment,74.62,Expense
2022-09-28,Internet,Utilities,72.42,Expense
2023-01-28,Electricity Bill,Utilities,20.15,Expense
2020-06-02,Cinema,Entertainment,65.22,Expense
2023-08-27,Clothes,Shopping,81.01,Expense
2022-03-20,Netflix,Entertainment,39.22,Expense
2022-05-09,Electricity Bill,Utilities,55.84,Expense
2022-09-25,McDonalds,Food & Drink,67.73,Expense
2023-10-10,Internet,Utilities,48.04,Expense
2020-11-25,KFC,Food & Drink,47.75,Expense
2021-11-04,McDonalds,Food & Drink,59.0,Expense
2022-05-13,Starbucks,Food & Drink,30.49,Expense
2020-08-03,Electricity Bill,Utilities,6.33,Expense
2023-04-02,Internet,Utilities,25.94,Expense
2023-02-28,Electricity Bill,Utilities,36.25,Expense
2021-05-26,Netflix,Entertainment,57.83,Expense
2021-06-05,Internet,Utilities,40.81,Expense
2024-12-16,Netflix,Entertainment,40.97,Expense
2020-11-15,Clothes,Shopping,42.04,Expense
2021-02-15,Clothes,Shopping,45.52,Expense
2022-08-14,Clothes,Shopping,119.28,Expense
2021-04-07,Clothes,Shopping,77.68,Expense
2024-08-09,Starbucks,Food & Drink,30.75,Expense
2024-08-18,Netflix,Entertainment,53.91,Expense
2023-12-04,Internet,Utilities,18.78,Expense
2023-10-18,Clothes,Shopping,31.67,Expense
2021-05-11,Clothes,Shopping,48.82,Expense
2021-04-22,Clothes,Shopping,6.16,Expense
2024-12-23,Cinema,Entertainment,35.44,Expense
2020-11-10,Cinema,Entertainment,63.72,Expense
2023-06-13,Clothes,Shopping,40.26,Expense
2020-11-06,KFC,Food & Drink,16.13,Expense
2021-12-04,Online Shop,Shopping,42.08,Expense
2022-05-21,Netflix,Entertainment,53.07,Expense
2021-10-14,Internet,Utilities,29.13,Expense
2023-06-11,Netflix,Entertainment,91.74,Expense
2024-08-12,McDonalds,Food & Drink,29.36,Expense
2020-03-15,Electricity Bill,Utilities,65.17,Expense
2021-08-05,McDonalds,Food & Drink,69.91,Expense
2024-02-26,Netflix,Entertainment,38.68,Expense
2023-09-09,Cinema,Entertainment,90.56,Expense
2020-06-26,Netflix,Entertainment,43.12,Expense
2024-08-21,Cinema,Entertainment,61.02,Expense
2020-12-28,Starbucks,Food & Drink,26.39,Expense
2024-06-09,Netflix,Entertainment,143.51,Expense
2020-03-18,Cinema,Entertainment,32.45,Expense
2023-12-14,Cinema,Entertainment,62.7,Expense
2023-06-14,KFC,Food & Drink,49.36,Expense
2020-11-24,Starbucks,Food & Drink,10.5,Expense
2024-08-21,Cinema,Entertainment,71.3,Expense
2020-05-03,Online Shop,Shopping,50.7,Expense
2024-06-18,Clothes,Shopping,70.2,Expense
2024-09-25,Internet,Utilities,67.9,Expense
2022-12-18,Electricity Bill,Utilities,68.61,Expense
2021-03-11,Cinema,Entertainment,33.04,Expense
2020-11-18,Electricity Bill,Utilities,43.94,Expense
2023-01-24,Internet,Utilities,14.63,Expense
2020-09-04,Electricity Bill,Utilities,38.27,Expense
2020-02-12,Electricity Bill,Utilities,40.3,Expense
2024-05-18,McDonalds,Food & Drink,36.09,Expense
2020-10-05,Clothes,Shopping,22.46,Expense
2022-07-17,Internet,Utilities,81.22,Expense
2020-01-28,Online Shop,Shopping,11.13,Expense
2020-02-12,Internet,Utilities,32.37,Expense
2020-06-13,Internet,Utilities,38.47,Expense
2022-05-07,Cinema,Entertainment,76.97,Expense
2022-12-24,Internet,Utilities,129.57,Expense
2022-03-12,KFC,Food & Drink,21.17,Expense
2024-08-14,Clothes,Shopping,50.73,Expense
2020-12-17,Cinema,Entertainment,65.54,Expense
2024-10-17,Clothes,Shopping,65.64,Expense
2023-08-11,Clothes,Shopping,18.01,Expense
2022-10-20,Netflix,Entertainment,11.88,Expense
2021-02-25,Starbucks,Food & Drink,24.97,Expense
2024-02-12,KFC,Food & Drink,79.97,Expense
2024-02-14,Clothes,Shopping,28.69,Expense
2022-05-14,Netflix,Entertainment,64.08,Expense
2020-09-21,Clothes,Shopping,39.78,Expense
2022-04-06,Internet,Utilities,32.01,Expense
2023-04-22,Cinema,Entertainment,87.64,Expense
2024-12-24,Clothes,Shopping,77.5,Expense
2023-02-07,Clothes,Shopping,18.0,Expense
2023-07-28,Electricity Bill,Utilities,34.71,Expense
2024-02-25,Electricity Bill,Utilities,22.59,Expense
2020-10-04,Cinema,Entertainment,140.05,Expense
2024-01-05,Starbucks,Food & Drink,67.9,Expense
2024-06-16,Electricity Bill,Utilities,130.63,Expense
2020-10-30,Cinema,Entertainment,77.27,Expense
2024-04-23,Electricity Bill,Utilities,44.23,Expense
2024-04-15,Electricity Bill,Utilities,21.26,Expense
2022-06-15,Cinema,Entertainment,41.58,Expense
2022-08-30,Internet,Utilities,39.04,Expense
2021-08-04,Electricity Bill,Utilities,47.45,Expense
2021-08-21,Clothes,Shopping,118.67,Expense
2022-10-10,McDonalds,Food & Drink,23.77,Expense
2024-04-23,Internet,Utilities,15.5,Expense
2023-08-27,KFC,Food & Drink,78.67,Expense
2020-09-22,Starbucks,Food & Drink,32.13,Expense
2022-11-24,Online Shop,Shopping,33.87,Expense
2021-09-17,Netflix,Entertainment,48.43,Expense
2024-08-11,Electricity Bill,Utilities,111.77,Expense
2020-02-20,KFC,Food & Drink,28.19,Expense
2024-06-24,Internet,Utilities,47.15,Expense
2024-10-21,McDonalds,Food & Drink,40.99,Expense
2023-08-08,Internet,Utilities,57.9,Expense
2024-04-18,Clothes,Shopping,69.0,Expense
2024-05-14,Cinema,Entertainment,26.2,Expense
2020-05-15,Netflix,Entertainment,57.16,Expense
2022-02-24,Netflix,Entertainment,76.46,Expense
2022-11-13,Cinema,Entertainment,72.42,Expense
2020-11-11,Online Shop,Shopping,8.95,Expense
2020-11-29,Online Shop,Shopping,137.13,Expense
2023-08-20,KFC,Food & Drink,87.23,Expense
2024-06-24,Online Shop,Shopping,46.37,Expense
2021-10-04,McDonalds,Food & Drink,22.76,Expense
2020-08-23,Clothes,Shopping,73.58,Expense
2023-08-08,Netflix,Entertainment,52.31,Expense
2021-06-14,KFC,Food & Drink,32.37,Expense
2020-07-11,Online Shop,Shopping,139.26,Expense
2024-01-03,Electricity Bill,Utilities,26.41,Expense
2020-10-05,KFC,Food & Drink,11.49,Expense
2021-02-08,Cinema,Entertainment,68.81,Expense
2024-04-02,McDonalds,Food & Drink,11.35,Expense
2023-08-29,Netflix,Entertainment,57.95,Expense
2022-02-17,Clothes,Shopping,36.35,Expense
2023-04-21,Netflix,Entertainment,40.5,Expense
2020-10-22,Netflix,Entertainment,38.63,Expense
2024-10-19,Electricity Bill,Utilities,59.29,Expense
2023-10-21,Internet,Utilities,142.08,Expense
2022-07-20,KFC,Food & Drink,39.53,Expense
2021-03-18,McDonalds,Food & Drink,55.61,Expense
2023-03-03,Electricity Bill,Utilities,35.48,Expense
2024-06-13,Online Shop,Shopping,20.15,Expense
2024-02-08,Clothes,Shopping,45.23,Expense
2020-01-17,Starbucks,Food & Drink,64.52,Expense
2020-10-18,Cinema,Entertainment,63.74,Expense
2022-10-13,Internet,Utilities,62.14,Expense
2021-06-08,Netflix,Entertainment,44.09,Expense
2021-08-25,Electricity Bill,Utilities,23.75,Expense
2021-05-27,McDonalds,Food & Drink,63.86,Expense
2022-05-20,Internet,Utilities,50.63,Expense
2021-05-02,Internet,Utilities,25.95,Expense
2024-03-08,Cinema,Entertainment,64.45,Expense
2024-08-28,Starbucks,Food & Drink,30.4,Expense
2020-10-10,Clothes,Shopping,22.95,Expense
2021-05-28,Internet,Utilities,22.31,Expense
2021-11-06,Internet,Utilities,47.82,Expense
2024-02-08,Starbucks,Food & Drink,21.59,Expense
2022-07-21,Internet,Utilities,14.9,Expense
2023-01-05,Cinema,Entertainment,41.16,Expense
2024-07-09,Cinema,Entertainment,63.41,Expense
2024-04-02,Starbucks,Food & Drink,78.0,Expense
2023-04-27,Online Shop,Shopping,33.28,Expense
2020-03-09,Clothes,Shopping,23.1,Expense
2023-06-08,Online Shop,Shopping,18.15,Expense
2022-11-25,Internet,Utilities,27.72,Expense
2021-12-22,Cinema,Entertainment,55.68,Expense
2020-01-15,McDonalds,Food & Drink,44.1,Expense
2024-01-23,Netflix,Entertainment,61.28,Expense
2022-06-23,Cinema,Entertainment,38.48,Expense
2021-10-23,Internet,Utilities,139.85,Expense
2023-11-04,Electricity Bill,Utilities,130.71,Expense
2020-04-14,McDonalds,Food & Drink,47.6,Expense
2022-01-04,Netflix,Entertainment,58.62,Expense
2023-12-19,KFC,Food & Drink,34.5,Expense
2022-03-31,Online Shop,Shopping,5.63,Expense
2022-10-02,KFC,Food & Drink,78.22,Expense
2021-07-11,Netflix,Entertainment,74.07,Expense
2021-09-06,KFC,Food & Drink,17.03,Expense
2024-04-27,Clothes,Shopping,24.15,Expense
2023-11-04,Internet,Utilities,23.82,Expense
2021-03-30,Online Shop,Shopping,60.77,Expense
2023-07-24,Netflix,Entertainment,79.6,Expense
2024-04-23,McDonalds,Food & Drink,75.13,Expense
2022-09-13,Clothes,Shopping,10.18,Expense
2020-06-05,Clothes,Shopping,71.23,Expense
2023-10-09,McDonalds,Food & Drink,25.41,Expense
2023-10-06,Internet,Utilities,58.4,Expense
2024-03-29,Online Shop,Shopping,14.67,Expense
2021-04-08,Cinema,Entertainment,76.96,Expense
2024-06-07,Electricity Bill,Utilities,50.07,Expense
2022-05-13,Netflix,Entertainment,16.63,Expense
2023-03-03,Online Shop,Shopping,77.83,Expense
2023-10-03,KFC,Food & Drink,47.78,Expense
2021-06-16,Cinema,Entertainment,36.38,Expense
2022-10-11,Clothes,Shopping,60.22,Expense
2022-07-05,Starbucks,Food & Drink,34.56,Expense
2020-04-15,Internet,Utilities,66.95,Expense
2022-07-28,Cinema,Entertainment,11.93,Expense
2020-03-16,Cinema,Entertainment,56.19,Expense
2023-03-30,Cinema,Entertainment,17.53,Expense
2020-10-19,Clothes,Shopping,58.72,Expense
2021-07-27,Online Shop,Shopping,64.0,Expense
2022-06-24,KFC,Food & Drink,9.53,Expense
2021-03-19,Netflix,Entertainment,61.22,Expense
2024-04-26,Electricity Bill,Utilities,11.28,Expense
2023-02-22,Starbucks,Food & Drink,61.52,Expense
2020-10-13,Electricity Bill,Utilities,23.68,Expense
2023-02-19,KFC,Food & Drink,124.45,Expense
2024-12-10,Internet,Utilities,31.62,Expense
2023-02-27,KFC,Food & Drink,42.48,Expense
2021-07-31,Electricity Bill,Utilities,111.78,Expense
2022-04-23,Starbucks,Food & Drink,97.15,Expense
2022-01-23,Internet,Utilities,64.7,Expense
2023-06-05,Internet,Utilities,49.9,Expense
2023-07-11,Clothes,Shopping,38.78,Expense
2022-01-16,Internet,Utilities,21.4,Expense
2021-12-28,Cinema,Entertainment,14.4,Expense
2023-04-27,Netflix,Entertainment,64.49,Expense
2023-06-22,Clothes,Shopping,11.4,Expense
2023-04-18,Online Shop,Shopping,77.92,Expense
2020-12-15,McDonalds,Food & Drink,62.94,Expense
2021-07-09,Cinema,Entertainment,5.29,Expense
2020-12-22,KFC,Food & Drink,5.38,Expense
2022-10-19,McDonalds,Food & Drink,18.6,Expense
2022-11-05,Clothes,Shopping,53.34,Expense
2020-05-12,Internet,Utilities,22.88,Expense
2022-02-28,Internet,Utilities,40.13,Expense
2024-11-27,Electricity Bill,Utilities,59.29,Expense
2020-12-06,McDonalds,Food & Drink,23.07,Expense
2020-08-15,Clothes,Shopping,87.47,Expense
2023-10-09,Electricity Bill,Utilities,62.36,Expense
2023-01-28,Clothes,Shopping,137.59,Expense
2021-07-23,Internet,Utilities,22.27,Expense
2021-06-28,Internet,Utilities,53.25,Expense
2020-10-06,Netflix,Entertainment,71.35,Expense
2020-03-30,Starbucks,Food & Drink,56.45,Expense
2022-12-15,Electricity Bill,Utilities,27.26,Expense
2024-02-23,Internet,Utilities,55.19,Expense
2023-04-16,Netflix,Entertainment,100.52,Expense
2020-12-26,Internet,Utilities,116.13,Expense
2023-01-22,McDonalds,Food & Drink,84.56,Expense
2024-06-21,Netflix,Entertainment,78.59,Expense
2020-10-29,Netflix,Entertainment,29.52,Expense
2024-07-21,Clothes,Shopping,85.61,Expense
2024-04-22,Starbucks,Food & Drink,71.5,Expense
2021-04-10,Netflix,Entertainment,37.37,Expense
2022-07-22,Netflix,Entertainment,33.18,Expense
2020-09-07,Netflix,Entertainment,63.52,Expense
2024-09-11,Online Shop,Shopping,42.96,Expense
2024-07-17,Internet,Utilities,40.02,Expense
2024-11-30,Cinema,Entertainment,22.74,Expense
2021-06-11,Electricity Bill,Utilities,77.96,Expense
2020-04-24,Internet,Utilities,36.37,Expense
2020-11-05,Netflix,Entertainment,36.92,Expense
2023-02-12,Cinema,Entertainment,82.77,Expense
2024-09-14,Cinema,Entertainment,75.84,Expense
2023-08-03,Netflix,Entertainment,25.85,Expense
2022-01-17,Online Shop,Shopping,40.65,Expense
2024-07-15,Starbucks,Food & Drink,40.42,Expense
2024-09-29,Internet,Utilities,49.35,Expense
2020-04-20,Electricity Bill,Utilities,53.31,Expense
2024-02-02,Electricity Bill,Utilities,10.54,Expense
2021-10-09,KFC,Food & Drink,116.31,Expense
2024-01-26,Starbucks,Food & Drink,53.97,Expense
2023-10-04,Electricity Bill,Utilities,70.76,Expense
2024-04-03,Internet,Utilities,65.5,Expense
2022-06-28,Online Shop,Shopping,40.79,Expense
2024-08-15,Online Shop,Shopping,75.08,Expense
2020-12-13,Cinema,Entertainment,33.67,Expense
2022-02-08,Internet,Utilities,79.99,Expense
2020-11-10,Starbucks,Food & Drink,78.54,Expense
2020-09-23,Online Shop,Shopping,54.76,Expense
2020-11-11,Clothes,Shopping,44.14,Expense
2023-12-09,Netflix,Entertainment,123.32,Expense
2020-05-08,Electricity Bill,Utilities,16.75,Expense
2022-08-11,Netflix,Entertainment,47.69,Expense
2023-06-12,Cinema,Entertainment,31.16,Expense
2020-08-27,Netflix,Entertainment,65.85,Expense
2024-08-04,Online Shop,Shopping,29.53,Expense
2020-08-17,Online Shop,Shopping,41.05,Expense
2024-12-24,Clothes,Shopping,78.37,Expense
2020-04-21,Online Shop,Shopping,54.71,Expense
2022-05-21,Starbucks,Food & Drink,136.42,Expense
2024-04-27,Internet,Utilities,60.97,Expense
2022-09-03,KFC,Food & Drink,140.51,Expense
2022-08-31,Netflix,Entertainment,43.72,Expense
2023-11-09,Clothes,Shopping,13.36,Expense
2020-05-23,Cinema,Entertainment,90.9,Expense
2020-04-12,Netflix,Entertainment,64.88,Expense
2023-11-14,Cinema,Entertainment,70.72,Expense
2023-10-15,Netflix,Entertainment,96.9,Expense
2023-03-11,KFC,Food & Drink,52.75,Expense
2021-05-21,Internet,Utilities,25.89,Expense
2021-02-23,Clothes,Shopping,43.78,Expense
2024-02-28,KFC,Food & Drink,29.58,Expense
2023-04-15,Cinema,Entertainment,129.84,Expense
2023-03-21,McDonalds,Food & Drink,50.36,Expense
2024-08-06,Clothes,Shopping,36.18,Expense
2020-10-08,Cinema,Entertainment,61.13,Expense
2021-12-29,Cinema,Entertainment,9.49,Expense
2022-01-05,Electricity Bill,Utilities,12.08,Expense
2023-08-12,Cinema,Entertainment,80.48,Expense
2022-03-31,Cinema,Entertainment,28.76,Expense
2021-12-17,Electricity Bill,Utilities,15.62,Expense
2020-05-24,Online Shop,Shopping,29.51,Expense
2022-09-18,Cinema,Entertainment,68.9,Expense
2023-07-13,Starbucks,Food & Drink,54.59,Expense
2024-07-24,McDonalds,Food & Drink,70.04,Expense
2021-03-14,Starbucks,Food & Drink,23.73,Expense
2022-09-02,Clothes,Shopping,71.6,Expense
2020-03-19,Online Shop,Shopping,72.51,Expense
2022-08-18,Online Shop,Shopping,13.69,Expense
2022-05-11,Netflix,Entertainment,67.14,Expense
2020-12-06,Online Shop,Shopping,30.53,Expense
2021-12-08,Online Shop,Shopping,23.22,Expense
2020-04-02,Internet,Utilities,19.24,Expense
2020-07-16,Internet,Utilities,57.12,Expense
2021-11-05,Clothes,Shopping,29.1,Expense
2020-08-03,Internet,Utilities,46.07,Expense
2024-06-06,Electricity Bill,Utilities,36.12,Expense
2020-08-16,Internet,Utilities,21.04,Expense
2020-10-13,Clothes,Shopping,50.21,Expense
2023-05-21,Electricity Bill,Utilities,24.56,Expense
2024-06-12,Online Shop,Shopping,12.55,Expense
2022-05-25,Netflix,Entertainment,74.17,Expense
2020-03-28,Internet,Utilities,41.41,Expense
2024-12-15,Netflix,Entertainment,56.53,Expense
2024-12-23,Electricity Bill,Utilities,58.89,Expense
2023-03-21,Online Shop,Shopping,56.21,Expense
2022-11-21,Starbucks,Food & Drink,28.07,Expense
2023-08-25,Netflix,Entertainment,53.87,Expense
2021-12-26,Cinema,Entertainment,53.48,Expense
2023-04-19,Netflix,Entertainment,51.6,Expense
2023-01-30,Clothes,Shopping,49.79,Expense
2024-08-10,Electricity Bill,Utilities,79.42,Expense
2021-07-08,McDonalds,Food & Drink,41.91,Expense
2021-04-06,Starbucks,Food & Drink,26.04,Expense
2022-11-15,Cinema,Entertainment,41.36,Expense
2020-01-17,Electricity Bill,Utilities,23.21,Expense
2021-02-03,Internet,Utilities,67.76,Expense
2022-03-25,KFC,Food & Drink,54.27,Expense
2020-01-07,Internet,Utilities,28.91,Expense
2024-04-08,KFC,Food & Drink,19.65,Expense
2020-09-27,Starbucks,Food & Drink,61.91,Expense
2020-12-30,Netflix,Entertainment,71.78,Expense
2020-12-27,Online Shop,Shopping,29.78,Expense
2024-11-16,Internet,Utilities,35.34,Expense
2024-09-03,Electricity Bill,Utilities,51.59,Expense
2021-11-15,Starbucks,Food & Drink,23.55,Expense
2023-01-04,Online Shop,Shopping,65.31,Expense
2021-08-23,McDonalds,Food & Drink,73.54,Expense
2023-12-31,Electricity Bill,Utilities,62.9,Expense
2021-11-24,Internet,Utilities,28.44,Expense
2021-10-25,KFC,Food & Drink,6.51,Expense
2020-12-17,Cinema,Entertainment,22.31,Expense
2020-03-09,Cinema,Entertainment,9.82,Expense
2021-08-11,KFC,Food & Drink,45.76,Expense
2023-11-26,Internet,Utilities,124.83,Expense
2021-05-15,KFC,Food & Drink,143.75,Expense
2021-08-20,Cinema,Entertainment,47.93,Expense
2022-08-20,Cinema,Entertainment,123.05,Expense
2024-01-13,KFC,Food & Drink,139.34,Expense
2023-10-23,Internet,Utilities,17.88,Expense
2024-08-03,Cinema,Entertainment,114.68,Expense
2023-06-22,McDonalds,Food & Drink,15.46,Expense
2022-02-17,McDonalds,Food & Drink,36.29,Expense
2020-10-08,Electricity Bill,Utilities,16.43,Expense
2023-01-16,KFC,Food & Drink,72.06,Expense
2023-03-06,Internet,Utilities,59.9,Expense
2023-03-19,Online Shop,Shopping,82.86,Expense
2020-09-04,Starbucks,Food & Drink,18.34,Expense
2020-02-14,Internet,Utilities,65.48,Expense
2022-03-11,Clothes,Shopping,56.16,Expense
2021-03-12,Online Shop,Shopping,44.73,Expense
2023-02-08,Netflix,Entertainment,32.36,Expense
2020-07-07,Internet,Utilities,27.38,Expense
2022-05-19,Online Shop,Shopping,44.91,Expense
2023-08-23,Online Shop,Shopping,27.47,Expense
2023-08-09,McDonalds,Food & Drink,20.31,Expense
2022-12-04,McDonalds,Food & Drink,125.04,Expense
2024-06-11,McDonalds,Food & Drink,43.77,Expense
2023-09-14,Online Shop,Shopping,13.91,Expense
2021-07-30,McDonalds,Food & Drink,34.96,Expense
2023-12-11,Internet,Utilities,6.89,Expense
2021-06-26,Cinema,Entertainment,62.94,Expense
2022-08-23,Netflix,Entertainment,79.5,Expense
2020-02-14,Electricity Bill,Utilities,60.01,Expense
2020-04-17,Electricity Bill,Utilities,77.93,Expense
2020-10-05,Online Shop,Shopping,20.8,Expense
2020-05-25,Internet,Utilities,63.36,Expense
2024-09-14,Clothes,Shopping,101.98,Expense
2024-12-03,Internet,Utilities,19.76,Expense
2020-07-10,Cinema,Entertainment,49.98,Expense
2020-02-19,Cinema,Entertainment,79.27,Expense
2021-04-10,Clothes,Shopping,61.11,Expense
2024-08-08,Internet,Utilities,67.33,Expense
2020-02-29,Netflix,Entertainment,107.93,Expense
2021-07-02,Clothes,Shopping,35.05,Expense
2022-05-31,McDonalds,Food & Drink,17.9,Expense
2020-02-20,KFC,Food & Drink,12.61,Expense
2022-02-05,Clothes,Shopping,132.74,Expense
2023-09-05,Electricity Bill,Utilities,54.84,Expense
2021-05-08,Electricity Bill,Utilities,90.3,Expense
2020-04-02,Netflix,Entertainment,50.21,Expense
2021-02-16,KFC,Food & Drink,43.12,Expense
2023-09-29,Netflix,Entertainment,62.51,Expense
2023-06-28,Starbucks,Food & Drink,18.49,Expense
2023-12-09,Netflix,Entertainment,81.17,Expense
2023-03-12,Starbucks,Food & Drink,94.63,Expense
2020-09-30,Clothes,Shopping,68.56,Expense
2020-12-22,Internet,Utilities,23.81,Expense
2021-04-13,Clothes,Shopping,73.78,Expense
2023-01-24,Cinema,Entertainment,16.3,Expense
2021-08-08,McDonalds,Food & Drink,115.29,Expense
2023-09-22,Starbucks,Food & Drink,39.28,Expense
2021-07-10,Internet,Utilities,48.0,Expense
2021-12-11,KFC,Food & Drink,81.99,Expense
2022-11-19,Netflix,Entertainment,25.15,Expense
2022-06-23,Clothes,Shopping,24.77,Expense
2023-09-21,Electricity Bill,Utilities,36.58,Expense
2024-12-21,Online Shop,Shopping,95.92,Expense
2020-08-22,Cinema,Entertainment,40.05,Expense
2021-06-22,KFC,Food & Drink,48.51,Expense
2020-06-25,Netflix,Entertainment,29.68,Expense
2022-03-21,Online Shop,Shopping,59.6,Expense
2024-03-15,Clothes,Shopping,19.61,Expense
2021-05-30,Cinema,Entertainment,131.76,Expense
2022-02-06,Netflix,Entertainment,123.58,Expense
2023-05-03,KFC,Food & Drink,76.46,Expense
2022-02-14,Netflix,Entertainment,39.48,Expense
2023-09-28,Clothes,Shopping,28.28,Expense
2023-03-24,Online Shop,Shopping,64.49,Expense
2021-09-21,Cinema,Entertainment,63.9,Expense
2021-06-05,Cinema,Entertainment,76.12,Expense
2024-03-30,Online Shop,Shopping,20.66,Expense
2022-03-03,Online Shop,Shopping,63.24,Expense
2024-04-12,Electricity Bill,Utilities,12.29,Expense
2023-08-11,Electricity Bill,Utilities,36.14,Expense
2020-08-11,Cinema,Entertainment,21.91,Expense
2023-04-16,Electricity Bill,Utilities,43.05,Expense
2022-03-04,Internet,Utilities,67.24,Expense
2020-04-19,Clothes,Shopping,69.31,Expense
2021-01-27,Electricity Bill,Utilities,12.6,Expense
2024-10-30,Online Shop,Shopping,73.4,Expense
2023-02-13,Online Shop,Shopping,24.52,Expense
2022-07-15,Netflix,Entertainment,23.43,Expense
2022-09-12,Online Shop,Shopping,51.63,Expense
2020-01-29,Internet,Utilities,30.55,Expense
2022-01-24,KFC,Food & Drink,47.2,Expense
2023-03-20,McDonalds,Food & Drink,60.99,Expense
2021-02-28,Cinema,Entertainment,70.1,Expense
2020-02-24,Starbucks,Food & Drink,30.75,Expense
2021-04-13,Online Shop,Shopping,20.75,Expense
2023-03-19,McDonalds,Food & Drink,91.24,Expense
2024-04-21,Electricity Bill,Utilities,80.59,Expense
2023-01-30,Clothes,Shopping,27.68,Expense
2021-06-30,Cinema,Entertainment,47.03,Expense
2020-12-06,McDonalds,Food & Drink,82.07,Expense
2020-02-12,Netflix,Entertainment,24.3,Expense
2021-08-24,KFC,Food & Drink,30.4,Expense
2022-08-19,Electricity Bill,Utilities,38.91,Expense
2023-07-10,Online Shop,Shopping,45.45,Expense
2021-04-02,McDonalds,Food & Drink,18.96,Expense
2021-12-07,Online Shop,Shopping,31.58,Expense
2022-08-24,Cinema,Entertainment,18.7,Expense
2023-08-04,Cinema,Entertainment,51.74,Expense
2023-09-10,Cinema,Entertainment,66.76,Expense
2021-08-25,Electricity Bill,Utilities,34.74,Expense
2020-01-05,Internet,Utilities,61.99,Expense
2021-10-30,Netflix,Entertainment,27.49,Expense
2022-08-06,KFC,Food & Drink,82.59,Expense
2024-03-23,Electricity Bill,Utilities,85.62,Expense
2020-06-04,Clothes,Shopping,27.92,Expense
2022-03-24,Clothes,Shopping,62.32,Expense
2020-12-13,Electricity Bill,Utilities,131.06,Expense
2020-06-20,Electricity Bill,Utilities,71.01,Expense
2022-09-07,Clothes,Shopping,66.54,Expense
2022-08-30,Electricity Bill,Utilities,42.0,Expense
2021-01-17,Online Shop,Shopping,75.7,Expense
2024-11-08,Cinema,Entertainment,40.33,Expense
2021-05-20,Netflix,Entertainment,7.81,Expense
2023-05-04,Clothes,Shopping,57.71,Expense
2021-05-17,Clothes,Shopping,20.38,Expense
2020-01-03,KFC,Food & Drink,14.44,Expense
2023-02-12,Netflix,Entertainment,20.78,Expense
2020-05-19,Clothes,Shopping,22.3,Expense
2024-11-02,Internet,Utilities,25.6,Expense
2024-09-11,McDonalds,Food & Drink,62.94,Expense
2023-08-05,Starbucks,Food & Drink,76.44,Expense
2023-01-03,Internet,Utilities,21.73,Expense
2024-09-23,Clothes,Shopping,9.5,Expense
2024-11-25,Starbucks,Food & Drink,39.65,Expense
2024-07-16,McDonalds,Food & Drink,74.05,Expense
2023-05-31,KFC,Food & Drink,67.57,Expense
2021-05-26,Electricity Bill,Utilities,22.63,Expense
2022-10-31,Netflix,Entertainment,43.35,Expense
2022-08-17,KFC,Food & Drink,33.8,Expense
2023-02-12,Online Shop,Shopping,115.87,Expense
2024-03-28,Starbucks,Food & Drink,49.16,Expense
2022-09-27,Electricity Bill,Utilities,12.04,Expense
2020-01-21,Internet,Utilities,24.07,Expense
2020-06-06,Electricity Bill,Utilities,101.83,Expense
2024-03-22,Clothes,Shopping,36.19,Expense
2022-11-12,Netflix,Entertainment,139.84,Expense
2021-08-17,Internet,Utilities,72.36,Expense
2022-07-31,Clothes,Shopping,69.01,Expense
2020-08-08,Clothes,Shopping,92.7,Expense
2023-10-14,Electricity Bill,Utilities,109.53,Expense
2021-03-10,KFC,Food & Drink,51.42,Expense
2020-06-22,Internet,Utilities,64.7,Expense
2024-04-24,Cinema,Entertainment,72.74,Expense
2022-04-21,Starbucks,Food & Drink,78.78,Expense
2021-04-07,Clothes,Shopping,27.86,Expense
2023-01-15,Starbucks,Food & Drink,23.14,Expense
2023-08-18,Online Shop,Shopping,72.83,Expense
2022-10-07,Electricity Bill,Utilities,15.55,Expense
2022-04-15,Clothes,Shopping,71.2,Expense
2020-01-19,Electricity Bill,Utilities,57.69,Expense
2021-12-10,McDonalds,Food & Drink,13.46,Expense
2024-09-27,Starbucks,Food & Drink,71.66,Expense
2020-02-06,Starbucks,Food & Drink,61.59,Expense
2023-01-16,Electricity Bill,Utilities,66.26,Expense
2021-03-31,Netflix,Entertainment,7.14,Expense
2021-06-07,Cinema,Entertainment,18.05,Expense
2023-12-18,Netflix,Entertainment,37.36,Expense
2024-04-10,KFC,Food & Drink,5.31,Expense
2020-04-24,Netflix,Entertainment,73.99,Expense
2020-06-09,Internet,Utilities,48.95,Expense
2020-02-13,Electricity Bill,Utilities,27.86,Expense
2022-01-12,Clothes,Shopping,13.94,Expense
2023-04-08,Cinema,Entertainment,117.01,Expense
2023-05-23,Electricity Bill,Utilities,8.33,Expense
2022-12-28,Electricity Bill,Utilities,71.11,Expense
2022-02-17,Starbucks,Food & Drink,61.08,Expense
2020-08-26,McDonalds,Food & Drink,37.13,Expense
2021-06-09,Clothes,Shopping,11.12,Expense
2024-11-17,Netflix,Entertainment,55.04,Expense
2024-05-07,Cinema,Entertainment,33.57,Expense
2022-01-18,Clothes,Shopping,78.5,Expense
2022-12-31,Netflix,Entertainment,123.53,Expense
2020-10-29,Starbucks,Food & Drink,17.21,Expense
2022-01-02,Starbucks,Food & Drink,63.65,Expense
2021-03-27,McDonalds,Food & Drink,137.83,Expense
2020-08-22,Internet,Utilities,139.65,Expense
2024-04-15,McDonalds,Food & Drink,41.83,Expense
2020-10-26,Starbucks,Food & Drink,52.49,Expense
2020-06-15,Online Shop,Shopping,36.32,Expense
2022-06-30,Electricity Bill,Utilities,46.36,Expense
2024-03-23,Internet,Utilities,110.47,Expense
2020-11-07,Clothes,Shopping,113.81,Expense
2020-05-13,Internet,Utilities,15.66,Expense
2023-08-08,Netflix,Entertainment,29.29,Expense
2022-01-27,Online Shop,Shopping,51.28,Expense
2023-04-19,Electricity Bill,Utilities,56.05,Expense
2023-11-04,Cinema,Entertainment,141.39,Expense
2021-01-06,Starbucks,Food & Drink,31.62,Expense
2021-07-30,Electricity Bill,Utilities,11.61,Expense
2020-04-24,Cinema,Entertainment,36.37,Expense
2023-09-14,Internet,Utilities,38.5,Expense
2024-12-17,Starbucks,Food & Drink,41.34,Expense
2020-07-14,Clothes,Shopping,74.95,Expense
2020-03-07,Starbucks,Food & Drink,37.97,Expense
2024-12-25,Online Shop,Shopping,59.2,Expense
2024-09-10,Clothes,Shopping,60.51,Expense
2023-08-16,Clothes,Shopping,66.52,Expense
2024-10-21,Cinema,Entertainment,14.03,Expense
2024-02-24,Cinema,Entertainment,139.43,Expense
2021-03-06,Internet,Utilities,91.14,Expense
2021-11-04,Netflix,Entertainment,36.9,Expense
2024-06-10,Starbucks,Food & Drink,15.53,Expense
2022-10-21,KFC,Food & Drink,27.57,Expense
2024-08-19,KFC,Food & Drink,66.0,Expense
2020-03-22,KFC,Food & Drink,73.9,Expense
2024-03-09,Internet,Utilities,118.63,Expense
2021-05-15,Cinema,Entertainment,121.18,Expense
2022-04-06,Clothes,Shopping,45.4,Expense
2021-06-08,Starbucks,Food & Drink,20.64,Expense
2021-09-18,Internet,Utilities,106.66,Expense
2021-09-08,KFC,Food & Drink,68.17,Expense
2024-02-19,Netflix,Entertainment,45.59,Expense
2021-09-06,Online Shop,Shopping,55.15,Expense
2023-03-14,Clothes,Shopping,41.75,Expense
2024-07-04,Netflix,Entertainment,23.49,Expense
2020-04-20,Netflix,Entertainment,20.83,Expense
2020-06-07,Electricity Bill,Utilities,25.35,Expense
2020-03-23,Electricity Bill,Utilities,32.32,Expense
2020-09-30,McDonalds,Food & Drink,60.34,Expense
2020-03-03,McDonalds,Food & Drink,55.97,Expense
2021-06-28,Electricity Bill,Utilities,34.94,Expense
2024-10-08,KFC,Food & Drink,39.93,Expense
2024-09-12,Clothes,Shopping,28.98,Expense
2023-08-17,McDonalds,Food & Drink,21.07,Expense
2022-11-30,Cinema,Entertainment,36.69,Expense
2020-11-18,Internet,Utilities,32.47,Expense
2020-08-05,Internet,Utilities,40.64,Expense
2022-06-24,Starbucks,Food & Drink,14.22,Expense
2021-10-06,Online Shop,Shopping,73.13,Expense
2020-08-31,Online Shop,Shopping,50.78,Expense
2020-02-05,KFC,Food & Drink,79.58,Expense
2020-12-14,Netflix,Entertainment,31.55,Expense
2021-03-05,Netflix,Entertainment,36.41,Expense
2022-08-10,Clothes,Shopping,68.31,Expense
2021-02-06,Electricity Bill,Utilities,96.25,Expense
2022-01-23,Electricity Bill,Utilities,106.2,Expense
2020-07-12,Electricity Bill,Utilities,78.05,Expense
2020-03-12,Electricity Bill,Utilities,70.67,Expense
2021-07-13,Netflix,Entertainment,32.01,Expense
2023-02-16,Clothes,Shopping,18.8,Expense
2020-02-20,Starbucks,Food & Drink,11.49,Expense
2023-12-26,Clothes,Shopping,67.39,Expense
2024-10-28,KFC,Food & Drink,56.13,Expense
2021-06-02,KFC,Food & Drink,69.77,Expense
2022-10-19,Internet,Utilities,61.28,Expense
2022-04-09,McDonalds,Food & Drink,54.82,Expense
2024-08-19,Electricity Bill,Utilities,50.88,Expense
2021-10-10,KFC,Food & Drink,108.2,Expense
2020-05-09,Netflix,Entertainment,115.88,Expense
2023-07-19,Online Shop,Shopping,22.35,Expense
2020-12-26,Cinema,Entertainment,98.38,Expense
2021-02-13,Netflix,Entertainment,98.8,Expense
2023-01-09,Clothes,Shopping,38.59,Expense
2024-05-31,Starbucks,Food & Drink,75.2,Expense
2021-05-27,Netflix,Entertainment,66.76,Expense
2021-11-29,Electricity Bill,Utilities,7.14,Expense
2024-03-15,Electricity Bill,Utilities,26.13,Expense
2021-01-18,McDonalds,Food & Drink,39.96,Expense
2020-10-24,Internet,Utilities,72.3,Expense
2020-06-03,Starbucks,Food & Drink,36.61,Expense
2024-08-12,McDonalds,Food & Drink,78.47,Expense
2020-03-11,Clothes,Shopping,9.09,Expense
2024-12-25,McDonalds,Food & Drink,63.99,Expense
2020-10-06,Starbucks,Food & Drink,52.76,Expense
2022-04-29,Clothes,Shopping,57.25,Expense
2022-12-13,Internet,Utilities,63.46,Expense
2023-09-09,Cinema,Entertainment,133.48,Expense
2021-10-18,Netflix,Entertainment,74.08,Expense
2023-11-04,KFC,Food & Drink,86.66,Expense
2022-08-28,Online Shop,Shopping,88.96,Expense
2020-04-03,Cinema,Entertainment,58.49,Expense
2023-08-20,Netflix,Entertainment,49.46,Expense
2020-02-19,McDonalds,Food & Drink,9.71,Expense
2020-09-18,Internet,Utilities,37.56,Expense
2020-02-03,Cinema,Entertainment,20.85,Expense
2023-07-21,Electricity Bill,Utilities,62.07,Expense
2022-11-06,Online Shop,Shopping,69.41,Expense
2022-01-25,KFC,Food & Drink,19.82,Expense
2024-08-19,Electricity Bill,Utilities,50.18,Expense
2021-10-08,KFC,Food & Drink,57.4,Expense
2021-12-08,McDonalds,Food & Drink,14.11,Expense
2022-07-06,Netflix,Entertainment,61.48,Expense
2020-10-18,Netflix,Entertainment,88.16,Expense
2022-09-07,Starbucks,Food & Drink,10.2,Expense
2021-11-15,Electricity Bill,Utilities,48.72,Expense
2021-09-21,Electricity Bill,Utilities,79.57,Expense
2024-06-13,Clothes,Shopping,12.25,Expense
2022-02-02,Clothes,Shopping,63.94,Expense
2020-10-02,Online Shop,Shopping,75.19,Expense
2020-12-03,Cinema,Entertainment,38.39,Expense
2024-09-20,Internet,Utilities,26.12,Expense
2021-05-03,Starbucks,Food & Drink,68.33,Expense
2020-02-09,Internet,Utilities,95.32,Expense
2022-06-06,Electricity Bill,Utilities,20.69,Expense
2020-01-23,Starbucks,Food & Drink,14.35,Expense
2024-01-17,McDonalds,Food & Drink,6.71,Expense
2023-07-24,Netflix,Entertainment,60.29,Expense
2022-06-23,KFC,Food & Drink,28.45,Expense
2020-08-02,Internet,Utilities,73.79,Expense
2023-04-28,Clothes,Shopping,74.53,Expense
2022-05-21,McDonalds,Food & Drink,81.18,Expense
2020-06-05,Clothes,Shopping,33.47,Expense
2023-01-06,Internet,Utilities,65.76,Expense
2024-02-23,Electricity Bill,Utilities,75.77,Expense
2022-03-05,Electricity Bill,Utilities,49.45,Expense
2022-11-20,KFC,Food & Drink,64.91,Expense
2023-05-23,Online Shop,Shopping,16.8,Expense
2022-06-22,Cinema,Entertainment,63.56,Expense
2023-09-24,Clothes,Shopping,39.72,Expense
2022-10-21,Starbucks,Food & Drink,77.14,Expense
2023-12-07,Electricity Bill,Utilities,59.52,Expense
2020-09-26,McDonalds,Food & Drink,133.26,Expense
2023-11-27,Internet,Utilities,35.67,Expense
2020-05-28,Online Shop,Shopping,30.42,Expense
2022-06-17,KFC,Food & Drink,39.09,Expense
2024-10-25,Netflix,Entertainment,47.23,Expense
2020-08-22,Starbucks,Food & Drink,103.36,Expense
2023-06-30,Electricity Bill,Utilities,51.39,Expense
2024-12-21,Netflix,Entertainment,139.72,Expense
2020-04-04,KFC,Food & Drink,95.59,Expense
2023-10-17,Online Shop,Shopping,69.16,Expense
2023-05-12,Netflix,Entertainment,56.64,Expense
2024-08-12,Internet,Utilities,11.35,Expense
2024-02-18,Cinema,Entertainment,76.12,Expense
2022-05-12,Starbucks,Food & Drink,73.27,Expense
2022-07-24,Online Shop,Shopping,94.17,Expense
2023-10-13,Internet,Utilities,21.35,Expense
2024-05-19,Electricity Bill,Utilities,54.44,Expense
2022-04-23,Netflix,Entertainment,55.03,Expense
2022-06-02,Netflix,Entertainment,10.56,Expense
2023-07-04,KFC,Food & Drink,69.71,Expense
2024-12-24,Online Shop,Shopping,34.71,Expense
2021-10-28,Electricity Bill,Utilities,30.43,Expense
2021-09-17,Netflix,Entertainment,37.16,Expense
2020-01-05,Starbucks,Food & Drink,136.09,Expense
2021-12-02,Netflix,Entertainment,57.5,Expense
2022-12-30,KFC,Food & Drink,46.41,Expense
2021-05-04,Cinema,Entertainment,70.22,Expense
2020-01-04,Electricity Bill,Utilities,76.75,Expense
2023-09-15,Online Shop,Shopping,9.67,Expense
2024-04-04,Cinema,Entertainment,63.15,Expense
2022-04-17,Clothes,Shopping,64.03,Expense
2024-05-30,Cinema,Entertainment,54.8,Expense
2024-05-27,KFC,Food & Drink,32.23,Expense
2020-11-11,Online Shop,Shopping,11.7,Expense
2023-05-13,Starbucks,Food & Drink,36.38,Expense
2022-09-27,Electricity Bill,Utilities,36.82,Expense
2020-11-15,Online Shop,Shopping,90.16,Expense
2022-05-10,Electricity Bill,Utilities,67.63,Expense
2022-08-21,Clothes,Shopping,108.84,Expense
2024-04-17,Netflix,Entertainment,39.72,Expense
2024-07-31,Electricity Bill,Utilities,74.64,Expense
2022-10-21,Electricity Bill,Utilities,67.1,Expense
2021-11-09,Online Shop,Shopping,46.03,Expense
2022-02-11,Internet,Utilities,75.62,Expense
2020-10-24,Netflix,Entertainment,135.0,Expense
2023-11-28,Clothes,Shopping,47.04,Expense
2024-12-09,Clothes,Shopping,68.54,Expense
2023-12-10,Electricity Bill,Utilities,71.73,Expense
2020-10-30,McDonalds,Food & Drink,78.16,Expense
2020-07-09,Clothes,Shopping,44.3,Expense
2022-03-24,Electricity Bill,Utilities,21.91,Expense
2023-01-27,Netflix,Entertainment,37.07,Expense
2024-01-08,Electricity Bill,Utilities,66.39,Expense
2022-12-05,KFC,Food & Drink,70.27,Expense
2024-03-07,Online Shop,Shopping,34.18,Expense
2023-09-23,Internet,Utilities,62.2,Expense
2024-10-26,KFC,Food & Drink,63.74,Expense
2020-01-02,Netflix,Entertainment,21.57,Expense
2024-05-04,Internet,Utilities,81.03,Expense
2023-12-15,KFC,Food & Drink,77.31,Expense
2020-12-28,Cinema,Entertainment,44.46,Expense
2021-08-29,Netflix,Entertainment,115.5,Expense
2020-05-29,Netflix,Entertainment,52.9,Expense
2020-11-19,McDonalds,Food & Drink,20.61,Expense
2020-08-11,KFC,Food & Drink,67.35,Expense
2024-09-14,Clothes,Shopping,109.35,Expense
2022-04-20,Starbucks,Food & Drink,39.83,Expense
2022-06-02,Internet,Utilities,63.15,Expense
2023-12-25,Internet,Utilities,16.55,Expense
2020-06-22,Clothes,Shopping,53.89,Expense
2024-12-03,Clothes,Shopping,29.76,Expense
2022-12-03,KFC,Food & Drink,93.31,Expense
2024-09-11,Electricity Bill,Utilities,21.0,Expense
2024-03-23,McDonalds,Food & Drink,109.34,Expense
2020-07-18,McDonalds,Food & Drink,73.6,Expense
2022-08-14,Starbucks,Food & Drink,103.36,Expense
2023-11-08,McDonalds,Food & Drink,16.21,Expense
2023-05-27,Netflix,Entertainment,105.3,Expense
2021-12-14,Electricity Bill,Utilities,56.6,Expense
2021-05-09,Electricity Bill,Utilities,125.51,Expense
2021-12-06,Internet,Utilities,74.93,Expense
2021-03-11,Electricity Bill,Utilities,35.38,Expense
2023-04-27,Cinema,Entertainment,75.74,Expense
2021-01-21,Internet,Utilities,22.48,Expense
2024-10-20,KFC,Food & Drink,108.65,Expense
2023-12-24,Clothes,Shopping,116.9,Expense
2022-07-07,Netflix,Entertainment,46.41,Expense
2023-10-14,Internet,Utilities,92.56,Expense
2022-05-13,Electricity Bill,Utilities,57.96,Expense
2022-05-18,Internet,Utilities,13.22,Expense
2023-09-11,Internet,Utilities,73.19,Expense
2022-04-10,Online Shop,Shopping,60.96,Expense
2022-08-05,Cinema,Entertainment,57.98,Expense
2024-07-04,Online Shop,Shopping,6.1,Expense
2020-04-18,Cinema,Entertainment,46.35,Expense
2024-08-08,Cinema,Entertainment,19.63,Expense
2024-07-28,Cinema,Entertainment,37.26,Expense
2024-04-11,Starbucks,Food & Drink,52.09,Expense
2023-08-17,Electricity Bill,Utilities,11.32,Expense
2023-10-03,KFC,Food & Drink,56.56,Expense
2020-04-09,Clothes,Shopping,79.21,Expense
2024-01-07,Internet,Utilities,139.26,Expense
2021-02-11,Internet,Utilities,48.9,Expense
2020-02-12,Internet,Utilities,70.9,Expense
2023-01-04,Online Shop,Shopping,58.1,Expense
2022-09-21,Electricity Bill,Utilities,16.55,Expense
2020-10-12,Clothes,Shopping,67.63,Expense
2023-09-18,Online Shop,Shopping,21.42,Expense
2024-07-12,Internet,Utilities,44.16,Expense
2023-12-10,KFC,Food & Drink,35.99,Expense
2020-01-03,Clothes,Shopping,27.61,Expense
2024-06-04,Starbucks,Food & Drink,43.94,Expense
2020-06-27,KFC,Food & Drink,139.34,Expense
2020-09-03,Cinema,Entertainment,64.0,Expense
2021-03-16,McDonalds,Food & Drink,69.23,Expense
2023-06-30,Electricity Bill,Utilities,58.95,Expense
2021-09-15,Clothes,Shopping,59.49,Expense
2020-02-14,Internet,Utilities,11.2,Expense
2020-06-15,McDonalds,Food & Drink,47.58,Expense
2023-07-18,Online Shop,Shopping,72.99,Expense
2021-05-19,Clothes,Shopping,20.47,Expense
2022-04-19,Clothes,Shopping,28.89,Expense
2020-02-28,Internet,Utilities,72.52,Expense
2020-10-12,Electricity Bill,Utilities,37.32,Expense
2024-12-10,Electricity Bill,Utilities,24.55,Expense
2020-01-28,Electricity Bill,Utilities,23.54,Expense
2023-06-22,Online Shop,Shopping,32.62,Expense
2024-08-09,Clothes,Shopping,73.73,Expense
2020-12-25,Online Shop,Shopping,61.02,Expense
2021-01-25,Cinema,Entertainment,27.61,Expense
2023-06-14,McDonalds,Food & Drink,54.95,Expense
2020-06-15,Netflix,Entertainment,39.42,Expense
2024-08-26,Online Shop,Shopping,8.93,Expense
2024-10-13,Online Shop,Shopping,25.07,Expense
2021-08-24,KFC,Food & Drink,74.93,Expense
2022-05-17,KFC,Food & Drink,34.9,Expense
2023-07-17,Clothes,Shopping,8.35,Expense
2021-05-29,Cinema,Entertainment,37.49,Expense
2023-11-15,Clothes,Shopping,66.7,Expense
2022-02-02,Online Shop,Shopping,44.72,Expense
2024-07-13,Clothes,Shopping,22.65,Expense
2021-08-28,Online Shop,Shopping,76.39,Expense
2021-12-17,Internet,Utilities,65.03,Expense
2023-12-09,Online Shop,Shopping,37.98,Expense
2020-04-10,Cinema,Entertainment,73.38,Expense
2023-12-26,Cinema,Entertainment,60.72,Expense
2020-02-15,Cinema,Entertainment,46.76,Expense
2021-09-25,Netflix,Entertainment,134.93,Expense
2020-04-16,Online Shop,Shopping,64.57,Expense
2024-10-17,Clothes,Shopping,66.38,Expense
2024-05-20,Online Shop,Shopping,59.41,Expense
2021-01-08,Electricity Bill,Utilities,32.34,Expense
2024-02-04,McDonalds,Food & Drink,36.42,Expense
2023-09-06,Electricity Bill,Utilities,66.99,Expense
2023-11-19,Electricity Bill,Utilities,108.13,Expense
2023-11-21,Internet,Utilities,57.91,Expense
2022-10-20,McDonalds,Food & Drink,55.19,Expense
2023-06-17,Electricity Bill,Utilities,96.36,Expense
2023-11-26,KFC,Food & Drink,83.34,Expense
2021-09-07,KFC,Food & Drink,66.55,Expense
2023-12-02,Clothes,Shopping,48.46,Expense
2022-08-02,Clothes,Shopping,27.46,Expense
2021-09-09,Internet,Utilities,63.76,Expense
2022-10-22,Electricity Bill,Utilities,101.82,Expense
2024-09-02,Cinema,Entertainment,66.76,Expense
2020-01-12,Starbucks,Food & Drink,29.71,Expense
2023-01-10,Cinema,Entertainment,32.0,Expense
2022-04-05,KFC,Food & Drink,22.9,Expense
2021-04-10,Netflix,Entertainment,89.78,Expense
2021-02-20,Internet,Utilities,74.57,Expense
2021-03-06,Electricity Bill,Utilities,66.3,Expense
2024-04-08,Clothes,Shopping,37.06,Expense
2020-12-12,Cinema,Entertainment,74.16,Expense
2024-04-02,Electricity Bill,Utilities,72.52,Expense
2020-05-27,Electricity Bill,Utilities,79.52,Expense
2021-05-24,Cinema,Entertainment,22.66,Expense
2022-02-04,Clothes,Shopping,74.94,Expense
2024-09-24,Netflix,Entertainment,75.73,Expense
2020-06-11,Electricity Bill,Utilities,75.76,Expense
2020-04-10,Internet,Utilities,71.54,Expense
2021-06-04,Online Shop,Shopping,23.72,Expense
2023-05-17,Netflix,Entertainment,7.78,Expense
2021-05-02,Electricity Bill,Utilities,40.31,Expense
2022-11-06,Electricity Bill,Utilities,125.68,Expense
2020-05-16,Electricity Bill,Utilities,90.99,Expense
2022-09-05,Cinema,Entertainment,59.77,Expense
2020-03-19,Clothes,Shopping,31.36,Expense
2022-05-08,KFC,Food & Drink,21.5,Expense
2022-05-24,Netflix,Entertainment,33.84,Expense
2023-01-15,Cinema,Entertainment,63.9,Expense
2020-11-25,Netflix,Entertainment,46.57,Expense
2020-11-16,Clothes,Shopping,49.29,Expense
2022-10-12,KFC,Food & Drink,16.15,Expense
2024-06-26,Online Shop,Shopping,64.63,Expense
2021-05-25,Online Shop,Shopping,26.28,Expense
2022-01-20,Internet,Utilities,68.82,Expense
2021-04-04,Electricity Bill,Utilities,138.3,Expense
2024-09-10,Electricity Bill,Utilities,53.66,Expense
2022-11-17,KFC,Food & Drink,70.36,Expense
2020-11-20,McDonalds,Food & Drink,34.64,Expense
2022-03-06,Electricity Bill,Utilities,124.47,Expense
2021-05-15,Online Shop,Shopping,99.93,Expense
2022-03-04,Internet,Utilities,79.1,Expense
2024-06-30,Electricity Bill,Utilities,113.27,Expense
2023-12-25,Electricity Bill,Utilities,72.87,Expense
2023-05-23,KFC,Food & Drink,7.04,Expense
2022-04-26,Internet,Utilities,10.5,Expense
2020-02-28,Cinema,Entertainment,40.97,Expense
2020-04-27,Cinema,Entertainment,60.93,Expense
2023-10-08,Cinema,Entertainment,136.35,Expense
2023-03-29,Clothes,Shopping,6.66,Expense
2022-05-13,Internet,Utilities,16.93,Expense
2023-01-02,Starbucks,Food & Drink,10.83,Expense
2022-02-26,Internet,Utilities,127.65,Expense
2021-10-29,Netflix,Entertainment,54.95,Expense
2024-09-13,Electricity Bill,Utilities,17.8,Expense
2021-04-06,KFC,Food & Drink,16.61,Expense
2021-09-27,KFC,Food & Drink,67.63,Expense
2021-01-12,Netflix,Entertainment,45.94,Expense
2024-08-07,Online Shop,Shopping,43.31,Expense
2020-11-05,Netflix,Entertainment,19.89,Expense
2022-08-10,Clothes,Shopping,10.19,Expense
2023-04-15,Internet,Utilities,85.59,Expense
2020-06-18,Online Shop,Shopping,30.73,Expense
2021-02-12,Netflix,Entertainment,47.24,Expense
2021-01-22,Cinema,Entertainment,8.5,Expense
2021-06-09,Netflix,Entertainment,7.19,Expense
2020-05-15,Internet,Utilities,34.46,Expense
2024-02-25,Electricity Bill,Utilities,110.86,Expense
2023-07-18,Internet,Utilities,12.81,Expense
2022-12-03,McDonalds,Food & Drink,137.72,Expense
2021-02-19,Cinema,Entertainment,21.34,Expense
2021-08-21,Netflix,Entertainment,20.46,Expense
2021-01-22,Clothes,Shopping,68.72,Expense
2023-03-07,Starbucks,Food & Drink,48.76,Expense
2023-06-28,KFC,Food & Drink,62.46,Expense
2024-11-02,Clothes,Shopping,66.32,Expense
2020-01-10,Online Shop,Shopping,36.96,Expense
2023-08-28,Starbucks,Food & Drink,13.56,Expense
2022-03-27,Electricity Bill,Utilities,26.06,Expense
2023-05-21,Internet,Utilities,36.78,Expense
2023-05-21,Internet,Utilities,47.78,Expense
2020-09-22,Clothes,Shopping,52.16,Expense
2021-05-13,Netflix,Entertainment,59.07,Expense
2020-04-06,Starbucks,Food & Drink,15.14,Expense
2023-11-21,Netflix,Entertainment,32.73,Expense
2023-01-07,Clothes,Shopping,108.02,Expense
2021-10-25,Internet,Utilities,56.62,Expense
2023-03-22,Starbucks,Food & Drink,22.72,Expense
2022-08-09,Electricity Bill,Utilities,43.5,Expense
2022-05-17,Clothes,Shopping,33.38,Expense
2024-05-30,Electricity Bill,Utilities,37.65,Expense
2023-01-19,Starbucks,Food & Drink,38.02,Expense
2022-12-05,KFC,Food & Drink,32.77,Expense
2022-08-21,Online Shop,Shopping,87.95,Expense
2023-11-13,Electricity Bill,Utilities,57.63,Expense
2023-10-20,Online Shop,Shopping,78.24,Expense
2024-11-29,Netflix,Entertainment,38.42,Expense
2023-09-08,Cinema,Entertainment,66.3,Expense
2020-01-10,Electricity Bill,Utilities,71.64,Expense
2022-06-05,Internet,Utilities,27.99,Expense
2021-04-06,Internet,Utilities,44.76,Expense
2021-08-29,KFC,Food & Drink,121.78,Expense
2022-04-06,KFC,Food & Drink,47.79,Expense
2022-08-27,Online Shop,Shopping,110.34,Expense
2024-10-13,Clothes,Shopping,115.04,Expense
2021-08-27,Netflix,Entertainment,13.26,Expense
2024-07-18,Cinema,Entertainment,73.2,Expense
2020-09-04,Cinema,Entertainment,40.83,Expense
2024-01-28,Cinema,Entertainment,42.65,Expense
2022-04-10,McDonalds,Food & Drink,76.21,Expense
2020-08-02,Starbucks,Food & Drink,53.51,Expense
2023-04-23,Electricity Bill,Utilities,82.68,Expense
2024-01-04,McDonalds,Food & Drink,26.19,Expense
2020-10-27,Netflix,Entertainment,52.96,Expense
2021-11-25,Clothes,Shopping,22.36,Expense
2023-01-05,Clothes,Shopping,69.62,Expense
2020-08-06,Netflix,Entertainment,43.94,Expense
2024-01-05,Electricity Bill,Utilities,32.58,Expense
2022-01-05,Electricity Bill,Utilities,44.77,Expense
2023-06-18,Clothes,Shopping,60.02,Expense
2023-10-12,Starbucks,Food & Drink,54.26,Expense
2022-07-26,KFC,Food & Drink,20.95,Expense
2023-12-09,Electricity Bill,Utilities,65.14,Expense
2021-12-17,Electricity Bill,Utilities,73.99,Expense
2022-12-07,Electricity Bill,Utilities,19.15,Expense
2021-10-03,KFC,Food & Drink,90.03,Expense
2021-02-10,McDonalds,Food & Drink,74.69,Expense
2021-12-19,Cinema,Entertainment,70.49,Expense
2021-03-20,KFC,Food & Drink,55.24,Expense
2023-01-30,Internet,Utilities,40.69,Expense
2022-02-28,Clothes,Shopping,28.35,Expense
2023-04-17,Electricity Bill,Utilities,45.1,Expense
2021-09-03,Starbucks,Food & Drink,31.85,Expense
2021-03-06,Clothes,Shopping,136.59,Expense
2022-01-09,Internet,Utilities,69.13,Expense
2020-12-29,Internet,Utilities,25.44,Expense
2022-05-18,Starbucks,Food & Drink,43.42,Expense
2023-04-12,Netflix,Entertainment,49.97,Expense
2021-04-14,Clothes,Shopping,58.69,Expense
2022-11-22,Starbucks,Food & Drink,5.92,Expense
2021-01-10,Internet,Utilities,88.27,Expense
2023-08-21,Online Shop,Shopping,55.72,Expense
2023-01-21,Electricity Bill,Utilities,120.53,Expense
2024-12-19,Cinema,Entertainment,38.56,Expense
2020-04-08,Internet,Utilities,49.46,Expense
2021-09-12,Internet,Utilities,142.85,Expense
2020-07-02,Netflix,Entertainment,76.5,Expense
2020-12-21,Cinema,Entertainment,66.4,Expense
2024-06-14,Clothes,Shopping,28.4,Expense
2022-03-20,Electricity Bill,Utilities,123.36,Expense
2021-02-27,Netflix,Entertainment,53.87,Expense
2023-09-17,Clothes,Shopping,91.12,Expense
2024-07-19,Cinema,Entertainment,60.51,Expense
2021-07-07,Clothes,Shopping,71.15,Expense
2021-05-31,Electricity Bill,Utilities,19.45,Expense
2022-04-06,Netflix,Entertainment,51.1,Expense
2024-10-17,Electricity Bill,Utilities,16.6,Expense
2020-02-03,Cinema,Entertainment,78.85,Expense
2020-10-28,Electricity Bill,Utilities,14.88,Expense
2023-09-14,Starbucks,Food & Drink,54.74,Expense
2021-08-06,Online Shop,Shopping,35.55,Expense
2023-04-30,KFC,Food & Drink,136.99,Expense
2024-08-23,Internet,Utilities,54.46,Expense
2023-02-17,Internet,Utilities,71.61,Expense
2021-09-25,Electricity Bill,Utilities,125.12,Expense
2022-10-16,Netflix,Entertainment,121.7,Expense
2022-08-30,Netflix,Entertainment,76.03,Expense
2024-03-15,KFC,Food & Drink,12.04,Expense
2024-12-28,Electricity Bill,Utilities,118.72,Expense
2023-12-17,Internet,Utilities,60.84,Expense
2023-02-21,Starbucks,Food & Drink,40.51,Expense
2020-12-28,Netflix,Entertainment,69.25,Expense
2020-12-28,Cinema,Entertainment,41.81,Expense
2024-06-25,KFC,Food & Drink,59.63,Expense
2021-08-03,Netflix,Entertainment,48.64,Expense
2023-03-28,KFC,Food & Drink,52.73,Expense
2020-05-31,McDonalds,Food & Drink,69.77,Expense
2023-08-15,Clothes,Shopping,35.43,Expense
2023-07-07,Clothes,Shopping,71.59,Expense
2023-03-22,Online Shop,Shopping,13.59,Expense
2023-07-04,McDonalds,Food & Drink,68.13,Expense
2024-03-28,Cinema,Entertainment,68.77,Expense
2024-04-24,Internet,Utilities,77.81,Expense
2023-02-17,Starbucks,Food & Drink,74.51,Expense
2021-07-06,KFC,Food & Drink,62.01,Expense
2023-02-11,Netflix,Entertainment,142.54,Expense
2024-01-08,McDonalds,Food & Drink,21.05,Expense
2022-12-31,Electricity Bill,Utilities,45.56,Expense
2024-03-07,Clothes,Shopping,26.94,Expense
2023-05-19,Electricity Bill,Utilities,64.47,Expense
2024-03-26,Netflix,Entertainment,22.41,Expense
2024-07-12,Electricity Bill,Utilities,31.9,Expense
2020-03-18,Netflix,Entertainment,54.03,Expense
2024-07-27,Starbucks,Food & Drink,142.98,Expense
2022-06-06,Cinema,Entertainment,59.29,Expense
2021-07-19,Starbucks,Food & Drink,7.21,Expense
2023-09-25,Electricity Bill,Utilities,54.17,Expense
2024-02-19,KFC,Food & Drink,34.11,Expense
2020-04-28,Starbucks,Food & Drink,15.99,Expense
2024-11-03,Netflix,Entertainment,144.45,Expense
2020-07-29,Electricity Bill,Utilities,21.05,Expense
2024-01-11,Online Shop,Shopping,13.05,Expense
2024-01-15,Internet,Utilities,64.44,Expense
2021-04-13,Clothes,Shopping,54.11,Expense
2024-05-22,Netflix,Entertainment,55.83,Expense
2021-02-28,Electricity Bill,Utilities,67.28,Expense
2023-10-11,KFC,Food & Drink,69.2,Expense
2023-10-07,Cinema,Entertainment,66.12,Expense
2021-01-12,Clothes,Shopping,74.05,Expense
2024-03-12,Cinema,Entertainment,71.77,Expense
2023-05-20,Netflix,Entertainment,86.13,Expense
2021-01-17,Cinema,Entertainment,54.55,Expense
2020-06-10,Starbucks,Food & Drink,19.99,Expense
2023-12-28,McDonalds,Food & Drink,63.42,Expense
2024-04-10,McDonalds,Food & Drink,47.75,Expense
2022-08-04,McDonalds,Food & Drink,20.89,Expense
2023-05-03,McDonalds,Food & Drink,7.6,Expense
2020-10-04,Netflix,Entertainment,95.85,Expense
2023-01-22,Netflix,Entertainment,82.19,Expense
2023-05-24,Electricity Bill,Utilities,72.34,Expense
2023-08-03,Electricity Bill,Utilities,21.32,Expense
2024-06-12,Cinema,Entertainment,69.71,Expense
2023-10-02,Clothes,Shopping,72.23,Expense
2023-04-21,Netflix,Entertainment,20.39,Expense
2023-02-09,Netflix,Entertainment,72.23,Expense
2022-07-17,Electricity Bill,Utilities,33.93,Expense
2021-06-24,Electricity Bill,Utilities,53.13,Expense
2022-01-16,Internet,Utilities,130.67,Expense
2020-03-26,Starbucks,Food & Drink,12.42,Expense
2020-11-04,Clothes,Shopping,55.58,Expense
2023-03-28,Netflix,Entertainment,62.29,Expense
2022-01-29,Online Shop,Shopping,45.14,Expense
2022-09-07,Netflix,Entertainment,65.7,Expense
2023-04-02,Electricity Bill,Utilities,32.45,Expense
2024-01-24,McDonalds,Food & Drink,38.44,Expense
2022-09-03,Internet,Utilities,65.19,Expense
2021-08-03,McDonalds,Food & Drink,78.56,Expense
2020-08-08,Internet,Utilities,67.81,Expense
2020-10-30,KFC,Food & Drink,59.73,Expense
2022-11-16,KFC,Food & Drink,42.03,Expense
2023-02-28,Internet,Utilities,47.56,Expense
2023-12-27,Cinema,Entertainment,46.17,Expense
2024-02-27,Cinema,Entertainment,46.52,Expense
2022-02-22,Electricity Bill,Utilities,29.48,Expense
2021-08-18,Online Shop,Shopping,35.53,Expense
2020-05-16,McDonalds,Food & Drink,120.22,Expense
2022-12-10,Starbucks,Food & Drink,66.59,Expense
2024-07-20,Netflix,Entertainment,74.6,Expense
2020-03-17,Cinema,Entertainment,31.01,Expense
2021-10-13,Online Shop,Shopping,59.11,Expense
2022-07-06,McDonalds,Food & Drink,43.6,Expense
2023-10-17,Online Shop,Shopping,66.27,Expense
2024-11-13,Cinema,Entertainment,57.38,Expense
2020-08-03,Electricity Bill,Utilities,74.82,Expense
2020-04-20,Starbucks,Food & Drink,71.5,Expense
2020-02-09,Cinema,Entertainment,25.76,Expense
2023-06-07,Clothes,Shopping,48.48,Expense
2023-06-22,Netflix,Entertainment,68.04,Expense
2023-08-10,Electricity Bill,Utilities,67.05,Expense
2020-03-04,Internet,Utilities,28.98,Expense
2020-10-11,Electricity Bill,Utilities,51.43,Expense
2022-11-19,Internet,Utilities,83.12,Expense
2024-03-28,Online Shop,Shopping,26.84,Expense
2022-02-21,Clothes,Shopping,74.3,Expense
2022-11-03,Internet,Utilities,39.99,Expense
2024-01-10,Starbucks,Food & Drink,79.63,Expense
2024-03-11,Cinema,Entertainment,79.13,Expense
2023-03-03,Electricity Bill,Utilities,27.85,Expense
2021-11-09,Electricity Bill,Utilities,28.65,Expense
2021-06-07,Internet,Utilities,30.8,Expense
2023-11-06,Electricity Bill,Utilities,71.57,Expense
2020-01-08,Online Shop,Shopping,5.82,Expense
2020-11-04,Internet,Utilities,36.49,Expense
2021-04-07,Online Shop,Shopping,50.1,Expense
2020-03-23,Online Shop,Shopping,44.89,Expense
2024-08-06,Starbucks,Food & Drink,21.4,Expense
2020-10-23,Clothes,Shopping,8.33,Expense
2024-02-11,Internet,Utilities,112.18,Expense
2020-03-12,Starbucks,Food & Drink,16.79,Expense
2024-08-31,Netflix,Entertainment,93.54,Expense
2020-06-09,Electricity Bill,Utilities,69.53,Expense
2020-11-26,Electricity Bill,Utilities,79.62,Expense
2024-11-02,Online Shop,Shopping,120.06,Expense
2020-02-05,Internet,Utilities,76.82,Expense
2020-12-14,Starbucks,Food & Drink,34.29,Expense
2022-06-20,Internet,Utilities,28.25,Expense
2023-01-31,Electricity Bill,Utilities,48.07,Expense
2021-11-11,KFC,Food & Drink,53.6,Expense
2020-01-03,Electricity Bill,Utilities,12.63,Expense
2021-12-17,Cinema,Entertainment,64.2,Expense
2024-07-15,Clothes,Shopping,72.41,Expense
2020-11-14,Clothes,Shopping,58.52,Expense
2020-08-11,Netflix,Entertainment,20.78,Expense
2020-06-23,Online Shop,Shopping,25.18,Expense
2023-10-02,Netflix,Entertainment,24.32,Expense
2020-11-27,Cinema,Entertainment,64.75,Expense
2024-06-19,McDonalds,Food & Drink,75.62,Expense
2020-11-23,Online Shop,Shopping,23.18,Expense
2022-04-05,Netflix,Entertainment,31.77,Expense
2023-09-27,McDonalds,Food & Drink,45.47,Expense
2023-07-25,Electricity Bill,Utilities,12.05,Expense
2020-11-02,McDonalds,Food & Drink,37.73,Expense
2020-12-23,Clothes,Shopping,39.4,Expense
2022-01-21,KFC,Food & Drink,40.56,Expense
2022-04-08,Internet,Utilities,50.03,Expense
2021-12-02,Starbucks,Food & Drink,73.25,Expense
2022-01-23,McDonalds,Food & Drink,86.61,Expense
2023-08-04,Online Shop,Shopping,12.34,Expense
2023-08-19,McDonalds,Food & Drink,56.81,Expense
2024-08-13,Electricity Bill,Utilities,53.24,Expense
2022-09-24,Internet,Utilities,33.73,Expense
2020-04-14,Electricity Bill,Utilities,8.24,Expense
2022-03-19,Cinema,Entertainment,60.3,Expense
2023-06-27,McDonalds,Food & Drink,25.46,Expense
2023-02-19,Netflix,Entertainment,89.21,Expense
2020-09-10,Online Shop,Shopping,49.77,Expense
2023-11-30,Internet,Utilities,55.01,Expense
2021-03-15,Clothes,Shopping,69.19,Expense
2022-01-30,Clothes,Shopping,40.8,Expense
2021-04-10,Online Shop,Shopping,56.61,Expense
2023-12-18,Online Shop,Shopping,23.26,Expense
2024-07-20,Starbucks,Food & Drink,47.73,Expense
2024-10-18,Clothes,Shopping,56.54,Expense
2021-08-22,KFC,Food & Drink,60.14,Expense
2021-06-12,KFC,Food & Drink,139.41,Expense
2023-03-07,Cinema,Entertainment,63.67,Expense
2020-04-16,Starbucks,Food & Drink,76.73,Expense
2022-08-08,Clothes,Shopping,62.66,Expense
2020-07-02,Netflix,Entertainment,22.49,Expense
2020-12-25,Netflix,Entertainment,77.26,Expense
2023-01-04,Electricity Bill,Utilities,7.61,Expense
2022-11-25,Starbucks,Food & Drink,68.95,Expense
2024-11-04,Electricity Bill,Utilities,18.83,Expense
2023-04-10,KFC,Food & Drink,74.83,Expense
2023-06-14,KFC,Food & Drink,53.01,Expense
2023-12-03,Electricity Bill,Utilities,20.22,Expense
2020-09-14,Cinema,Entertainment,42.07,Expense
2020-04-17,Netflix,Entertainment,20.77,Expense
2024-10-17,Internet,Utilities,57.16,Expense
2022-10-26,Cinema,Entertainment,10.3,Expense
2023-05-21,Starbucks,Food & Drink,101.44,Expense
2020-03-04,Netflix,Entertainment,59.92,Expense
2024-07-29,Online Shop,Shopping,58.73,Expense
2020-10-28,Cinema,Entertainment,60.02,Expense
2021-10-26,McDonalds,Food & Drink,74.51,Expense
2020-11-20,Cinema,Entertainment,16.95,Expense
2023-08-23,Internet,Utilities,24.42,Expense
2021-06-18,Netflix,Entertainment,35.86,Expense
2024-02-15,KFC,Food & Drink,56.35,Expense
2024-09-14,Electricity Bill,Utilities,103.4,Expense
2021-04-11,Cinema,Entertainment,142.24,Expense
2023-12-23,Cinema,Entertainment,92.13,Expense
2022-04-03,Online Shop,Shopping,54.96,Expense
2024-01-16,Electricity Bill,Utilities,51.2,Expense
2021-12-04,Online Shop,Shopping,78.75,Expense
2024-04-07,Netflix,Entertainment,110.93,Expense
2020-11-27,Internet,Utilities,37.35,Expense
2021-02-23,Starbucks,Food & Drink,12.13,Expense
2023-09-18,Online Shop,Shopping,21.04,Expense
2024-01-02,Electricity Bill,Utilities,56.68,Expense
2020-08-03,Electricity Bill,Utilities,39.84,Expense
2024-02-07,Internet,Utilities,18.64,Expense
2023-01-22,Online Shop,Shopping,91.11,Expense
2023-03-29,Clothes,Shopping,35.86,Expense
2024-05-07,KFC,Food & Drink,5.68,Expense
2023-08-05,Starbucks,Food & Drink,65.72,Expense
2021-04-21,Electricity Bill,Utilities,32.29,Expense
2022-07-24,Starbucks,Food & Drink,116.85,Expense
2024-02-21,Cinema,Entertainment,37.88,Expense
2023-11-24,Clothes,Shopping,49.14,Expense
2023-11-10,Internet,Utilities,69.79,Expense
2020-09-27,Electricity Bill,Utilities,117.42,Expense
2023-06-05,McDonalds,Food & Drink,19.8,Expense
2022-01-17,Netflix,Entertainment,69.4,Expense
2023-08-24,Online Shop,Shopping,46.7,Expense
2020-02-20,KFC,Food & Drink,37.72,Expense
2021-09-05,Online Shop,Shopping,30.97,Expense
2022-01-29,Online Shop,Shopping,78.92,Expense
2021-07-02,Internet,Utilities,76.18,Expense
2020-05-23,Netflix,Entertainment,138.92,Expense
2020-02-20,Electricity Bill,Utilities,71.11,Expense
2024-07-06,Starbucks,Food & Drink,131.28,Expense
2021-06-19,Cinema,Entertainment,137.37,Expense
2021-05-19,McDonalds,Food & Drink,74.63,Expense
2023-09-28,McDonalds,Food & Drink,47.88,Expense
2023-09-06,Internet,Utilities,62.59,Expense
2021-09-04,Online Shop,Shopping,125.85,Expense
2020-04-08,KFC,Food & Drink,8.38,Expense
2024-05-05,Online Shop,Shopping,126.62,Expense
2024-12-16,Electricity Bill,Utilities,35.24,Expense
2024-05-30,Cinema,Entertainment,36.21,Expense
2022-12-15,Clothes,Shopping,22.88,Expense
2020-04-20,Electricity Bill,Utilities,57.89,Expense
2024-12-12,Internet,Utilities,78.17,Expense
2022-03-22,Netflix,Entertainment,70.25,Expense
2020-10-22,Netflix,Entertainment,36.45,Expense
2023-10-31,Clothes,Shopping,55.71,Expense
2021-08-12,Online Shop,Shopping,57.65,Expense
2022-03-12,Clothes,Shopping,131.84,Expense
2020-12-02,Starbucks,Food & Drink,77.89,Expense
2024-12-06,Internet,Utilities,64.04,Expense
2021-05-25,Clothes,Shopping,9.34,Expense
2024-05-31,Electricity Bill,Utilities,59.22,Expense
2020-06-24,Electricity Bill,Utilities,27.15,Expense
2022-12-09,Online Shop,Shopping,78.71,Expense
2022-04-04,KFC,Food & Drink,39.88,Expense
2022-06-20,Internet,Utilities,55.08,Expense
2024-07-21,Electricity Bill,Utilities,35.99,Expense
2021-09-03,Cinema,Entertainment,30.64,Expense
2021-01-20,Internet,Utilities,47.59,Expense
2020-11-23,McDonalds,Food & Drink,65.21,Expense
2021-03-21,Netflix,Entertainment,100.94,Expense
2021-05-23,Internet,Utilities,102.98,Expense
2022-06-25,Electricity Bill,Utilities,69.88,Expense
2023-12-28,Internet,Utilities,10.26,Expense
2024-02-21,Clothes,Shopping,16.91,Expense
2024-02-08,KFC,Food & Drink,29.13,Expense
2022-05-17,Electricity Bill,Utilities,14.45,Expense
2023-10-25,Internet,Utilities,20.85,Expense
2024-06-04,Cinema,Entertainment,8.74,Expense
2024-10-03,Electricity Bill,Utilities,60.94,Expense
2021-05-20,Netflix,Entertainment,20.4,Expense
2023-01-30,Netflix,Entertainment,43.57,Expense
2022-03-30,Electricity Bill,Utilities,42.73,Expense
2024-01-22,KFC,Food & Drink,74.57,Expense
2023-09-07,Netflix,Entertainment,42.43,Expense
2020-06-15,KFC,Food & Drink,76.17,Expense
2022-05-09,Online Shop,Shopping,30.61,Expense
2024-02-11,Internet,Utilities,93.04,Expense
2021-03-19,Cinema,Entertainment,70.18,Expense
2020-10-17,Netflix,Entertainment,126.56,Expense
2024-05-13,Electricity Bill,Utilities,37.8,Expense
2023-10-19,Electricity Bill,Utilities,27.46,Expense
2023-06-24,Netflix,Entertainment,40.17,Expense
2023-11-28,KFC,Food & Drink,20.81,Expense
2022-04-06,Starbucks,Food & Drink,54.59,Expense
2024-01-11,Online Shop,Shopping,19.18,Expense
2024-10-19,Internet,Utilities,121.28,Expense
2023-03-19,Clothes,Shopping,137.03,Expense
2020-08-24,Clothes,Shopping,74.88,Expense
2020-07-11,Online Shop,Shopping,63.12,Expense
2023-03-20,Online Shop,Shopping,47.58,Expense
2024-11-19,Online Shop,Shopping,58.34,Expense
2021-03-25,Electricity Bill,Utilities,61.34,Expense
2023-04-26,McDonalds,Food & Drink,5.05,Expense
2021-05-30,Online Shop,Shopping,65.05,Expense
2023-05-25,McDonalds,Food & Drink,62.13,Expense
2023-11-25,Online Shop,Shopping,56.07,Expense
2021-11-13,Internet,Utilities,39.13,Expense
2024-09-14,Netflix,Entertainment,25.71,Expense
2024-04-28,Cinema,Entertainment,34.79,Expense
2024-02-15,Starbucks,Food & Drink,56.62,Expense
2022-08-17,Electricity Bill,Utilities,57.24,Expense
2023-05-29,Online Shop,Shopping,75.28,Expense
2022-06-16,Clothes,Shopping,14.47,Expense
2020-01-18,Internet,Utilities,131.23,Expense
2021-07-10,Clothes,Shopping,52.73,Expense
2020-10-23,Clothes,Shopping,14.76,Expense
2020-05-19,Internet,Utilities,45.64,Expense
2021-01-09,Electricity Bill,Utilities,55.12,Expense
2021-09-21,KFC,Food & Drink,49.03,Expense
2022-06-21,KFC,Food & Drink,40.59,Expense
2023-06-20,Netflix,Entertainment,79.86,Expense
2023-08-07,Electricity Bill,Utilities,57.47,Expense
2020-04-30,Netflix,Entertainment,64.81,Expense
2023-09-17,Cinema,Entertainment,76.53,Expense
2022-06-06,Online Shop,Shopping,64.48,Expense
2020-06-04,Netflix,Entertainment,14.26,Expense
2021-05-16,Clothes,Shopping,60.12,Expense
2024-01-11,McDonalds,Food & Drink,43.01,Expense
2023-11-19,McDonalds,Food & Drink,86.81,Expense
2021-09-02,Cinema,Entertainment,16.4,Expense
2023-02-11,Internet,Utilities,102.01,Expense
2023-03-31,Netflix,Entertainment,44.93,Expense
2023-11-10,McDonalds,Food & Drink,26.23,Expense
2021-06-21,KFC,Food & Drink,67.06,Expense
2021-07-18,Netflix,Entertainment,61.77,Expense
2023-12-12,Online Shop,Shopping,42.34,Expense
2023-11-08,Internet,Utilities,20.08,Expense
2024-08-05,Clothes,Shopping,19.02,Expense
2021-04-03,Clothes,Shopping,72.67,Expense
2020-05-27,Netflix,Entertainment,31.21,Expense
2020-09-12,Cinema,Entertainment,134.27,Expense
2024-09-13,Internet,Utilities,47.37,Expense
2023-07-26,KFC,Food & Drink,37.27,Expense
2022-05-12,Cinema,Entertainment,68.09,Expense
2021-04-25,Electricity Bill,Utilities,106.97,Expense
2021-11-29,Clothes,Shopping,30.46,Expense
2022-06-14,Cinema,Entertainment,60.37,Expense
2022-03-13,Clothes,Shopping,77.3,Expense
2020-05-12,Netflix,Entertainment,32.22,Expense
2021-07-05,KFC,Food & Drink,67.62,Expense
2022-06-20,Cinema,Entertainment,72.72,Expense
2024-09-15,Netflix,Entertainment,55.06,Expense
2021-10-03,Online Shop,Shopping,91.14,Expense
2024-04-06,Clothes,Shopping,32.86,Expense
2020-12-27,Cinema,Entertainment,61.99,Expense
2021-01-22,Clothes,Shopping,76.19,Expense
2023-03-30,Internet,Utilities,56.8,Expense
2021-04-04,McDonalds,Food & Drink,130.64,Expense
2024-09-02,Netflix,Entertainment,40.11,Expense
2024-12-16,Electricity Bill,Utilities,36.45,Expense
2024-07-06,KFC,Food & Drink,92.96,Expense
2024-09-04,Internet,Utilities,51.95,Expense
2024-01-28,Starbucks,Food & Drink,49.7,Expense
2021-04-30,McDonalds,Food & Drink,73.58,Expense
2021-08-13,Clothes,Shopping,54.61,Expense
2021-06-21,KFC,Food & Drink,62.09,Expense
2021-02-15,Clothes,Shopping,60.24,Expense
2020-10-28,Online Shop,Shopping,65.73,Expense
2022-07-30,Cinema,Entertainment,22.22,Expense
2020-11-20,Clothes,Shopping,26.3,Expense
2024-12-12,Internet,Utilities,13.36,Expense
2023-12-12,Clothes,Shopping,31.09,Expense
2021-08-12,Starbucks,Food & Drink,6.04,Expense
2020-08-08,Electricity Bill,Utilities,105.45,Expense
2020-08-20,Netflix,Entertainment,71.38,Expense
2020-05-08,Cinema,Entertainment,14.1,Expense
2024-04-17,Starbucks,Food & Drink,63.31,Expense
2022-02-05,Online Shop,Shopping,20.5,Expense
2024-08-28,Clothes,Shopping,68.14,Expense
2020-06-16,Netflix,Entertainment,7.01,Expense
2021-04-12,Internet,Utilities,53.46,Expense
2022-05-03,Internet,Utilities,60.61,Expense
2024-02-22,Internet,Utilities,8.62,Expense
2021-07-26,Netflix,Entertainment,77.75,Expense
2022-04-14,KFC,Food & Drink,55.54,Expense
2022-10-05,Cinema,Entertainment,22.71,Expense
2020-02-16,KFC,Food & Drink,46.85,Expense
2020-09-03,Electricity Bill,Utilities,41.39,Expense
2023-04-09,Cinema,Entertainment,139.93,Expense
2021-07-27,Electricity Bill,Utilities,62.69,Expense
2022-07-16,Internet,Utilities,83.6,Expense
2020-11-08,KFC,Food & Drink,29.14,Expense
2023-03-31,Netflix,Entertainment,60.78,Expense
2022-12-25,Clothes,Shopping,66.55,Expense
2024-02-26,KFC,Food & Drink,48.06,Expense
2023-11-04,Electricity Bill,Utilities,141.78,Expense
2024-06-16,Clothes,Shopping,36.72,Expense
2024-11-08,Cinema,Entertainment,9.68,Expense
2021-12-29,Online Shop,Shopping,71.21,Expense
2024-11-12,Starbucks,Food & Drink,73.44,Expense
2021-07-28,Starbucks,Food & Drink,55.49,Expense
2023-03-29,Cinema,Entertainment,59.27,Expense
2024-03-12,Cinema,Entertainment,12.5,Expense
2020-12-20,KFC,Food & Drink,55.94,Expense
2020-07-10,Internet,Utilities,68.65,Expense
2023-12-17,Starbucks,Food & Drink,65.44,Expense
2020-11-18,Electricity Bill,Utilities,53.62,Expense
2024-06-30,Electricity Bill,Utilities,136.91,Expense
2024-07-12,Cinema,Entertainment,61.8,Expense
2022-03-29,Online Shop,Shopping,36.55,Expense
2024-07-10,Electricity Bill,Utilities,75.9,Expense
2023-09-07,Electricity Bill,Utilities,58.19,Expense
2021-05-08,McDonalds,Food & Drink,116.81,Expense
2021-08-13,Internet,Utilities,39.0,Expense
2023-06-10,Electricity Bill,Utilities,57.49,Expense
2023-07-26,Online Shop,Shopping,19.7,Expense
2022-10-14,Internet,Utilities,46.34,Expense
2021-07-30,Internet,Utilities,5.36,Expense
2024-07-02,Cinema,Entertainment,33.26,Expense
2024-10-21,Electricity Bill,Utilities,57.75,Expense
2023-06-29,Starbucks,Food & Drink,71.56,Expense
2020-09-29,Cinema,Entertainment,50.76,Expense
2023-09-16,Clothes,Shopping,45.27,Expense
2024-04-09,Cinema,Entertainment,61.88,Expense
2024-12-26,Internet,Utilities,32.38,Expense
2024-12-09,KFC,Food & Drink,56.02,Expense
2023-01-18,Clothes,Shopping,25.74,Expense
2021-06-08,Internet,Utilities,26.18,Expense
2023-07-22,KFC,Food & Drink,134.28,Expense
2021-08-06,Cinema,Entertainment,29.18,Expense
2020-02-13,Starbucks,Food & Drink,57.39,Expense
2022-02-22,Netflix,Entertainment,46.33,Expense
2021-10-26,Clothes,Shopping,36.01,Expense
2024-05-23,Cinema,Entertainment,7.75,Expense
2023-01-06,Netflix,Entertainment,13.87,Expense
2021-05-10,Netflix,Entertainment,70.42,Expense
2020-03-13,Netflix,Entertainment,17.7,Expense
2021-08-09,Clothes,Shopping,43.92,Expense
2023-11-30,Online Shop,Shopping,11.77,Expense
2024-01-31,McDonalds,Food & Drink,57.88,Expense
2020-07-19,Cinema,Entertainment,103.22,Expense
2023-12-07,Online Shop,Shopping,42.83,Expense
2021-03-15,Electricity Bill,Utilities,33.48,Expense
2021-11-29,Electricity Bill,Utilities,43.65,Expense
2020-11-06,Electricity Bill,Utilities,62.89,Expense
2021-08-05,Online Shop,Shopping,46.54,Expense
2024-12-14,KFC,Food & Drink,64.59,Expense
2023-11-19,Internet,Utilities,121.91,Expense
2020-06-17,Netflix,Entertainment,21.78,Expense
2022-04-13,Internet,Utilities,36.06,Expense
2023-04-17,Internet,Utilities,26.47,Expense
2020-03-12,Electricity Bill,Utilities,57.89,Expense
2020-06-11,McDonalds,Food & Drink,42.6,Expense
2020-05-08,Starbucks,Food & Drink,69.38,Expense
2022-08-17,Online Shop,Shopping,41.45,Expense
2022-06-25,Netflix,Entertainment,92.79,Expense
2020-05-22,Internet,Utilities,8.13,Expense
2020-03-29,Online Shop,Shopping,131.92,Expense
2022-03-22,KFC,Food & Drink,52.87,Expense
2022-02-06,McDonalds,Food & Drink,111.41,Expense
2023-10-21,Netflix,Entertainment,98.33,Expense
2023-10-24,Cinema,Entertainment,31.38,Expense
2020-07-13,McDonalds,Food & Drink,20.55,Expense
2023-01-05,Internet,Utilities,52.66,Expense
2022-12-23,Electricity Bill,Utilities,14.95,Expense
2022-07-05,Starbucks,Food & Drink,10.81,Expense
2022-07-20,Electricity Bill,Utilities,15.02,Expense
2024-04-07,Starbucks,Food & Drink,34.58,Expense
2023-11-13,Cinema,Entertainment,30.94,Expense
2024-04-30,Online Shop,Shopping,79.54,Expense
2021-05-10,KFC,Food & Drink,60.62,Expense
2023-12-14,Internet,Utilities,41.55,Expense
2021-09-21,Internet,Utilities,14.58,Expense
2022-02-14,Starbucks,Food & Drink,15.5,Expense
2020-08-16,Electricity Bill,Utilities,66.02,Expense
2023-03-03,Internet,Utilities,60.76,Expense
2021-04-23,Online Shop,Shopping,14.52,Expense
2021-01-26,Internet,Utilities,75.57,Expense
2020-03-25,Online Shop,Shopping,34.21,Expense
2020-09-13,Internet,Utilities,48.35,Expense
2020-06-17,Online Shop,Shopping,9.5,Expense
2023-07-23,Online Shop,Shopping,99.22,Expense
2020-03-24,Cinema,Entertainment,52.3,Expense
2021-09-09,Electricity Bill,Utilities,5.68,Expense
2024-05-08,Online Shop,Shopping,65.84,Expense
2020-03-08,Clothes,Shopping,79.21,Expense
2021-07-11,Netflix,Entertainment,68.05,Expense
2021-10-06,McDonalds,Food & Drink,48.43,Expense
2021-01-15,Electricity Bill,Utilities,76.07,Expense
2023-04-08,Internet,Utilities,36.0,Expense
2020-06-04,Netflix,Entertainment,47.14,Expense
2020-07-21,KFC,Food & Drink,15.14,Expense
2021-10-31,McDonalds,Food & Drink,29.48,Expense
2022-11-07,KFC,Food & Drink,39.97,Expense
2020-05-23,Online Shop,Shopping,31.1,Expense
2020-04-28,Internet,Utilities,34.57,Expense
2023-12-24,Online Shop,Shopping,117.15,Expense
2020-12-14,Starbucks,Food & Drink,68.26,Expense
2022-08-24,Netflix,Entertainment,13.17,Expense
2021-07-30,Cinema,Entertainment,60.89,Expense
2021-02-23,McDonalds,Food & Drink,6.04,Expense
2024-06-22,Netflix,Entertainment,29.93,Expense
2020-08-29,KFC,Food & Drink,107.5,Expense
2021-03-07,Cinema,Entertainment,93.05,Expense
2024-06-14,Starbucks,Food & Drink,41.24,Expense
2022-07-07,Electricity Bill,Utilities,38.37,Expense
2021-08-20,Cinema,Entertainment,28.72,Expense
2020-02-15,Electricity Bill,Utilities,75.32,Expense
2020-11-28,Cinema,Entertainment,29.69,Expense
2022-05-17,Netflix,Entertainment,53.06,Expense
2020-12-28,Electricity Bill,Utilities,20.36,Expense
2024-03-03,Clothes,Shopping,73.8,Expense
2020-05-06,Electricity Bill,Utilities,36.96,Expense
2023-06-10,Internet,Utilities,57.64,Expense
2021-06-24,Starbucks,Food & Drink,77.93,Expense
2022-03-26,Electricity Bill,Utilities,70.9,Expense
2023-06-25,Online Shop,Shopping,113.56,Expense
2021-03-07,Netflix,Entertainment,26.5,Expense
2024-01-03,Starbucks,Food & Drink,11.69,Expense
2020-04-24,Clothes,Shopping,43.12,Expense
2023-03-12,McDonalds,Food & Drink,24.79,Expense
2020-03-07,Cinema,Entertainment,41.94,Expense
2023-08-06,KFC,Food & Drink,39.44,Expense
2021-11-25,Internet,Utilities,23.76,Expense
2022-02-28,Netflix,Entertainment,6.18,Expense
2022-01-04,Starbucks,Food & Drink,59.61,Expense
2022-04-02,Clothes,Shopping,112.32,Expense
2021-01-16,KFC,Food & Drink,58.44,Expense
2020-10-24,Online Shop,Shopping,63.29,Expense
2024-10-24,Internet,Utilities,70.28,Expense
2023-04-27,Cinema,Entertainment,69.13,Expense
2023-08-16,Cinema,Entertainment,7.89,Expense
2023-12-15,Electricity Bill,Utilities,56.38,Expense
2020-08-25,Clothes,Shopping,64.19,Expense
2023-02-02,Clothes,Shopping,15.7,Expense
2022-05-23,Electricity Bill,Utilities,56.62,Expense
2021-06-16,KFC,Food & Drink,25.72,Expense
2023-11-03,Clothes,Shopping,51.97,Expense
2023-03-28,McDonalds,Food & Drink,24.05,Expense
2024-07-18,Online Shop,Shopping,33.33,Expense
2024-05-06,Internet,Utilities,17.97,Expense
2023-10-16,Electricity Bill,Utilities,64.14,Expense
2020-03-02,KFC,Food & Drink,20.87,Expense
2020-08-24,Cinema,Entertainment,58.62,Expense
2020-05-06,Internet,Utilities,54.03,Expense
2024-08-28,Internet,Utilities,72.69,Expense
2024-11-12,McDonalds,Food & Drink,33.11,Expense
2021-11-27,KFC,Food & Drink,90.9,Expense
2024-04-27,Netflix,Entertainment,115.89,Expense
2021-05-19,Electricity Bill,Utilities,49.65,Expense
2020-07-09,Electricity Bill,Utilities,20.96,Expense
2023-11-13,Clothes,Shopping,75.68,Expense
2023-09-23,Cinema,Entertainment,22.67,Expense
2021-05-24,KFC,Food & Drink,14.53,Expense
2020-02-09,Netflix,Entertainment,123.62,Expense
2024-12-24,Clothes,Shopping,55.16,Expense
2023-08-10,Electricity Bill,Utilities,65.43,Expense
2021-07-04,Cinema,Entertainment,108.68,Expense
2020-09-08,Clothes,Shopping,42.66,Expense
2022-11-20,Cinema,Entertainment,48.42,Expense
2020-10-06,Electricity Bill,Utilities,40.52,Expense
2022-08-22,Clothes,Shopping,26.8,Expense
2020-03-30,Online Shop,Shopping,73.66,Expense
2020-07-04,Clothes,Shopping,69.91,Expense
2024-12-11,Online Shop,Shopping,56.64,Expense
2021-02-05,Cinema,Entertainment,38.71,Expense
2024-12-02,Clothes,Shopping,18.58,Expense
2024-12-21,Electricity Bill,Utilities,77.15,Expense
2021-07-13,Internet,Utilities,28.43,Expense
2024-07-23,Online Shop,Shopping,13.29,Expense
2023-08-25,Starbucks,Food & Drink,32.65,Expense
2023-06-28,KFC,Food & Drink,63.37,Expense
2024-12-22,Clothes,Shopping,142.32,Expense
2024-08-04,Internet,Utilities,34.06,Expense
2023-09-15,Netflix,Entertainment,78.61,Expense
2024-08-08,KFC,Food & Drink,29.8,Expense
2024-07-21,Clothes,Shopping,99.89,Expense
2024-07-10,Cinema,Entertainment,17.91,Expense
2022-03-21,Online Shop,Shopping,34.11,Expense
2024-08-12,Clothes,Shopping,48.42,Expense
2021-06-05,Clothes,Shopping,43.24,Expense
2024-10-26,Electricity Bill,Utilities,124.53,Expense
2021-03-05,Netflix,Entertainment,5.24,Expense
2021-02-21,KFC,Food & Drink,54.13,Expense
2020-01-03,McDonalds,Food & Drink,15.04,Expense
2020-07-07,Electricity Bill,Utilities,21.38,Expense
2024-04-23,Cinema,Entertainment,72.13,Expense
2023-08-07,Internet,Utilities,30.09,Expense
2022-06-10,Starbucks,Food & Drink,71.86,Expense
2022-09-04,Clothes,Shopping,67.27,Expense
2021-10-18,Cinema,Entertainment,22.54,Expense
2023-12-02,Cinema,Entertainment,26.22,Expense
2023-04-03,McDonalds,Food & Drink,24.35,Expense
2023-04-12,Internet,Utilities,71.37,Expense
2020-07-24,Netflix,Entertainment,61.81,Expense
2023-12-03,KFC,Food & Drink,52.37,Expense
2020-12-02,Cinema,Entertainment,25.93,Expense
2021-02-05,Clothes,Shopping,12.64,Expense
2020-08-15,Internet,Utilities,121.93,Expense
2024-03-14,Electricity Bill,Utilities,71.56,Expense
2023-11-20,Electricity Bill,Utilities,18.94,Expense
2024-06-24,Netflix,Entertainment,37.17,Expense
2020-02-27,Cinema,Entertainment,5.34,Expense
2022-06-21,Clothes,Shopping,54.58,Expense
2022-06-07,Online Shop,Shopping,64.63,Expense
2022-05-08,Online Shop,Shopping,106.76,Expense
2024-10-31,Internet,Utilities,49.73,Expense
2021-06-24,Netflix,Entertainment,77.17,Expense
2023-11-20,Cinema,Entertainment,48.75,Expense
2022-08-05,Online Shop,Shopping,25.32,Expense
2021-10-19,Clothes,Shopping,15.23,Expense
2020-01-17,KFC,Food & Drink,23.41,Expense
2023-10-24,McDonalds,Food & Drink,5.06,Expense
2022-04-07,Online Shop,Shopping,8.16,Expense
2021-11-18,Clothes,Shopping,71.01,Expense
2023-07-23,Clothes,Shopping,65.7,Expense
2023-10-04,Starbucks,Food & Drink,25.08,Expense
2022-12-19,Online Shop,Shopping,41.9,Expense
2020-04-07,McDonalds,Food & Drink,76.8,Expense
2023-01-18,Clothes,Shopping,45.44,Expense
2024-11-23,KFC,Food & Drink,97.59,Expense
2021-05-31,Netflix,Entertainment,45.61,Expense
2022-01-22,Cinema,Entertainment,80.7,Expense
2024-08-02,Netflix,Entertainment,25.09,Expense
2024-08-05,Clothes,Shopping,26.12,Expense
2024-03-15,McDonalds,Food & Drink,70.96,Expense
2022-12-23,Clothes,Shopping,56.21,Expense
2022-04-14,Cinema,Entertainment,34.24,Expense
2022-06-02,Internet,Utilities,60.86,Expense
2024-05-19,Electricity Bill,Utilities,85.43,Expense
2022-08-17,Online Shop,Shopping,78.73,Expense
2023-08-31,Internet,Utilities,27.22,Expense
2022-12-28,Internet,Utilities,76.4,Expense
2022-08-15,Netflix,Entertainment,68.75,Expense
2024-04-04,McDonalds,Food & Drink,49.04,Expense
2022-10-11,Electricity Bill,Utilities,61.29,Expense
2022-03-04,Internet,Utilities,73.09,Expense
2023-12-12,Netflix,Entertainment,48.3,Expense
2023-10-17,Starbucks,Food & Drink,15.65,Expense
2022-05-25,Clothes,Shopping,18.88,Expense
2024-01-05,McDonalds,Food & Drink,5.78,Expense
2022-08-31,Online Shop,Shopping,29.87,Expense
2021-08-18,Online Shop,Shopping,66.51,Expense
2020-05-21,Cinema,Entertainment,14.98,Expense
2023-08-17,Netflix,Entertainment,22.16,Expense
2021-06-03,Internet,Utilities,75.83,Expense
2021-10-09,Clothes,Shopping,59.71,Expense
2024-11-03,Netflix,Entertainment,38.0,Expense
2023-03-05,KFC,Food & Drink,143.56,Expense
2024-09-06,Clothes,Shopping,30.58,Expense
2020-06-20,Starbucks,Food & Drink,135.73,Expense
2021-01-10,Starbucks,Food & Drink,49.71,Expense
2023-07-13,McDonalds,Food & Drink,73.01,Expense
2024-08-07,Online Shop,Shopping,21.42,Expense
2023-05-09,Internet,Utilities,22.7,Expense
2020-10-29,Electricity Bill,Utilities,29.76,Expense
2020-12-27,McDonalds,Food & Drink,86.14,Expense
2022-07-04,Electricity Bill,Utilities,76.69,Expense
2024-03-22,Clothes,Shopping,64.41,Expense
2020-11-02,Internet,Utilities,25.49,Expense
2020-08-28,Cinema,Entertainment,73.16,Expense
2020-08-09,Cinema,Entertainment,75.58,Expense
2022-11-09,KFC,Food & Drink,36.11,Expense
2020-07-18,Netflix,Entertainment,68.47,Expense
2024-03-21,Netflix,Entertainment,40.61,Expense
2024-07-28,Starbucks,Food & Drink,58.78,Expense
2024-08-12,Online Shop,Shopping,27.19,Expense
2021-02-23,Electricity Bill,Utilities,73.17,Expense
2023-10-26,Online Shop,Shopping,74.86,Expense
2021-05-07,Electricity Bill,Utilities,20.51,Expense
2020-08-06,McDonalds,Food & Drink,52.61,Expense
2023-09-12,Netflix,Entertainment,49.38,Expense
2020-12-31,Netflix,Entertainment,33.97,Expense
2020-05-09,Online Shop,Shopping,95.3,Expense
2023-01-12,Netflix,Entertainment,25.59,Expense
2021-03-14,Netflix,Entertainment,44.29,Expense
2022-01-27,Online Shop,Shopping,41.66,Expense
2022-11-14,Starbucks,Food & Drink,20.76,Expense
2022-04-16,Electricity Bill,Utilities,36.59,Expense
2021-06-03,Clothes,Shopping,73.73,Expense
2022-06-25,Online Shop,Shopping,80.28,Expense
2021-08-16,Online Shop,Shopping,10.85,Expense
2024-10-05,Electricity Bill,Utilities,122.89,Expense
2024-05-20,Clothes,Shopping,65.96,Expense
2024-10-11,Clothes,Shopping,62.32,Expense
2021-08-13,Cinema,Entertainment,24.67,Expense
2023-09-08,Online Shop,Shopping,30.68,Expense
2021-07-09,Electricity Bill,Utilities,45.96,Expense
2022-05-24,Starbucks,Food & Drink,72.41,Expense
2024-01-05,Clothes,Shopping,10.16,Expense
2024-04-08,Online Shop,Shopping,68.35,Expense
2023-04-11,KFC,Food & Drink,40.96,Expense
2021-04-02,Cinema,Entertainment,72.24,Expense
2023-04-08,Starbucks,Food & Drink,134.68,Expense
2021-05-18,Clothes,Shopping,33.26,Expense
2024-01-19,Cinema,Entertainment,18.6,Expense
2021-08-13,KFC,Food & Drink,30.18,Expense
2024-08-05,Electricity Bill,Utilities,23.77,Expense
2022-09-04,Netflix,Entertainment,138.7,Expense
2024-03-12,McDonalds,Food & Drink,74.56,Expense
2020-03-19,Clothes,Shopping,52.14,Expense
2022-11-26,Clothes,Shopping,44.31,Expense
2022-04-15,Online Shop,Shopping,7.72,Expense
2024-06-04,McDonalds,Food & Drink,36.05,Expense
2022-11-09,Clothes,Shopping,44.56,Expense
2024-10-24,Clothes,Shopping,38.92,Expense
2023-07-27,Netflix,Entertainment,25.39,Expense
2022-02-25,Cinema,Entertainment,6.63,Expense
2022-01-13,Netflix,Entertainment,50.34,Expense
2020-03-23,KFC,Food & Drink,76.54,Expense
2022-09-19,Cinema,Entertainment,77.07,Expense
2021-10-16,McDonalds,Food & Drink,129.61,Expense
2021-01-30,Internet,Utilities,75.24,Expense
2020-07-19,Clothes,Shopping,104.38,Expense
2024-10-16,KFC,Food & Drink,59.42,Expense
2020-07-22,Cinema,Entertainment,79.91,Expense
2022-10-03,Cinema,Entertainment,49.34,Expense
2021-11-20,Netflix,Entertainment,118.34,Expense
2022-12-24,Cinema,Entertainment,110.84,Expense
2022-05-10,Clothes,Shopping,51.57,Expense
2020-02-27,Cinema,Entertainment,41.29,Expense
2021-05-17,KFC,Food & Drink,32.71,Expense
2021-10-26,Clothes,Shopping,37.88,Expense
2021-12-20,Online Shop,Shopping,47.19,Expense
2022-12-21,Online Shop,Shopping,28.43,Expense
2020-03-12,Online Shop,Shopping,44.08,Expense
2020-03-27,Cinema,Entertainment,74.38,Expense
2020-06-03,Clothes,Shopping,5.8,Expense
2024-10-19,Cinema,Entertainment,94.95,Expense
2021-09-23,Starbucks,Food & Drink,78.53,Expense
2021-05-18,Starbucks,Food & Drink,33.21,Expense
2024-07-02,Cinema,Entertainment,16.07,Expense
2024-05-10,Clothes,Shopping,62.12,Expense
2023-11-15,Online Shop,Shopping,7.1,Expense
2022-07-23,McDonalds,Food & Drink,25.38,Expense
2020-07-08,Online Shop,Shopping,57.04,Expense
2022-09-14,Electricity Bill,Utilities,67.75,Expense
2024-07-07,Online Shop,Shopping,61.38,Expense
2021-12-26,Netflix,Entertainment,25.84,Expense
2023-12-23,Online Shop,Shopping,101.13,Expense
2021-01-30,Online Shop,Shopping,34.91,Expense
2023-05-26,Clothes,Shopping,56.22,Expense
2020-04-02,Starbucks,Food & Drink,9.05,Expense
2021-06-04,Clothes,Shopping,37.84,Expense
2021-03-05,Cinema,Entertainment,37.63,Expense
2023-10-05,Online Shop,Shopping,27.03,Expense
2020-10-25,Netflix,Entertainment,46.49,Expense
2021-04-18,Cinema,Entertainment,87.67,Expense
2024-09-05,Online Shop,Shopping,68.59,Expense
2024-05-08,Internet,Utilities,51.83,Expense
2020-01-13,Netflix,Entertainment,39.0,Expense
2022-09-21,Online Shop,Shopping,63.91,Expense
2021-02-20,McDonalds,Food & Drink,31.33,Expense
2021-12-23,Cinema,Entertainment,55.42,Expense
2023-04-18,Electricity Bill,Utilities,63.6,Expense
2023-11-12,Netflix,Entertainment,103.6,Expense
2020-08-21,KFC,Food & Drink,63.31,Expense
2024-12-07,Internet,Utilities,77.25,Expense
2022-02-16,Electricity Bill,Utilities,77.23,Expense
2023-08-30,Internet,Utilities,50.58,Expense
2023-04-16,Netflix,Entertainment,128.43,Expense
2024-07-13,Electricity Bill,Utilities,102.45,Expense
2024-04-24,Netflix,Entertainment,44.5,Expense
2024-10-04,KFC,Food & Drink,56.26,Expense
2021-07-06,Online Shop,Shopping,56.93,Expense
2024-03-21,Internet,Utilities,71.61,Expense
2023-05-29,Electricity Bill,Utilities,66.77,Expense
2020-07-14,Starbucks,Food & Drink,59.57,Expense
2023-11-13,McDonalds,Food & Drink,33.96,Expense
2020-07-30,Netflix,Entertainment,43.59,Expense
2024-04-03,McDonalds,Food & Drink,27.71,Expense
2023-12-21,Starbucks,Food & Drink,5.99,Expense
2020-04-15,McDonalds,Food & Drink,36.11,Expense
2020-10-17,Starbucks,Food & Drink,136.25,Expense
2020-03-22,Netflix,Entertainment,29.47,Expense
2020-02-12,Electricity Bill,Utilities,15.21,Expense
2024-06-29,Cinema,Entertainment,48.28,Expense
2023-06-02,Internet,Utilities,11.06,Expense
2021-08-16,Starbucks,Food & Drink,73.79,Expense
2021-06-11,Internet,Utilities,10.84,Expense
2023-07-24,Internet,Utilities,32.44,Expense
2020-04-09,Clothes,Shopping,34.85,Expense
2024-11-09,Internet,Utilities,38.05,Expense
2020-05-08,McDonalds,Food & Drink,77.62,Expense
2021-02-12,Electricity Bill,Utilities,20.78,Expense
2020-02-08,Online Shop,Shopping,141.43,Expense
2021-09-18,Netflix,Entertainment,67.04,Expense
2022-09-02,Electricity Bill,Utilities,24.22,Expense
2023-08-20,Netflix,Entertainment,119.73,Expense
2021-04-14,Netflix,Entertainment,67.17,Expense
2021-01-26,Online Shop,Shopping,24.78,Expense
2021-08-24,Netflix,Entertainment,19.87,Expense
2024-12-18,KFC,Food & Drink,60.31,Expense
2023-06-23,Electricity Bill,Utilities,48.9,Expense
2024-06-05,Internet,Utilities,12.24,Expense
2023-02-27,Online Shop,Shopping,70.92,Expense
2021-11-20,Online Shop,Shopping,49.36,Expense
2020-12-26,Internet,Utilities,45.08,Expense
2024-11-12,Clothes,Shopping,10.95,Expense
2022-07-03,Clothes,Shopping,34.15,Expense
2023-05-15,KFC,Food & Drink,44.9,Expense
2024-01-22,Starbucks,Food & Drink,6.99,Expense
2022-01-16,KFC,Food & Drink,85.39,Expense
2021-12-02,Clothes,Shopping,40.96,Expense
2022-10-14,Online Shop,Shopping,38.1,Expense
2023-04-30,Clothes,Shopping,138.35,Expense
2020-07-12,Online Shop,Shopping,91.91,Expense
2023-07-04,Online Shop,Shopping,6.1,Expense
2021-05-27,Electricity Bill,Utilities,8.21,Expense
2021-02-18,Clothes,Shopping,14.67,Expense
2022-04-19,Cinema,Entertainment,51.82,Expense
2024-04-13,Starbucks,Food & Drink,107.14,Expense
2024-01-17,Cinema,Entertainment,72.12,Expense
2023-08-13,KFC,Food & Drink,60.45,Expense
2021-08-30,Online Shop,Shopping,75.54,Expense
2020-02-17,Electricity Bill,Utilities,56.61,Expense
2020-07-10,Clothes,Shopping,43.19,Expense
2020-08-19,Clothes,Shopping,37.63,Expense
2020-01-05,Clothes,Shopping,28.96,Expense
2021-11-24,Electricity Bill,Utilities,24.59,Expense
2024-07-03,Online Shop,Shopping,16.1,Expense
2024-04-02,Starbucks,Food & Drink,33.26,Expense
2023-05-08,McDonalds,Food & Drink,36.45,Expense
2021-02-07,Starbucks,Food & Drink,80.39,Expense
2021-02-27,Starbucks,Food & Drink,88.08,Expense
2022-04-17,Starbucks,Food & Drink,98.7,Expense
2022-01-15,KFC,Food & Drink,127.12,Expense
2024-07-07,McDonalds,Food & Drink,45.19,Expense
2020-01-28,McDonalds,Food & Drink,17.07,Expense
2024-03-05,KFC,Food & Drink,43.43,Expense
2021-03-20,KFC,Food & Drink,129.23,Expense
2024-05-15,McDonalds,Food & Drink,10.95,Expense
2021-01-13,Internet,Utilities,40.69,Expense
2021-05-02,Netflix,Entertainment,143.81,Expense
2022-12-02,Starbucks,Food & Drink,70.84,Expense
2020-03-02,Online Shop,Shopping,10.27,Expense
2023-01-29,Cinema,Entertainment,102.26,Expense
2023-10-05,Cinema,Entertainment,62.65,Expense
2021-03-10,Netflix,Entertainment,25.89,Expense
2024-08-12,Internet,Utilities,54.05,Expense
2023-12-31,Netflix,Entertainment,32.71,Expense
2022-09-22,Internet,Utilities,74.21,Expense
2022-01-18,Electricity Bill,Utilities,77.33,Expense
2023-05-03,Internet,Utilities,36.61,Expense
2023-11-21,Netflix,Entertainment,49.25,Expense
2021-02-10,Netflix,Entertainment,34.95,Expense
2023-06-21,Starbucks,Food & Drink,70.84,Expense
2020-03-22,Clothes,Shopping,51.8,Expense
2021-11-27,KFC,Food & Drink,25.21,Expense
2023-11-24,Clothes,Shopping,25.61,Expense
2021-07-22,Netflix,Entertainment,54.26,Expense
2022-03-15,Internet,Utilities,69.11,Expense
2024-05-08,McDonalds,Food & Drink,35.66,Expense
2021-04-14,Online Shop,Shopping,72.78,Expense
2023-08-31,Starbucks,Food & Drink,21.2,Expense
2020-03-15,Clothes,Shopping,65.23,Expense
2021-01-09,Starbucks,Food & Drink,77.13,Expense
2020-04-18,Electricity Bill,Utilities,37.18,Expense
2023-11-26,McDonalds,Food & Drink,58.55,Expense
2021-08-21,McDonalds,Food & Drink,113.65,Expense
2023-01-21,Cinema,Entertainment,63.77,Expense
2024-05-28,Cinema,Entertainment,51.47,Expense
2023-12-19,Online Shop,Shopping,34.49,Expense
2024-10-25,Netflix,Entertainment,63.39,Expense
2021-12-19,Netflix,Entertainment,68.4,Expense
2021-12-14,Online Shop,Shopping,72.8,Expense
2021-03-09,Clothes,Shopping,15.34,Expense
2021-10-09,KFC,Food & Drink,32.54,Expense
2022-05-24,Cinema,Entertainment,70.64,Expense
2022-04-28,Starbucks,Food & Drink,27.73,Expense
2023-06-05,KFC,Food & Drink,10.2,Expense
2020-11-19,McDonalds,Food & Drink,76.17,Expense
2023-09-07,KFC,Food & Drink,6.69,Expense
2020-01-04,Electricity Bill,Utilities,144.71,Expense
2020-09-03,Cinema,Entertainment,72.61,Expense
2020-12-24,Electricity Bill,Utilities,36.17,Expense
2023-01-09,Netflix,Entertainment,63.18,Expense
2024-11-08,Internet,Utilities,46.96,Expense
2024-04-15,Clothes,Shopping,62.32,Expense
2022-09-20,Electricity Bill,Utilities,78.24,Expense
2022-04-10,Online Shop,Shopping,135.72,Expense
2020-06-22,Electricity Bill,Utilities,52.29,Expense
2023-08-16,Internet,Utilities,25.99,Expense
2023-12-18,Cinema,Entertainment,65.33,Expense
2023-06-19,Clothes,Shopping,70.54,Expense
2021-05-17,Netflix,Entertainment,9.94,Expense
2024-01-16,Cinema,Entertainment,76.85,Expense
2024-04-15,Starbucks,Food & Drink,47.01,Expense
2023-09-28,McDonalds,Food & Drink,10.25,Expense
2020-01-11,Clothes,Shopping,127.76,Expense
2023-01-17,Netflix,Entertainment,16.65,Expense
2023-08-09,Internet,Utilities,39.17,Expense
2024-02-08,Clothes,Shopping,40.68,Expense
2020-09-23,KFC,Food & Drink,54.12,Expense
2023-01-20,Starbucks,Food & Drink,39.35,Expense
2020-06-10,Starbucks,Food & Drink,63.28,Expense
2020-08-26,Cinema,Entertainment,55.74,Expense
2020-05-21,KFC,Food & Drink,77.42,Expense
2020-12-09,Electricity Bill,Utilities,56.57,Expense
2023-03-17,Online Shop,Shopping,22.32,Expense
2020-04-18,Starbucks,Food & Drink,124.24,Expense
2023-12-25,Cinema,Entertainment,24.87,Expense
2020-11-13,Cinema,Entertainment,78.74,Expense
2023-08-11,Online Shop,Shopping,24.82,Expense
2024-07-24,Internet,Utilities,57.62,Expense
2023-01-04,Clothes,Shopping,22.29,Expense
2023-04-16,McDonalds,Food & Drink,34.02,Expense
2020-03-27,Starbucks,Food & Drink,52.34,Expense
2022-04-15,Clothes,Shopping,79.25,Expense
2021-12-20,Starbucks,Food & Drink,26.87,Expense
2022-07-28,Netflix,Entertainment,76.1,Expense
2020-04-23,Electricity Bill,Utilities,63.62,Expense
2022-09-10,Cinema,Entertainment,128.52,Expense
2021-08-19,McDonalds,Food & Drink,38.92,Expense
2024-05-02,Netflix,Entertainment,74.16,Expense
2023-10-05,Starbucks,Food & Drink,24.87,Expense
2022-04-29,Cinema,Entertainment,15.24,Expense
2020-12-14,Electricity Bill,Utilities,6.18,Expense
2022-04-09,Internet,Utilities,37.86,Expense
2024-09-24,Clothes,Shopping,51.71,Expense
2020-10-02,Starbucks,Food & Drink,53.98,Expense
2020-11-13,Netflix,Entertainment,71.04,Expense
2020-02-05,Netflix,Entertainment,11.54,Expense
2022-02-08,Internet,Utilities,31.05,Expense
2022-11-17,Starbucks,Food & Drink,21.46,Expense
2020-01-12,KFC,Food & Drink,98.09,Expense
2021-02-12,Clothes,Shopping,57.53,Expense
2021-06-30,Clothes,Shopping,5.63,Expense
2024-06-02,Clothes,Shopping,120.38,Expense
2023-01-22,Starbucks,Food & Drink,128.01,Expense
2024-07-03,Online Shop,Shopping,68.85,Expense
2020-06-16,Netflix,Entertainment,53.31,Expense
2022-08-15,Electricity Bill,Utilities,6.78,Expense
2020-09-21,Clothes,Shopping,53.3,Expense
2021-10-11,Internet,Utilities,7.3,Expense
2020-08-18,Internet,Utilities,78.86,Expense
2021-01-25,Clothes,Shopping,48.88,Expense
2023-05-16,Internet,Utilities,73.77,Expense
2020-06-20,Electricity Bill,Utilities,87.47,Expense
2023-01-29,Netflix,Entertainment,84.42,Expense
2022-08-26,Electricity Bill,Utilities,23.77,Expense
2020-12-12,Electricity Bill,Utilities,138.69,Expense
2024-11-06,Cinema,Entertainment,57.81,Expense
2024-03-03,Starbucks,Food & Drink,124.68,Expense
2021-04-27,McDonalds,Food & Drink,72.1,Expense
2022-05-22,Electricity Bill,Utilities,80.12,Expense
2021-01-07,Netflix,Entertainment,12.74,Expense
2021-11-15,Online Shop,Shopping,69.97,Expense
2024-01-26,McDonalds,Food & Drink,68.58,Expense
2024-12-02,KFC,Food & Drink,61.79,Expense
2020-03-28,KFC,Food & Drink,115.15,Expense
2021-09-19,Online Shop,Shopping,123.69,Expense
2023-07-05,Clothes,Shopping,40.93,Expense
2024-10-12,Online Shop,Shopping,59.71,Expense
2020-09-19,Cinema,Entertainment,80.57,Expense
2021-10-09,Cinema,Entertainment,54.33,Expense
2023-08-18,Internet,Utilities,67.21,Expense
2022-03-02,Clothes,Shopping,11.3,Expense
2024-01-07,Starbucks,Food & Drink,113.05,Expense
2023-06-05,Electricity Bill,Utilities,28.68,Expense
2024-12-06,Cinema,Entertainment,57.1,Expense
2022-07-24,Internet,Utilities,104.45,Expense
2022-06-28,Cinema,Entertainment,53.17,Expense
2024-05-13,Cinema,Entertainment,25.69,Expense
2023-11-02,Online Shop,Shopping,40.36,Expense
2021-03-11,Starbucks,Food & Drink,5.92,Expense
2020-12-16,Cinema,Entertainment,43.34,Expense
2024-01-03,Online Shop,Shopping,7.14,Expense
2020-11-24,Starbucks,Food & Drink,24.62,Expense
2021-09-11,Starbucks,Food & Drink,41.32,Expense
2023-10-03,Starbucks,Food & Drink,61.53,Expense
2023-04-20,Electricity Bill,Utilities,28.56,Expense
2021-04-23,Electricity Bill,Utilities,34.09,Expense
2020-06-08,McDonalds,Food & Drink,28.43,Expense
2021-10-17,McDonalds,Food & Drink,41.5,Expense
2022-05-05,Netflix,Entertainment,39.16,Expense
2022-09-13,Cinema,Entertainment,71.53,Expense
2022-04-23,KFC,Food & Drink,36.02,Expense
2020-04-02,Electricity Bill,Utilities,49.69,Expense
2020-11-20,KFC,Food & Drink,49.07,Expense
2024-08-17,KFC,Food & Drink,124.65,Expense
2020-05-16,Internet,Utilities,109.23,Expense
2021-04-30,McDonalds,Food & Drink,41.02,Expense
2022-05-07,Electricity Bill,Utilities,116.63,Expense
2022-10-09,McDonalds,Food & Drink,34.51,Expense
2023-11-21,Internet,Utilities,28.93,Expense
2021-04-05,Cinema,Entertainment,17.52,Expense
2024-04-27,Netflix,Entertainment,25.86,Expense
2024-05-11,Cinema,Entertainment,65.42,Expense
2023-10-13,KFC,Food & Drink,52.69,Expense
2022-03-25,Online Shop,Shopping,60.78,Expense
2022-09-10,Online Shop,Shopping,116.15,Expense
2020-06-21,Cinema,Entertainment,75.09,Expense
2023-12-03,Netflix,Entertainment,121.4,Expense
2021-07-29,Electricity Bill,Utilities,33.11,Expense
2020-05-04,Online Shop,Shopping,37.22,Expense
2020-08-17,McDonalds,Food & Drink,35.57,Expense
2020-04-09,Online Shop,Shopping,38.26,Expense
2024-12-28,KFC,Food & Drink,95.51,Expense
2020-03-24,McDonalds,Food & Drink,39.58,Expense
2023-10-07,Electricity Bill,Utilities,109.72,Expense
2020-09-19,Clothes,Shopping,79.98,Expense
2021-05-19,Internet,Utilities,46.21,Expense
2022-02-22,Internet,Utilities,43.82,Expense
2024-11-10,KFC,Food & Drink,100.73,Expense
2023-04-13,Netflix,Entertainment,68.1,Expense
2021-03-09,Electricity Bill,Utilities,34.24,Expense
2020-01-19,Internet,Utilities,110.15,Expense
2024-11-15,Netflix,Entertainment,15.33,Expense
2023-10-20,Starbucks,Food & Drink,71.13,Expense
2021-10-17,McDonalds,Food & Drink,32.48,Expense
2022-05-31,Online Shop,Shopping,61.07,Expense
2023-06-13,Online Shop,Shopping,42.22,Expense
2021-09-10,Electricity Bill,Utilities,21.68,Expense
2024-03-29,Electricity Bill,Utilities,73.71,Expense
2020-07-05,Netflix,Entertainment,48.65,Expense
2023-09-13,Electricity Bill,Utilities,46.22,Expense
2022-01-16,Online Shop,Shopping,98.25,Expense
2024-03-29,Electricity Bill,Utilities,54.47,Expense
2022-09-24,Starbucks,Food & Drink,78.8,Expense
2020-03-20,Clothes,Shopping,15.98,Expense
2021-08-14,Clothes,Shopping,66.29,Expense
2024-11-12,Electricity Bill,Utilities,36.39,Expense
2021-08-14,Starbucks,Food & Drink,89.18,Expense
2023-05-10,Online Shop,Shopping,21.5,Expense
2021-04-21,Clothes,Shopping,23.68,Expense
2024-06-19,Online Shop,Shopping,48.9,Expense
2021-03-12,Online Shop,Shopping,33.58,Expense
2021-03-13,Internet,Utilities,69.88,Expense
2022-10-08,Starbucks,Food & Drink,43.63,Expense
2020-04-07,Starbucks,Food & Drink,72.86,Expense
2024-08-11,KFC,Food & Drink,104.85,Expense
2021-08-14,Internet,Utilities,82.84,Expense
2023-06-25,Netflix,Entertainment,126.69,Expense
2023-10-02,Electricity Bill,Utilities,6.58,Expense
2022-08-16,KFC,Food & Drink,10.02,Expense
2022-04-24,Electricity Bill,Utilities,95.0,Expense
2021-09-05,KFC,Food & Drink,48.2,Expense
2023-04-10,Netflix,Entertainment,75.55,Expense
2020-07-16,Internet,Utilities,71.96,Expense
2022-07-30,KFC,Food & Drink,76.61,Expense
2020-07-07,Online Shop,Shopping,31.36,Expense
2024-12-21,Online Shop,Shopping,61.35,Expense
2024-03-24,Electricity Bill,Utilities,88.58,Expense
2021-06-26,Clothes,Shopping,125.14,Expense
2024-06-17,McDonalds,Food & Drink,50.16,Expense
2020-10-12,Netflix,Entertainment,34.62,Expense
2020-10-24,Clothes,Shopping,138.81,Expense
2023-03-30,Clothes,Shopping,8.11,Expense
2021-11-03,Internet,Utilities,52.98,Expense
2023-10-17,Internet,Utilities,28.68,Expense
2021-12-26,Internet,Utilities,36.93,Expense
2023-12-10,Cinema,Entertainment,88.78,Expense
2020-09-05,Online Shop,Shopping,21.83,Expense
2022-09-28,Starbucks,Food & Drink,74.95,Expense
2024-07-21,Netflix,Entertainment,53.36,Expense
2023-10-07,KFC,Food & Drink,39.29,Expense
2024-08-20,Clothes,Shopping,66.07,Expense
2023-12-25,Clothes,Shopping,46.95,Expense
2021-05-05,Netflix,Entertainment,71.86,Expense
2020-09-11,Starbucks,Food & Drink,33.75,Expense
2022-07-08,Clothes,Shopping,57.4,Expense
2024-02-09,Online Shop,Shopping,8.77,Expense
2024-10-09,Online Shop,Shopping,38.63,Expense
2020-02-20,Online Shop,Shopping,27.66,Expense
2020-08-23,Cinema,Entertainment,123.11,Expense
2024-12-05,KFC,Food & Drink,24.73,Expense
2022-03-15,Online Shop,Shopping,31.32,Expense
2021-01-14,Electricity Bill,Utilities,37.89,Expense
2023-10-08,McDonalds,Food & Drink,124.17,Expense
2022-09-30,Internet,Utilities,10.19,Expense
2024-10-04,Online Shop,Shopping,28.79,Expense
2022-09-26,KFC,Food & Drink,70.14,Expense
2020-04-11,Clothes,Shopping,56.42,Expense
2023-11-30,Electricity Bill,Utilities,56.43,Expense
2022-12-16,Cinema,Entertainment,37.07,Expense
2024-06-10,Internet,Utilities,68.41,Expense
2023-11-26,Starbucks,Food & Drink,99.58,Expense
2022-04-07,Online Shop,Shopping,27.73,Expense
2024-10-22,McDonalds,Food & Drink,51.39,Expense
2024-04-07,Netflix,Entertainment,118.76,Expense
2020-07-18,Cinema,Entertainment,119.27,Expense
2023-09-07,Netflix,Entertainment,39.5,Expense
2024-06-29,Electricity Bill,Utilities,42.12,Expense
2023-12-15,Online Shop,Shopping,70.64,Expense
2020-06-05,Clothes,Shopping,12.09,Expense
2024-10-15,Cinema,Entertainment,32.49,Expense
2022-06-21,Clothes,Shopping,18.94,Expense
2020-10-16,Online Shop,Shopping,15.91,Expense
2024-10-31,Electricity Bill,Utilities,56.73,Expense
2023-03-21,Clothes,Shopping,43.94,Expense
2021-06-15,Internet,Utilities,43.19,Expense
2020-01-15,Clothes,Shopping,36.76,Expense
2020-09-10,Netflix,Entertainment,78.07,Expense
2023-04-17,Electricity Bill,Utilities,45.25,Expense
2020-11-24,Electricity Bill,Utilities,16.15,Expense
2023-06-20,KFC,Food & Drink,38.39,Expense
2020-08-06,KFC,Food & Drink,30.87,Expense
2021-07-23,Starbucks,Food & Drink,56.07,Expense
2023-12-27,Clothes,Shopping,6.15,Expense
2021-02-02,Netflix,Entertainment,17.68,Expense
2023-04-28,Electricity Bill,Utilities,17.85,Expense
2021-02-12,McDonalds,Food & Drink,61.75,Expense
2023-08-13,KFC,Food & Drink,95.23,Expense
2023-12-21,Netflix,Entertainment,73.31,Expense
2020-09-26,Electricity Bill,Utilities,62.55,Expense
2021-03-30,Clothes,Shopping,42.63,Expense
2024-12-18,Online Shop,Shopping,77.62,Expense
2023-12-31,Online Shop,Shopping,71.66,Expense
2023-10-05,McDonalds,Food & Drink,49.88,Expense
2022-03-31,Clothes,Shopping,30.7,Expense
2023-01-10,Online Shop,Shopping,49.58,Expense
2022-05-26,Netflix,Entertainment,20.18,Expense
2021-09-02,Electricity Bill,Utilities,77.63,Expense
2020-09-22,Electricity Bill,Utilities,17.04,Expense
2024-03-05,Cinema,Entertainment,42.68,Expense
2020-10-30,Online Shop,Shopping,12.77,Expense
2021-09-27,Cinema,Entertainment,45.74,Expense
2024-02-07,Internet,Utilities,71.58,Expense
2023-11-28,Cinema,Entertainment,66.85,Expense
2020-10-02,Internet,Utilities,9.19,Expense
2022-06-18,Clothes,Shopping,44.65,Expense
2020-10-08,Clothes,Shopping,29.7,Expense
2021-09-24,Netflix,Entertainment,16.86,Expense
2023-08-09,Electricity Bill,Utilities,37.82,Expense
2021-08-20,Starbucks,Food & Drink,45.37,Expense
2024-03-13,McDonalds,Food & Drink,36.46,Expense
2022-03-07,Internet,Utilities,28.09,Expense
2022-05-19,Netflix,Entertainment,59.06,Expense
2023-11-24,Internet,Utilities,62.56,Expense
2022-01-09,Cinema,Entertainment,45.49,Expense
2023-08-06,Cinema,Entertainment,119.11,Expense
2022-03-05,Netflix,Entertainment,111.51,Expense
2023-12-29,Cinema,Entertainment,24.88,Expense
2022-08-15,Netflix,Entertainment,43.19,Expense
2021-11-13,Netflix,Entertainment,96.89,Expense
2021-04-14,Online Shop,Shopping,27.01,Expense
2020-03-07,Internet,Utilities,116.53,Expense
2024-05-04,Electricity Bill,Utilities,78.39,Expense
2021-08-17,Starbucks,Food & Drink,77.99,Expense
2021-03-16,Netflix,Entertainment,37.88,Expense
2022-10-26,Starbucks,Food & Drink,46.41,Expense
2022-08-20,Cinema,Entertainment,59.78,Expense
2021-05-18,Cinema,Entertainment,47.37,Expense
2021-07-02,Starbucks,Food & Drink,52.03,Expense
2022-02-20,Clothes,Shopping,121.39,Expense
2022-09-14,Online Shop,Shopping,69.03,Expense
2021-04-08,Internet,Utilities,21.7,Expense
2020-08-28,Netflix,Entertainment,22.11,Expense
2022-06-05,Clothes,Shopping,140.1,Expense
2022-12-05,Electricity Bill,Utilities,32.14,Expense
2023-07-10,KFC,Food & Drink,34.03,Expense
2022-08-23,Netflix,Entertainment,52.1,Expense
2021-10-07,KFC,Food & Drink,63.92,Expense
2022-09-15,Cinema,Entertainment,44.03,Expense
2024-01-08,Clothes,Shopping,14.5,Expense
2021-10-25,Cinema,Entertainment,65.62,Expense
2023-10-18,Clothes,Shopping,38.93,Expense
2024-02-07,Online Shop,Shopping,17.5,Expense
2021-08-21,Netflix,Entertainment,67.13,Expense
2023-05-05,Cinema,Entertainment,76.43,Expense
2024-05-22,Internet,Utilities,58.58,Expense
2020-10-28,Online Shop,Shopping,34.95,Expense
2020-08-04,Internet,Utilities,61.71,Expense
2021-05-03,Electricity Bill,Utilities,39.39,Expense
2023-01-28,Cinema,Entertainment,90.78,Expense
2021-02-24,Internet,Utilities,6.78,Expense
2024-05-27,McDonalds,Food & Drink,55.72,Expense
2023-04-17,McDonalds,Food & Drink,43.0,Expense
2020-12-22,Cinema,Entertainment,22.87,Expense
2023-08-04,Cinema,Entertainment,35.58,Expense
2020-03-11,Netflix,Entertainment,54.77,Expense
2021-12-02,Internet,Utilities,13.85,Expense
2022-04-09,Cinema,Entertainment,63.32,Expense
2024-10-30,Online Shop,Shopping,70.82,Expense
2021-05-21,Internet,Utilities,57.43,Expense
2022-10-07,Clothes,Shopping,56.26,Expense
2020-02-16,Netflix,Entertainment,131.25,Expense
2023-04-28,Netflix,Entertainment,8.37,Expense
2021-07-27,Online Shop,Shopping,45.66,Expense
2021-11-02,Netflix,Entertainment,52.55,Expense
2021-09-24,Netflix,Entertainment,47.75,Expense
2022-05-29,Online Shop,Shopping,104.78,Expense
2021-02-07,Electricity Bill,Utilities,62.47,Expense
2020-01-07,KFC,Food & Drink,31.15,Expense
2022-08-05,Clothes,Shopping,5.89,Expense
2021-04-29,Clothes,Shopping,5.88,Expense
2024-11-06,Cinema,Entertainment,38.62,Expense
2022-11-17,Netflix,Entertainment,51.91,Expense
2023-08-26,Electricity Bill,Utilities,101.2,Expense
2023-02-27,Electricity Bill,Utilities,77.27,Expense
2023-01-03,Netflix,Entertainment,58.54,Expense
2021-02-26,McDonalds,Food & Drink,34.17,Expense
2021-11-18,Cinema,Entertainment,27.65,Expense
2024-10-24,KFC,Food & Drink,43.36,Expense
2023-07-20,McDonalds,Food & Drink,30.99,Expense
2021-05-07,Cinema,Entertainment,13.03,Expense
2022-06-16,Netflix,Entertainment,20.59,Expense
2023-06-23,Internet,Utilities,63.9,Expense
2023-02-14,Starbucks,Food & Drink,19.48,Expense
2024-02-25,Clothes,Shopping,48.84,Expense
2024-08-18,Online Shop,Shopping,54.05,Expense
2021-11-23,Netflix,Entertainment,49.08,Expense
2024-05-03,Clothes,Shopping,50.52,Expense
2024-05-03,Netflix,Entertainment,42.96,Expense
2021-09-10,KFC,Food & Drink,35.18,Expense
2022-06-12,Electricity Bill,Utilities,40.3,Expense
2024-09-22,Online Shop,Shopping,40.11,Expense
2024-06-02,Cinema,Entertainment,60.97,Expense
2022-09-19,Netflix,Entertainment,7.68,Expense
2021-08-19,Netflix,Entertainment,56.38,Expense
2023-08-04,Clothes,Shopping,7.17,Expense
2024-03-20,Netflix,Entertainment,57.29,Expense
2023-07-03,Online Shop,Shopping,70.48,Expense
2020-05-26,Cinema,Entertainment,25.15,Expense
2024-09-16,KFC,Food & Drink,10.85,Expense
2024-09-28,Cinema,Entertainment,30.78,Expense
2020-09-27,KFC,Food & Drink,132.05,Expense
2024-11-07,Online Shop,Shopping,57.42,Expense
2021-10-22,Starbucks,Food & Drink,75.53,Expense
2022-07-21,Electricity Bill,Utilities,31.05,Expense
2020-02-22,Cinema,Entertainment,79.28,Expense
2022-03-18,Internet,Utilities,77.7,Expense
2020-04-19,Starbucks,Food & Drink,65.35,Expense
2022-07-13,Clothes,Shopping,26.9,Expense
2023-12-17,Internet,Utilities,102.86,Expense
2020-11-22,Electricity Bill,Utilities,115.05,Expense
2022-12-22,Online Shop,Shopping,49.55,Expense
2022-07-15,Electricity Bill,Utilities,31.77,Expense
2020-12-16,Cinema,Entertainment,38.62,Expense
2021-12-21,Internet,Utilities,71.86,Expense
2020-08-24,Internet,Utilities,51.56,Expense
2020-12-02,Clothes,Shopping,68.09,Expense
2022-03-04,Electricity Bill,Utilities,21.72,Expense
2024-05-10,Online Shop,Shopping,46.57,Expense
2020-09-04,Electricity Bill,Utilities,75.56,Expense
2020-07-07,Internet,Utilities,23.56,Expense
2024-03-04,Netflix,Entertainment,12.94,Expense
2021-11-23,Internet,Utilities,51.0,Expense
2023-04-20,Cinema,Entertainment,77.75,Expense
2022-10-24,Cinema,Entertainment,24.38,Expense
2021-12-04,Online Shop,Shopping,41.45,Expense
2022-09-14,Clothes,Shopping,47.29,Expense
2020-04-14,Cinema,Entertainment,36.19,Expense
2021-03-15,Netflix,Entertainment,27.04,Expense
2021-09-22,Netflix,Entertainment,71.0,Expense
2023-11-15,Clothes,Shopping,37.58,Expense
2020-01-25,Online Shop,Shopping,92.91,Expense
2023-03-10,Clothes,Shopping,29.08,Expense
2024-11-07,Internet,Utilities,46.41,Expense
2024-04-04,McDonalds,Food & Drink,48.39,Expense
2024-07-02,Online Shop,Shopping,44.72,Expense
2023-04-16,Internet,Utilities,74.24,Expense
2020-11-13,Clothes,Shopping,41.55,Expense
2024-07-04,McDonalds,Food & Drink,22.72,Expense
2023-11-25,Internet,Utilities,119.68,Expense
2020-04-28,Clothes,Shopping,49.63,Expense
2020-04-28,Netflix,Entertainment,21.43,Expense
2024-10-19,Cinema,Entertainment,140.77,Expense
2021-09-03,Internet,Utilities,34.2,Expense
2024-02-18,Online Shop,Shopping,82.12,Expense
2020-11-29,Electricity Bill,Utilities,74.88,Expense
2022-11-07,Netflix,Entertainment,31.19,Expense
2020-09-06,Electricity Bill,Utilities,111.45,Expense
2021-12-19,Internet,Utilities,112.64,Expense
2020-06-20,Cinema,Entertainment,88.41,Expense
2020-11-26,Cinema,Entertainment,22.34,Expense
2024-01-30,KFC,Food & Drink,28.15,Expense
2023-11-03,KFC,Food & Drink,39.63,Expense
2021-09-03,Starbucks,Food & Drink,57.95,Expense
2022-12-20,Netflix,Entertainment,21.92,Expense
2020-11-13,Internet,Utilities,72.63,Expense
2022-09-10,KFC,Food & Drink,40.61,Expense
2021-06-18,Clothes,Shopping,73.96,Expense
2021-05-31,Cinema,Entertainment,12.26,Expense
2023-01-08,Starbucks,Food & Drink,42.08,Expense
2023-07-31,Cinema,Entertainment,39.29,Expense
2020-07-16,Electricity Bill,Utilities,60.38,Expense
2020-01-25,Clothes,Shopping,67.35,Expense
2020-10-21,Netflix,Entertainment,66.48,Expense
2023-11-08,Starbucks,Food & Drink,6.91,Expense
2020-09-02,Cinema,Entertainment,9.94,Expense
2020-12-31,McDonalds,Food & Drink,73.93,Expense
2023-04-11,Online Shop,Shopping,61.06,Expense
2022-03-03,Starbucks,Food & Drink,48.81,Expense
2024-07-28,Cinema,Entertainment,140.01,Expense
2020-12-15,Clothes,Shopping,13.78,Expense
2024-06-20,McDonalds,Food & Drink,51.3,Expense
2020-03-28,Netflix,Entertainment,90.02,Expense
2024-07-23,Online Shop,Shopping,78.33,Expense
2021-07-22,McDonalds,Food & Drink,25.86,Expense
2024-01-18,Online Shop,Shopping,59.77,Expense
2022-12-27,Starbucks,Food & Drink,64.06,Expense
2023-04-07,KFC,Food & Drink,16.68,Expense
2021-10-29,Online Shop,Shopping,37.65,Expense
2023-08-14,Electricity Bill,Utilities,13.3,Expense
2020-01-06,McDonalds,Food & Drink,41.04,Expense
2020-08-23,Electricity Bill,Utilities,68.98,Expense
2020-11-11,Internet,Utilities,77.67,Expense
2022-04-16,Electricity Bill,Utilities,36.69,Expense
2022-05-10,McDonalds,Food & Drink,65.21,Expense
2023-03-05,Internet,Utilities,46.36,Expense
2021-11-21,Clothes,Shopping,63.35,Expense
2020-06-08,KFC,Food & Drink,31.9,Expense
2023-08-21,McDonalds,Food & Drink,16.18,Expense
2024-12-19,Clothes,Shopping,71.18,Expense
2023-05-15,Clothes,Shopping,66.46,Expense
2021-07-06,Clothes,Shopping,64.68,Expense
2022-11-09,Online Shop,Shopping,15.59,Expense
2024-09-19,Starbucks,Food & Drink,47.63,Expense
2022-06-16,McDonalds,Food & Drink,30.65,Expense
2020-05-26,Internet,Utilities,20.31,Expense
2022-11-19,Clothes,Shopping,93.15,Expense
2020-03-24,Starbucks,Food & Drink,22.85,Expense
2024-04-19,Electricity Bill,Utilities,74.28,Expense
2024-01-31,Electricity Bill,Utilities,70.1,Expense
2024-09-24,Online Shop,Shopping,60.02,Expense
2022-10-31,Netflix,Entertainment,24.1,Expense
2021-12-15,Internet,Utilities,30.71,Expense
2024-03-14,Cinema,Entertainment,70.49,Expense
2021-07-13,Internet,Utilities,24.85,Expense
2021-11-29,Netflix,Entertainment,16.89,Expense
2022-10-07,Cinema,Entertainment,68.77,Expense
2023-11-17,Internet,Utilities,26.73,Expense
2020-06-14,KFC,Food & Drink,96.47,Expense
2020-06-06,KFC,Food & Drink,35.2,Expense
2024-05-10,Starbucks,Food & Drink,18.41,Expense
2021-06-26,Online Shop,Shopping,85.12,Expense
2023-03-12,Starbucks,Food & Drink,79.76,Expense
2021-03-31,McDonalds,Food & Drink,16.27,Expense
2023-04-11,KFC,Food & Drink,7.71,Expense
2021-05-24,Starbucks,Food & Drink,62.26,Expense
2022-12-17,Electricity Bill,Utilities,61.27,Expense
2022-07-29,Internet,Utilities,18.26,Expense
2021-02-24,Starbucks,Food & Drink,30.25,Expense
2022-09-17,Electricity Bill,Utilities,32.46,Expense
2022-02-21,Starbucks,Food & Drink,9.11,Expense
2023-10-19,Netflix,Entertainment,41.15,Expense
2020-10-23,Clothes,Shopping,63.78,Expense
2024-11-19,Starbucks,Food & Drink,68.73,Expense
2021-08-30,Electricity Bill,Utilities,69.11,Expense
2024-08-08,McDonalds,Food & Drink,35.49,Expense
2023-08-25,Netflix,Entertainment,22.99,Expense
2020-06-25,Internet,Utilities,37.15,Expense
2023-02-20,Online Shop,Shopping,69.64,Expense
2024-12-18,Netflix,Entertainment,66.57,Expense
2020-01-07,Internet,Utilities,8.49,Expense
2023-01-20,Internet,Utilities,42.91,Expense
2021-02-04,Cinema,Entertainment,6.0,Expense
2021-05-15,Netflix,Entertainment,111.08,Expense
2020-07-17,Electricity Bill,Utilities,23.91,Expense
2020-10-14,McDonalds,Food & Drink,36.5,Expense
2022-09-16,Starbucks,Food & Drink,76.3,Expense
2021-12-10,Online Shop,Shopping,65.52,Expense
2023-01-18,Netflix,Entertainment,53.83,Expense
2021-04-11,Cinema,Entertainment,106.18,Expense
2023-06-21,Electricity Bill,Utilities,65.82,Expense
2023-07-05,Online Shop,Shopping,28.36,Expense
2022-08-08,Netflix,Entertainment,26.77,Expense
2022-09-25,Electricity Bill,Utilities,95.13,Expense
2024-12-13,KFC,Food & Drink,65.07,Expense
2024-11-11,Online Shop,Shopping,52.02,Expense
2024-02-06,Starbucks,Food & Drink,18.15,Expense
2022-05-06,Clothes,Shopping,48.89,Expense
2024-04-06,Internet,Utilities,128.06,Expense
2021-05-30,Clothes,Shopping,46.81,Expense
2024-08-24,Internet,Utilities,22.73,Expense
2022-11-18,Clothes,Shopping,39.55,Expense
2024-10-27,Cinema,Entertainment,30.22,Expense
2021-03-06,Netflix,Entertainment,93.42,Expense
2022-03-12,Internet,Utilities,78.91,Expense
2022-03-27,Online Shop,Shopping,102.27,Expense
2023-01-25,Electricity Bill,Utilities,77.63,Expense
2022-02-18,Netflix,Entertainment,76.54,Expense
2021-03-15,Cinema,Entertainment,50.34,Expense
2020-09-22,Clothes,Shopping,46.17,Expense
2022-12-17,Clothes,Shopping,21.27,Expense
2022-04-15,Cinema,Entertainment,66.21,Expense
2022-06-07,KFC,Food & Drink,8.95,Expense
2022-12-31,Clothes,Shopping,63.11,Expense
2023-05-16,Clothes,Shopping,44.5,Expense
2022-03-26,Internet,Utilities,89.84,Expense
2020-07-06,Clothes,Shopping,59.35,Expense
2021-03-09,Starbucks,Food & Drink,48.31,Expense
2024-11-27,McDonalds,Food & Drink,54.52,Expense
2022-12-09,McDonalds,Food & Drink,49.89,Expense
2023-06-28,McDonalds,Food & Drink,44.41,Expense
2020-08-09,Starbucks,Food & Drink,106.91,Expense
2024-09-22,Online Shop,Shopping,78.76,Expense
2020-10-17,Electricity Bill,Utilities,104.5,Expense
2021-02-21,Cinema,Entertainment,102.6,Expense
2021-10-23,Cinema,Entertainment,44.52,Expense
2020-04-07,Clothes,Shopping,68.17,Expense
2022-06-25,Online Shop,Shopping,21.36,Expense
2020-07-06,Netflix,Entertainment,44.74,Expense
2022-03-27,Online Shop,Shopping,48.65,Expense
2023-03-04,KFC,Food & Drink,71.18,Expense
2021-12-22,Online Shop,Shopping,21.36,Expense
2020-05-16,McDonalds,Food & Drink,76.67,Expense
2022-06-14,Cinema,Entertainment,64.58,Expense
2021-06-07,KFC,Food & Drink,16.72,Expense
2023-07-03,Cinema,Entertainment,51.82,Expense
2021-08-26,Clothes,Shopping,72.75,Expense
2020-07-27,Netflix,Entertainment,42.45,Expense
2020-12-04,Online Shop,Shopping,68.55,Expense
2021-08-26,Online Shop,Shopping,20.81,Expense
2020-04-26,McDonalds,Food & Drink,90.92,Expense
2022-04-03,Netflix,Entertainment,37.89,Expense
2022-11-22,Clothes,Shopping,59.85,Expense
2023-03-18,McDonalds,Food & Drink,61.79,Expense
2023-08-07,Clothes,Shopping,26.26,Expense
2023-08-29,Netflix,Entertainment,35.24,Expense
2022-02-22,McDonalds,Food & Drink,29.96,Expense
2021-06-05,Internet,Utilities,44.24,Expense
2020-11-19,Internet,Utilities,28.32,Expense
2020-03-28,Electricity Bill,Utilities,130.11,Expense
2022-02-11,Starbucks,Food & Drink,54.2,Expense
2020-03-20,Cinema,Entertainment,27.38,Expense
2021-08-20,KFC,Food & Drink,73.49,Expense
2021-06-29,McDonalds,Food & Drink,64.71,Expense
2023-03-16,Clothes,Shopping,30.47,Expense
2024-03-29,Electricity Bill,Utilities,7.43,Expense
2024-03-23,Electricity Bill,Utilities,44.89,Expense
2024-08-04,Netflix,Entertainment,20.17,Expense
2021-06-15,Netflix,Entertainment,56.65,Expense
2020-09-13,Cinema,Entertainment,33.58,Expense
2021-07-30,Clothes,Shopping,25.55,Expense
2023-07-18,Electricity Bill,Utilities,24.71,Expense
2023-04-12,McDonalds,Food & Drink,58.17,Expense
2020-10-23,McDonalds,Food & Drink,25.99,Expense
2023-12-29,Online Shop,Shopping,42.55,Expense
2024-06-27,Internet,Utilities,10.93,Expense
2021-10-08,Internet,Utilities,52.7,Expense
2021-04-22,KFC,Food & Drink,18.96,Expense
2024-05-15,Online Shop,Shopping,73.91,Expense
2024-10-19,Online Shop,Shopping,144.02,Expense
2023-07-11,Starbucks,Food & Drink,36.72,Expense
2020-06-20,Netflix,Entertainment,91.29,Expense
2023-04-16,KFC,Food & Drink,112.07,Expense
2024-07-31,Internet,Utilities,69.48,Expense
2023-01-31,Online Shop,Shopping,41.4,Expense
2023-09-27,Netflix,Entertainment,64.45,Expense
2023-11-17,Internet,Utilities,18.71,Expense
2022-08-14,Clothes,Shopping,24.04,Expense
2023-11-14,Electricity Bill,Utilities,74.51,Expense
2023-06-04,Cinema,Entertainment,133.47,Expense
2023-03-26,McDonalds,Food & Drink,65.81,Expense
2021-07-13,Starbucks,Food & Drink,14.6,Expense
2022-04-22,Electricity Bill,Utilities,55.48,Expense
2021-02-21,Internet,Utilities,118.03,Expense
2020-10-06,Cinema,Entertainment,55.39,Expense
2023-12-05,Starbucks,Food & Drink,60.41,Expense
2021-05-17,Online Shop,Shopping,67.76,Expense
2020-02-02,Internet,Utilities,105.85,Expense
2022-06-07,Online Shop,Shopping,19.12,Expense
2021-06-12,Netflix,Entertainment,30.41,Expense
2024-09-04,KFC,Food & Drink,26.63,Expense
2021-06-02,McDonalds,Food & Drink,40.17,Expense
2024-10-31,Online Shop,Shopping,65.15,Expense
2021-07-02,Clothes,Shopping,66.34,Expense
2020-05-16,Clothes,Shopping,50.7,Expense
2023-02-27,Netflix,Entertainment,74.12,Expense
2023-07-25,Online Shop,Shopping,52.8,Expense
2023-10-30,Starbucks,Food & Drink,28.02,Expense
2020-01-26,Electricity Bill,Utilities,31.2,Expense
2024-03-08,Starbucks,Food & Drink,77.22,Expense
2022-08-16,Electricity Bill,Utilities,49.73,Expense
2023-09-22,Cinema,Entertainment,28.75,Expense
2024-01-05,Clothes,Shopping,29.83,Expense
2020-04-24,Clothes,Shopping,68.49,Expense
2022-11-22,McDonalds,Food & Drink,70.68,Expense
2021-11-15,Online Shop,Shopping,56.07,Expense
2021-03-04,Starbucks,Food & Drink,49.81,Expense
2023-03-10,KFC,Food & Drink,51.2,Expense
2023-04-13,Internet,Utilities,33.02,Expense
2022-05-09,KFC,Food & Drink,5.39,Expense
2023-12-24,Netflix,Entertainment,59.33,Expense
2024-01-17,Electricity Bill,Utilities,43.53,Expense
2021-01-19,Internet,Utilities,78.74,Expense
2021-10-12,Cinema,Entertainment,49.97,Expense
2021-02-25,KFC,Food & Drink,49.62,Expense
2020-08-05,Online Shop,Shopping,17.41,Expense
2023-11-24,Cinema,Entertainment,35.86,Expense
2024-07-06,Electricity Bill,Utilities,85.3,Expense
2023-05-12,McDonalds,Food & Drink,53.83,Expense
2024-07-07,McDonalds,Food & Drink,58.57,Expense
2023-04-18,Netflix,Entertainment,15.17,Expense
2024-12-27,Starbucks,Food & Drink,40.97,Expense
2020-05-07,Clothes,Shopping,28.25,Expense
2023-06-14,Clothes,Shopping,59.52,Expense
2023-07-24,Starbucks,Food & Drink,25.51,Expense
2020-07-09,Electricity Bill,Utilities,29.42,Expense
2022-08-19,Internet,Utilities,32.25,Expense
2023-10-31,Starbucks,Food & Drink,32.44,Expense
2020-10-27,Internet,Utilities,15.43,Expense
2023-12-13,Starbucks,Food & Drink,22.69,Expense
2022-10-27,Internet,Utilities,24.34,Expense
2024-11-05,Starbucks,Food & Drink,77.45,Expense
2022-05-04,Cinema,Entertainment,63.76,Expense
2020-08-23,Clothes,Shopping,59.51,Expense
2024-07-31,Cinema,Entertainment,25.69,Expense
2024-10-04,Cinema,Entertainment,54.86,Expense
2021-06-21,Internet,Utilities,25.62,Expense
2021-01-07,Cinema,Entertainment,21.53,Expense
2024-02-02,Netflix,Entertainment,25.31,Expense
2023-01-03,McDonalds,Food & Drink,34.82,Expense
2021-07-10,Online Shop,Shopping,121.52,Expense
2020-08-30,Electricity Bill,Utilities,99.99,Expense
2023-04-12,Clothes,Shopping,28.29,Expense
2022-06-12,Online Shop,Shopping,90.5,Expense
2021-09-18,Starbucks,Food & Drink,119.61,Expense
2022-05-08,Online Shop,Shopping,124.74,Expense
2024-04-23,Online Shop,Shopping,53.52,Expense
2024-07-30,Starbucks,Food & Drink,41.58,Expense
2023-07-24,McDonalds,Food & Drink,25.41,Expense
2024-05-20,KFC,Food & Drink,71.82,Expense
2024-05-08,Internet,Utilities,57.03,Expense
2020-09-29,McDonalds,Food & Drink,79.75,Expense
2022-09-22,Netflix,Entertainment,60.63,Expense
2021-11-21,Online Shop,Shopping,101.02,Expense
2022-08-11,Online Shop,Shopping,54.71,Expense
2024-02-20,Internet,Utilities,62.92,Expense
2024-02-12,Internet,Utilities,11.45,Expense
2022-08-28,Starbucks,Food & Drink,38.81,Expense
2020-06-14,Clothes,Shopping,76.07,Expense
2021-01-07,Online Shop,Shopping,20.44,Expense
2023-04-18,Cinema,Entertainment,75.22,Expense
2021-04-29,Internet,Utilities,51.55,Expense
2020-01-28,Cinema,Entertainment,12.9,Expense
2022-09-15,Starbucks,Food & Drink,21.07,Expense
2022-08-06,Netflix,Entertainment,112.65,Expense
2021-05-20,Clothes,Shopping,77.89,Expense
2022-09-04,Netflix,Entertainment,136.8,Expense
2023-09-14,Electricity Bill,Utilities,9.64,Expense
2020-05-09,Cinema,Entertainment,128.42,Expense
2024-11-16,Clothes,Shopping,126.15,Expense
2021-06-25,Internet,Utilities,51.83,Expense
2020-01-16,Netflix,Entertainment,69.61,Expense
2022-10-21,Cinema,Entertainment,5.39,Expense
2021-06-04,Netflix,Entertainment,64.24,Expense
2024-01-04,Electricity Bill,Utilities,28.39,Expense
2020-09-23,Starbucks,Food & Drink,45.2,Expense
2021-10-26,Internet,Utilities,19.77,Expense
2021-08-31,Electricity Bill,Utilities,59.76,Expense
2021-02-28,Online Shop,Shopping,134.44,Expense
2023-04-05,Internet,Utilities,73.58,Expense
2023-03-18,Online Shop,Shopping,60.37,Expense
2024-12-04,KFC,Food & Drink,60.49,Expense
2024-09-04,Electricity Bill,Utilities,57.08,Expense
2020-01-24,Clothes,Shopping,37.17,Expense
2022-07-31,Electricity Bill,Utilities,100.76,Expense
2022-08-17,Cinema,Entertainment,78.92,Expense
2020-05-20,Starbucks,Food & Drink,73.85,Expense
2023-05-11,Electricity Bill,Utilities,46.98,Expense
2021-06-30,Online Shop,Shopping,43.45,Expense
2024-01-28,Online Shop,Shopping,102.49,Expense
2020-08-06,Starbucks,Food & Drink,69.19,Expense
2024-04-25,KFC,Food & Drink,38.13,Expense
2024-10-25,Cinema,Entertainment,19.68,Expense
2023-09-28,McDonalds,Food & Drink,35.08,Expense
2023-04-21,Online Shop,Shopping,67.77,Expense
2024-02-29,Online Shop,Shopping,6.48,Expense
2021-10-20,KFC,Food & Drink,27.02,Expense
2020-01-21,Cinema,Entertainment,78.01,Expense
2022-12-07,Clothes,Shopping,78.27,Expense
2020-04-30,Electricity Bill,Utilities,72.02,Expense
2020-05-24,Cinema,Entertainment,58.19,Expense
2020-01-27,Clothes,Shopping,45.92,Expense
2024-03-24,Online Shop,Shopping,36.85,Expense
2020-10-27,Electricity Bill,Utilities,61.37,Expense
2020-11-04,Electricity Bill,Utilities,54.53,Expense
2021-09-28,Cinema,Entertainment,29.48,Expense
2021-07-28,Starbucks,Food & Drink,52.57,Expense
2024-12-03,KFC,Food & Drink,16.06,Expense
2023-08-13,McDonalds,Food & Drink,24.17,Expense
2021-12-03,Electricity Bill,Utilities,54.28,Expense
2020-05-19,McDonalds,Food & Drink,21.23,Expense
2021-10-15,McDonalds,Food & Drink,40.81,Expense
2024-04-04,Clothes,Shopping,47.39,Expense
2021-08-14,Online Shop,Shopping,127.51,Expense
2024-10-05,Electricity Bill,Utilities,96.91,Expense
2023-02-08,Electricity Bill,Utilities,14.2,Expense
2021-10-13,Cinema,Entertainment,60.4,Expense
2020-12-21,Cinema,Entertainment,57.33,Expense
2022-03-12,Starbucks,Food & Drink,27.15,Expense
2021-07-26,Online Shop,Shopping,76.93,Expense
2024-10-03,Cinema,Entertainment,13.78,Expense
2024-01-16,Electricity Bill,Utilities,24.55,Expense
2023-10-28,Netflix,Entertainment,62.44,Expense
2021-11-23,Clothes,Shopping,36.02,Expense
2023-08-16,Clothes,Shopping,5.47,Expense
2021-09-28,Internet,Utilities,59.23,Expense
2024-01-24,KFC,Food & Drink,45.57,Expense
2024-05-12,Netflix,Entertainment,31.65,Expense
2021-12-16,Starbucks,Food & Drink,11.88,Expense
2024-06-22,Online Shop,Shopping,38.56,Expense
2022-11-04,Electricity Bill,Utilities,5.18,Expense
2023-08-20,Internet,Utilities,82.84,Expense
2021-06-20,Internet,Utilities,125.23,Expense
2022-08-09,KFC,Food & Drink,70.2,Expense
2023-07-06,McDonalds,Food & Drink,35.82,Expense
2023-09-03,Netflix,Entertainment,78.33,Expense
2020-04-24,Netflix,Entertainment,79.0,Expense
2023-02-20,Starbucks,Food & Drink,55.77,Expense
2022-11-28,McDonalds,Food & Drink,57.29,Expense
2023-04-13,Netflix,Entertainment,33.33,Expense
2024-03-20,Clothes,Shopping,53.91,Expense
2020-05-04,Online Shop,Shopping,37.66,Expense
2024-11-09,Online Shop,Shopping,90.02,Expense
2022-07-24,Cinema,Entertainment,65.81,Expense
2024-12-21,Cinema,Entertainment,122.67,Expense
2020-02-13,Cinema,Entertainment,58.11,Expense
2021-05-16,KFC,Food & Drink,33.87,Expense
2023-06-10,Cinema,Entertainment,23.54,Expense
2020-01-04,Online Shop,Shopping,113.35,Expense
2024-06-09,Internet,Utilities,133.1,Expense
2024-05-30,Starbucks,Food & Drink,77.08,Expense
2024-11-08,KFC,Food & Drink,15.92,Expense
2022-06-06,KFC,Food & Drink,22.14,Expense
2022-11-27,KFC,Food & Drink,63.69,Expense
2020-03-13,Online Shop,Shopping,72.98,Expense
2024-12-18,Starbucks,Food & Drink,28.67,Expense
2024-03-31,Clothes,Shopping,109.84,Expense
2023-06-22,Starbucks,Food & Drink,16.76,Expense
2020-05-27,Internet,Utilities,44.49,Expense
2022-05-05,Clothes,Shopping,39.94,Expense
2020-05-29,Starbucks,Food & Drink,78.59,Expense
2020-03-08,Starbucks,Food & Drink,144.02,Expense
2023-07-27,Online Shop,Shopping,46.07,Expense
2023-02-09,Internet,Utilities,36.87,Expense
2023-12-05,Netflix,Entertainment,57.84,Expense
2022-10-11,Internet,Utilities,25.73,Expense
2024-10-10,Clothes,Shopping,35.97,Expense
2024-10-20,Online Shop,Shopping,69.83,Expense
2021-11-17,Online Shop,Shopping,60.73,Expense
2020-09-27,Online Shop,Shopping,65.76,Expense
2024-08-21,Electricity Bill,Utilities,25.3,Expense
2023-02-28,Cinema,Entertainment,68.57,Expense
2023-08-14,Clothes,Shopping,31.84,Expense
2023-05-08,Netflix,Entertainment,44.12,Expense
2022-09-14,Clothes,Shopping,20.7,Expense
2023-01-25,McDonalds,Food & Drink,55.01,Expense
2022-02-17,Internet,Utilities,69.19,Expense
2020-02-18,Online Shop,Shopping,68.88,Expense
2020-05-22,McDonalds,Food & Drink,14.89,Expense
2021-05-18,Clothes,Shopping,31.24,Expense
2020-06-02,Online Shop,Shopping,14.14,Expense
2021-07-16,Clothes,Shopping,18.69,Expense
2021-09-19,Starbucks,Food & Drink,109.15,Expense
2020-08-20,Clothes,Shopping,66.32,Expense
2022-06-15,Netflix,Entertainment,15.71,Expense
2020-08-02,Starbucks,Food & Drink,112.29,Expense
2022-08-14,Cinema,Entertainment,134.61,Expense
2021-07-09,Netflix,Entertainment,26.05,Expense
2024-05-31,Electricity Bill,Utilities,62.95,Expense
2021-08-28,Clothes,Shopping,33.82,Expense
2024-12-04,Starbucks,Food & Drink,46.69,Expense
2020-10-31,Clothes,Shopping,142.96,Expense
2022-11-21,Online Shop,Shopping,42.71,Expense
2022-06-24,McDonalds,Food & Drink,69.56,Expense
2022-08-08,Clothes,Shopping,19.38,Expense
2024-02-22,Clothes,Shopping,50.45,Expense
2023-02-10,KFC,Food & Drink,20.35,Expense
2021-12-24,Electricity Bill,Utilities,76.52,Expense
2020-02-12,Online Shop,Shopping,32.77,Expense
2021-07-31,Netflix,Entertainment,130.73,Expense
2020-10-15,Clothes,Shopping,77.13,Expense
2021-12-20,Internet,Utilities,78.95,Expense
2020-08-16,Online Shop,Shopping,138.09,Expense
2020-01-30,Internet,Utilities,73.39,Expense
2021-05-24,McDonalds,Food & Drink,65.29,Expense
2022-07-03,Online Shop,Shopping,121.14,Expense
2024-10-23,Online Shop,Shopping,13.74,Expense
2020-11-23,Online Shop,Shopping,49.68,Expense
2021-08-31,Online Shop,Shopping,30.73,Expense
2023-09-22,Clothes,Shopping,72.87,Expense
2022-04-04,KFC,Food & Drink,20.99,Expense
2024-09-14,Internet,Utilities,122.8,Expense
2021-11-29,McDonalds,Food & Drink,25.63,Expense
2020-10-22,Internet,Utilities,76.64,Expense
2022-11-29,Clothes,Shopping,79.01,Expense
2024-02-29,Internet,Utilities,61.61,Expense
2023-12-07,Clothes,Shopping,62.88,Expense
2023-12-27,McDonalds,Food & Drink,29.41,Expense
2021-08-17,Starbucks,Food & Drink,68.27,Expense
2022-04-08,Cinema,Entertainment,67.18,Expense
2024-12-18,Clothes,Shopping,50.79,Expense
2024-06-14,Electricity Bill,Utilities,39.97,Expense
2022-02-12,KFC,Food & Drink,128.43,Expense
2021-03-29,McDonalds,Food & Drink,29.69,Expense
2022-08-17,McDonalds,Food & Drink,64.54,Expense
2020-02-19,Clothes,Shopping,32.85,Expense
2023-12-14,Netflix,Entertainment,46.96,Expense
2020-11-03,Cinema,Entertainment,77.06,Expense
2021-11-11,KFC,Food & Drink,7.93,Expense
2020-07-14,Internet,Utilities,21.83,Expense
2023-02-24,Internet,Utilities,64.99,Expense
2022-03-05,Electricity Bill,Utilities,90.78,Expense
2020-05-13,Cinema,Entertainment,33.18,Expense
2024-01-14,Online Shop,Shopping,121.34,Expense
2022-11-05,KFC,Food & Drink,128.83,Expense
2020-02-23,McDonalds,Food & Drink,103.0,Expense
2024-12-26,Clothes,Shopping,39.88,Expense
2024-08-30,Clothes,Shopping,67.78,Expense
2020-12-11,Internet,Utilities,65.53,Expense
2022-12-08,Clothes,Shopping,73.17,Expense
2020-09-10,Internet,Utilities,60.62,Expense
2024-10-13,Electricity Bill,Utilities,98.42,Expense
2022-10-18,Clothes,Shopping,9.25,Expense
2024-07-27,Netflix,Entertainment,77.76,Expense
2021-01-19,Internet,Utilities,23.43,Expense
2020-04-22,KFC,Food & Drink,28.83,Expense
2020-11-14,Online Shop,Shopping,59.51,Expense
2023-10-18,Netflix,Entertainment,72.24,Expense
2020-02-22,McDonalds,Food & Drink,53.78,Expense
2023-07-22,Internet,Utilities,119.19,Expense
2022-04-03,Clothes,Shopping,63.76,Expense
2021-03-04,Clothes,Shopping,63.1,Expense
2024-09-08,KFC,Food & Drink,33.29,Expense
2020-11-15,Online Shop,Shopping,53.24,Expense
2023-09-15,Starbucks,Food & Drink,66.92,Expense
2024-02-29,Internet,Utilities,79.74,Expense
2022-02-14,Netflix,Entertainment,34.14,Expense
2020-06-26,Internet,Utilities,23.81,Expense
2024-06-27,Netflix,Entertainment,23.48,Expense
2020-06-07,Netflix,Entertainment,37.71,Expense
2022-01-03,Electricity Bill,Utilities,77.07,Expense
2020-05-31,Online Shop,Shopping,126.27,Expense
2023-01-22,Electricity Bill,Utilities,72.83,Expense
2021-08-11,McDonalds,Food & Drink,25.85,Expense
2022-08-26,Cinema,Entertainment,48.88,Expense
2023-07-21,KFC,Food & Drink,33.5,Expense
2022-04-04,Starbucks,Food & Drink,64.91,Expense
2024-08-04,Clothes,Shopping,43.35,Expense
2021-07-05,Electricity Bill,Utilities,39.27,Expense
2023-02-16,Netflix,Entertainment,79.24,Expense
2024-11-28,Cinema,Entertainment,14.02,Expense
2020-10-08,Cinema,Entertainment,62.46,Expense
2024-02-20,Electricity Bill,Utilities,72.77,Expense
2020-11-11,KFC,Food & Drink,60.86,Expense
2020-06-26,Clothes,Shopping,10.59,Expense
2020-09-03,Internet,Utilities,61.05,Expense
2021-04-25,Clothes,Shopping,96.33,Expense
2021-05-27,Cinema,Entertainment,47.88,Expense
2024-06-17,Internet,Utilities,35.14,Expense
2022-07-10,Cinema,Entertainment,111.29,Expense
2023-02-20,Internet,Utilities,78.14,Expense
2024-04-27,Clothes,Shopping,127.97,Expense
2021-08-18,Cinema,Entertainment,37.53,Expense
2020-02-18,Netflix,Entertainment,72.93,Expense
2020-05-15,KFC,Food & Drink,6.79,Expense
2024-11-27,Clothes,Shopping,63.41,Expense
2020-06-11,Clothes,Shopping,66.39,Expense
2020-02-26,Cinema,Entertainment,78.2,Expense
2020-08-20,McDonalds,Food & Drink,19.86,Expense
2023-03-24,Netflix,Entertainment,13.98,Expense
2020-04-29,Starbucks,Food & Drink,52.1,Expense
2021-06-02,Netflix,Entertainment,69.17,Expense
2024-10-27,McDonalds,Food & Drink,61.82,Expense
2023-12-11,Online Shop,Shopping,50.78,Expense
2022-03-03,Netflix,Entertainment,11.05,Expense
2020-11-12,Netflix,Entertainment,73.12,Expense
2022-03-15,Netflix,Entertainment,72.26,Expense
2020-10-10,Cinema,Entertainment,118.38,Expense
2022-11-06,McDonalds,Food & Drink,113.17,Expense
2023-10-31,Clothes,Shopping,14.48,Expense
2021-08-29,KFC,Food & Drink,28.52,Expense
2021-11-28,Starbucks,Food & Drink,22.59,Expense
2023-03-25,Starbucks,Food & Drink,27.35,Expense
2022-10-16,Electricity Bill,Utilities,144.32,Expense
2024-06-15,Netflix,Entertainment,70.34,Expense
2021-04-13,Netflix,Entertainment,64.59,Expense
2024-02-18,Electricity Bill,Utilities,68.76,Expense
2023-07-31,KFC,Food & Drink,78.59,Expense
2021-10-07,Internet,Utilities,6.25,Expense
2021-04-15,Starbucks,Food & Drink,41.48,Expense
2021-09-12,Online Shop,Shopping,129.69,Expense
2021-03-14,Cinema,Entertainment,135.39,Expense
2024-06-05,Starbucks,Food & Drink,39.98,Expense
2020-07-21,Clothes,Shopping,55.88,Expense
2020-10-19,Electricity Bill,Utilities,61.11,Expense
2020-05-11,Internet,Utilities,17.47,Expense
2021-12-28,McDonalds,Food & Drink,20.78,Expense
2020-03-11,Cinema,Entertainment,7.44,Expense
2020-02-05,Electricity Bill,Utilities,5.26,Expense
2024-05-04,KFC,Food & Drink,72.66,Expense
2023-01-03,Cinema,Entertainment,78.16,Expense
2020-04-07,Netflix,Entertainment,32.2,Expense
2024-02-09,Internet,Utilities,33.56,Expense
2024-04-10,Clothes,Shopping,56.67,Expense
2020-03-22,Clothes,Shopping,74.22,Expense
2021-08-05,Cinema,Entertainment,62.34,Expense
2022-07-29,Cinema,Entertainment,55.34,Expense
2022-01-27,Starbucks,Food & Drink,46.0,Expense
2021-07-07,KFC,Food & Drink,45.13,Expense
2021-08-05,Cinema,Entertainment,42.26,Expense
2021-09-16,Online Shop,Shopping,29.98,Expense
2020-06-24,Netflix,Entertainment,40.71,Expense
2021-11-13,Internet,Utilities,99.32,Expense
2022-09-10,Online Shop,Shopping,109.07,Expense
2023-11-09,Internet,Utilities,72.82,Expense
2020-10-29,Online Shop,Shopping,62.8,Expense
2024-06-27,Clothes,Shopping,74.83,Expense
2022-06-16,Internet,Utilities,32.46,Expense
2020-11-13,Internet,Utilities,74.58,Expense
2020-10-25,Clothes,Shopping,39.15,Expense
2023-08-17,Electricity Bill,Utilities,38.6,Expense
2021-11-21,KFC,Food & Drink,29.47,Expense
2021-01-09,Electricity Bill,Utilities,100.87,Expense
2020-11-18,Internet,Utilities,17.34,Expense
2022-02-09,Electricity Bill,Utilities,49.79,Expense
2022-09-15,Cinema,Entertainment,13.79,Expense
2024-11-15,Netflix,Entertainment,48.43,Expense
2020-03-31,Clothes,Shopping,73.67,Expense
2023-10-09,Clothes,Shopping,66.37,Expense
2022-09-27,Starbucks,Food & Drink,63.68,Expense
2024-05-25,Internet,Utilities,52.3,Expense
2021-07-18,Cinema,Entertainment,40.55,Expense
2020-09-17,Online Shop,Shopping,77.3,Expense
2022-06-21,Netflix,Entertainment,14.22,Expense
2023-12-17,Netflix,Entertainment,132.49,Expense
2024-07-07,Netflix,Entertainment,77.31,Expense
2022-07-27,Internet,Utilities,15.98,Expense
2024-07-04,Clothes,Shopping,30.25,Expense
2021-07-29,Netflix,Entertainment,78.03,Expense
2021-12-23,Netflix,Entertainment,24.57,Expense
2023-09-26,Clothes,Shopping,72.38,Expense
2024-04-04,Clothes,Shopping,53.55,Expense
2021-08-08,Cinema,Entertainment,130.58,Expense
2024-11-16,Electricity Bill,Utilities,45.07,Expense
2024-11-26,Netflix,Entertainment,11.05,Expense
2022-06-12,Clothes,Shopping,111.78,Expense
2021-10-31,KFC,Food & Drink,102.22,Expense
2024-09-26,Cinema,Entertainment,22.36,Expense
2021-08-08,Cinema,Entertainment,66.01,Expense
2022-11-02,Starbucks,Food & Drink,17.74,Expense
2023-02-04,Online Shop,Shopping,95.21,Expense
2024-10-12,Clothes,Shopping,107.8,Expense
2021-04-13,Electricity Bill,Utilities,71.34,Expense
2022-08-26,Electricity Bill,Utilities,32.83,Expense
2020-07-24,Clothes,Shopping,49.29,Expense
2021-09-28,Netflix,Entertainment,75.24,Expense
2020-12-07,Online Shop,Shopping,8.76,Expense
2024-08-22,McDonalds,Food & Drink,68.38,Expense
2024-01-26,McDonalds,Food & Drink,60.45,Expense
2022-01-02,McDonalds,Food & Drink,83.12,Expense
2022-04-19,Online Shop,Shopping,53.32,Expense
2023-04-21,KFC,Food & Drink,77.38,Expense
2020-02-23,Netflix,Entertainment,93.77,Expense
2022-11-10,Cinema,Entertainment,33.9,Expense
2020-01-02,Clothes,Shopping,39.91,Expense
2024-03-23,KFC,Food & Drink,140.01,Expense
2023-06-03,Clothes,Shopping,23.94,Expense
2020-12-10,Cinema,Entertainment,65.78,Expense
2022-04-06,Netflix,Entertainment,10.13,Expense
2020-01-06,Online Shop,Shopping,30.83,Expense
2024-04-05,Electricity Bill,Utilities,22.79,Expense
2024-01-29,Online Shop,Shopping,48.11,Expense
2021-03-27,Online Shop,Shopping,127.23,Expense
2023-09-23,Electricity Bill,Utilities,113.69,Expense
2024-05-21,Internet,Utilities,62.02,Expense
2022-11-23,McDonalds,Food & Drink,65.62,Expense
2024-01-23,Online Shop,Shopping,68.13,Expense
2021-12-18,KFC,Food & Drink,24.72,Expense
2024-09-22,McDonalds,Food & Drink,27.07,Expense
2022-03-07,Cinema,Entertainment,27.83,Expense
2023-08-23,Internet,Utilities,76.57,Expense
2024-01-15,Cinema,Entertainment,22.65,Expense
2024-07-24,Netflix,Entertainment,45.56,Expense
2020-08-21,Cinema,Entertainment,72.46,Expense
2020-10-30,Online Shop,Shopping,32.9,Expense
2022-11-30,Clothes,Shopping,73.73,Expense
2023-06-07,McDonalds,Food & Drink,11.5,Expense
2021-04-18,Starbucks,Food & Drink,30.32,Expense
2022-09-05,Netflix,Entertainment,67.9,Expense
2022-12-27,Netflix,Entertainment,40.1,Expense
2022-05-09,Netflix,Entertainment,76.04,Expense
2021-04-17,Electricity Bill,Utilities,28.71,Expense
2023-01-27,KFC,Food & Drink,11.76,Expense
2023-07-06,Internet,Utilities,66.33,Expense
2021-08-10,Starbucks,Food & Drink,79.45,Expense
2022-07-16,Electricity Bill,Utilities,115.38,Expense
2022-01-31,Cinema,Entertainment,19.77,Expense
2024-11-26,Netflix,Entertainment,79.34,Expense
2022-03-03,Clothes,Shopping,16.54,Expense
2024-08-19,Cinema,Entertainment,41.08,Expense
2023-01-20,Clothes,Shopping,34.59,Expense
2020-09-11,Starbucks,Food & Drink,12.97,Expense
2023-01-10,Electricity Bill,Utilities,38.17,Expense
2020-10-28,Starbucks,Food & Drink,34.11,Expense
2020-01-27,Starbucks,Food & Drink,63.03,Expense
2020-07-31,Internet,Utilities,40.97,Expense
2024-06-20,Internet,Utilities,20.87,Expense
2023-08-15,Online Shop,Shopping,72.92,Expense
2021-07-25,Clothes,Shopping,53.7,Expense
2024-08-07,Cinema,Entertainment,23.57,Expense
2024-01-21,Starbucks,Food & Drink,62.64,Expense
2020-01-30,Clothes,Shopping,73.4,Expense
2021-03-03,Clothes,Shopping,64.92,Expense
2024-07-03,Clothes,Shopping,39.92,Expense
2024-01-27,Internet,Utilities,103.75,Expense
2023-03-08,Internet,Utilities,52.45,Expense
2021-04-16,Netflix,Entertainment,16.77,Expense
2023-02-19,Cinema,Entertainment,137.42,Expense
2021-09-14,Cinema,Entertainment,24.92,Expense
2021-07-21,Internet,Utilities,25.58,Expense
2023-12-13,Electricity Bill,Utilities,15.82,Expense
2022-06-23,Starbucks,Food & Drink,74.75,Expense
2021-06-30,Cinema,Entertainment,62.35,Expense
2021-05-13,Electricity Bill,Utilities,37.81,Expense
2023-03-27,Netflix,Entertainment,14.12,Expense
2024-09-26,Internet,Utilities,68.11,Expense
2021-09-04,Netflix,Entertainment,71.27,Expense
2024-04-08,Cinema,Entertainment,22.69,Expense
2023-02-03,Online Shop,Shopping,42.74,Expense
2023-09-03,Starbucks,Food & Drink,106.46,Expense
2020-11-09,Electricity Bill,Utilities,69.28,Expense
2022-03-07,Internet,Utilities,12.12,Expense
2024-08-04,Online Shop,Shopping,128.59,Expense
2021-08-13,Cinema,Entertainment,13.37,Expense
2023-12-07,Starbucks,Food & Drink,23.81,Expense
2024-01-12,KFC,Food & Drink,29.17,Expense
2023-02-11,Cinema,Entertainment,138.63,Expense
2021-12-04,Cinema,Entertainment,63.62,Expense
2021-05-29,Electricity Bill,Utilities,113.12,Expense
2021-07-27,Cinema,Entertainment,30.17,Expense
2024-01-31,Internet,Utilities,49.58,Expense
2023-12-24,Netflix,Entertainment,30.47,Expense
2023-05-04,Internet,Utilities,47.66,Expense
2020-12-04,McDonalds,Food & Drink,68.93,Expense
2023-05-28,Cinema,Entertainment,112.68,Expense
2022-05-06,McDonalds,Food & Drink,60.4,Expense
2023-10-24,Starbucks,Food & Drink,15.25,Expense
2022-10-07,Clothes,Shopping,41.61,Expense
2020-10-27,McDonalds,Food & Drink,47.66,Expense
2021-03-06,KFC,Food & Drink,110.1,Expense
2023-04-08,Electricity Bill,Utilities,57.03,Expense
2022-11-22,Starbucks,Food & Drink,72.21,Expense
2024-11-07,Internet,Utilities,41.99,Expense
2024-04-19,Electricity Bill,Utilities,8.41,Expense
2022-12-12,Cinema,Entertainment,25.08,Expense
2023-06-21,McDonalds,Food & Drink,54.05,Expense
2021-06-23,KFC,Food & Drink,31.73,Expense
2024-08-17,Netflix,Entertainment,25.44,Expense
2021-03-30,Internet,Utilities,5.86,Expense
2023-02-26,Cinema,Entertainment,56.25,Expense
2020-02-22,Starbucks,Food & Drink,58.0,Expense
2020-12-09,Netflix,Entertainment,65.52,Expense
2020-01-18,Starbucks,Food & Drink,131.91,Expense
2024-02-07,Starbucks,Food & Drink,23.03,Expense
2023-10-16,Online Shop,Shopping,67.38,Expense
2024-06-20,Starbucks,Food & Drink,58.65,Expense
2022-04-30,Netflix,Entertainment,57.06,Expense
2020-02-11,Internet,Utilities,61.23,Expense
2022-02-24,Starbucks,Food & Drink,13.0,Expense
2024-03-31,Internet,Utilities,87.79,Expense
2021-08-29,Cinema,Entertainment,131.99,Expense
2022-10-29,Internet,Utilities,73.72,Expense
2024-07-12,Cinema,Entertainment,74.45,Expense
2021-05-25,Starbucks,Food & Drink,49.36,Expense
2023-11-24,Clothes,Shopping,59.7,Expense
2024-09-30,Starbucks,Food & Drink,38.75,Expense
2020-10-20,McDonalds,Food & Drink,66.37,Expense
2021-11-21,Netflix,Entertainment,126.07,Expense
2024-07-10,Internet,Utilities,30.73,Expense
2024-05-12,Netflix,Entertainment,138.34,Expense
2022-02-11,Netflix,Entertainment,73.89,Expense
2024-02-24,Netflix,Entertainment,122.44,Expense
2024-08-30,Clothes,Shopping,76.45,Expense
2023-08-19,Electricity Bill,Utilities,43.85,Expense
2024-03-10,Internet,Utilities,133.02,Expense
2021-02-25,Clothes,Shopping,35.16,Expense
2021-02-14,Netflix,Entertainment,143.91,Expense
2022-12-27,Cinema,Entertainment,15.91,Expense
2020-07-19,KFC,Food & Drink,29.81,Expense
2021-06-13,Internet,Utilities,53.38,Expense
2020-09-14,Cinema,Entertainment,51.49,Expense
2024-10-07,Online Shop,Shopping,62.42,Expense
2022-01-06,McDonalds,Food & Drink,31.06,Expense
2024-10-11,Internet,Utilities,77.4,Expense
2024-01-19,Online Shop,Shopping,12.91,Expense
2022-12-20,Clothes,Shopping,13.11,Expense
2022-10-03,Internet,Utilities,18.84,Expense
2021-12-14,Clothes,Shopping,54.42,Expense
2020-11-28,KFC,Food & Drink,53.17,Expense
2020-09-20,Cinema,Entertainment,39.07,Expense
2023-07-28,Clothes,Shopping,57.44,Expense
2023-05-17,Internet,Utilities,67.39,Expense
2020-08-13,Online Shop,Shopping,10.84,Expense
2020-11-20,Electricity Bill,Utilities,46.13,Expense
2023-11-18,Netflix,Entertainment,20.59,Expense
2021-06-20,Starbucks,Food & Drink,121.31,Expense
2023-05-21,McDonalds,Food & Drink,139.97,Expense
2023-09-10,KFC,Food & Drink,95.7,Expense
2021-11-14,Netflix,Entertainment,142.03,Expense
2020-08-03,Electricity Bill,Utilities,69.92,Expense
2020-05-28,Electricity Bill,Utilities,63.37,Expense
2024-11-04,Netflix,Entertainment,26.91,Expense
2023-01-03,Internet,Utilities,79.24,Expense
2022-07-13,KFC,Food & Drink,8.17,Expense
2022-07-19,McDonalds,Food & Drink,59.02,Expense
2020-12-02,Online Shop,Shopping,61.85,Expense
2021-05-06,Electricity Bill,Utilities,77.1,Expense
2020-06-30,KFC,Food & Drink,40.58,Expense
2024-03-08,Netflix,Entertainment,20.66,Expense
2022-06-18,KFC,Food & Drink,97.64,Expense
2021-04-03,Netflix,Entertainment,140.98,Expense
2022-05-10,Clothes,Shopping,32.87,Expense
2021-04-10,Netflix,Entertainment,72.88,Expense
2020-05-16,Internet,Utilities,124.21,Expense
2021-05-18,Netflix,Entertainment,14.22,Expense
2022-04-07,Electricity Bill,Utilities,21.42,Expense
2023-01-29,McDonalds,Food & Drink,129.76,Expense
2023-04-18,Online Shop,Shopping,52.63,Expense
2020-06-18,Cinema,Entertainment,68.97,Expense
2021-12-07,McDonalds,Food & Drink,8.46,Expense
2023-07-20,Starbucks,Food & Drink,33.71,Expense
2021-05-19,Clothes,Shopping,22.49,Expense
2021-02-12,Clothes,Shopping,38.08,Expense
2022-12-03,KFC,Food & Drink,49.36,Expense
2024-01-14,Netflix,Entertainment,27.65,Expense
2020-07-15,Starbucks,Food & Drink,38.42,Expense
2020-03-28,Internet,Utilities,21.49,Expense
2022-06-28,Netflix,Entertainment,28.79,Expense
2023-11-26,Online Shop,Shopping,21.42,Expense
2022-01-21,KFC,Food & Drink,30.22,Expense
2021-02-06,Cinema,Entertainment,73.99,Expense
2020-01-27,McDonalds,Food & Drink,45.23,Expense
2023-08-28,Clothes,Shopping,52.83,Expense
2024-05-12,Electricity Bill,Utilities,28.51,Expense
2020-02-05,Cinema,Entertainment,20.13,Expense
2020-04-11,Starbucks,Food & Drink,97.38,Expense
2022-05-15,Cinema,Entertainment,124.38,Expense
2021-04-20,Cinema,Entertainment,9.14,Expense
2022-09-28,Netflix,Entertainment,62.91,Expense
2023-08-15,Clothes,Shopping,62.6,Expense
2023-10-15,Starbucks,Food & Drink,76.94,Expense
2023-01-09,Starbucks,Food & Drink,47.19,Expense
2022-08-18,Internet,Utilities,44.01,Expense
2020-08-09,Starbucks,Food & Drink,135.34,Expense
2022-11-08,McDonalds,Food & Drink,77.8,Expense
2021-01-16,Starbucks,Food & Drink,108.8,Expense
2021-12-26,Starbucks,Food & Drink,72.37,Expense
2020-09-12,Cinema,Entertainment,49.59,Expense
2023-06-26,Internet,Utilities,49.6,Expense
2023-04-08,Cinema,Entertainment,96.41,Expense
2021-03-05,Online Shop,Shopping,58.5,Expense
2020-04-21,Online Shop,Shopping,75.04,Expense
2023-07-07,Internet,Utilities,76.47,Expense
2024-05-14,Cinema,Entertainment,76.43,Expense
2023-03-11,Netflix,Entertainment,126.09,Expense
2023-08-19,Clothes,Shopping,120.1,Expense
2023-10-21,Netflix,Entertainment,58.28,Expense
2024-03-26,Online Shop,Shopping,79.44,Expense
2022-11-30,Electricity Bill,Utilities,5.95,Expense
2024-04-15,Cinema,Entertainment,8.3,Expense
2021-08-26,KFC,Food & Drink,66.65,Expense
2022-05-13,Cinema,Entertainment,8.74,Expense
2020-05-13,McDonalds,Food & Drink,40.34,Expense
2022-12-03,Online Shop,Shopping,122.29,Expense
2022-05-29,Cinema,Entertainment,134.4,Expense
2023-12-23,Electricity Bill,Utilities,22.01,Expense
2022-11-07,McDonalds,Food & Drink,41.17,Expense
2022-03-02,Internet,Utilities,14.79,Expense
2022-05-14,Online Shop,Shopping,75.17,Expense
2022-10-14,Internet,Utilities,48.91,Expense
2021-09-14,Internet,Utilities,39.17,Expense
2023-12-24,Clothes,Shopping,112.58,Expense
2022-08-06,Cinema,Entertainment,65.61,Expense
2022-10-13,Clothes,Shopping,20.35,Expense
2022-04-14,Cinema,Entertainment,6.12,Expense
2024-09-28,McDonalds,Food & Drink,36.18,Expense
2022-05-09,Clothes,Shopping,29.63,Expense
2021-06-18,Internet,Utilities,6.46,Expense
2021-04-28,Electricity Bill,Utilities,41.81,Expense
2023-06-03,Internet,Utilities,20.74,Expense
2023-10-29,Electricity Bill,Utilities,24.54,Expense
2021-12-13,Online Shop,Shopping,24.28,Expense
2022-08-27,Netflix,Entertainment,117.64,Expense
2021-05-19,Internet,Utilities,34.35,Expense
2024-05-07,Electricity Bill,Utilities,42.61,Expense
2020-08-04,Starbucks,Food & Drink,31.62,Expense
2023-10-15,Netflix,Entertainment,101.14,Expense
2023-05-27,Electricity Bill,Utilities,60.79,Expense
2024-05-12,Cinema,Entertainment,93.74,Expense
2023-02-12,Cinema,Entertainment,98.35,Expense
2021-10-19,McDonalds,Food & Drink,48.16,Expense
2022-03-29,Online Shop,Shopping,61.21,Expense
2021-05-26,Netflix,Entertainment,73.06,Expense
2024-11-23,Electricity Bill,Utilities,105.0,Expense
2022-03-31,Electricity Bill,Utilities,74.14,Expense
2021-07-05,Netflix,Entertainment,65.47,Expense
2024-08-28,Clothes,Shopping,39.17,Expense
2023-11-03,McDonalds,Food & Drink,54.18,Expense
2024-04-29,Clothes,Shopping,54.29,Expense
2020-09-26,Netflix,Entertainment,76.32,Expense
2021-11-30,Electricity Bill,Utilities,44.35,Expense
2024-06-14,Netflix,Entertainment,18.64,Expense
2022-01-02,Cinema,Entertainment,99.3,Expense
2023-06-06,Cinema,Entertainment,69.31,Expense
2023-06-02,Clothes,Shopping,30.93,Expense
2021-04-21,McDonalds,Food & Drink,46.66,Expense
2021-04-18,Internet,Utilities,107.85,Expense
2022-07-23,Electricity Bill,Utilities,60.28,Expense
2024-02-10,Starbucks,Food & Drink,73.0,Expense
2023-09-30,Online Shop,Shopping,43.02,Expense
2020-04-10,Online Shop,Shopping,52.29,Expense
2021-03-18,Online Shop,Shopping,6.94,Expense
2022-09-04,Starbucks,Food & Drink,92.08,Expense
2024-08-07,McDonalds,Food & Drink,59.06,Expense
2022-09-14,Clothes,Shopping,61.85,Expense
2020-12-04,Cinema,Entertainment,23.72,Expense
2020-10-17,McDonalds,Food & Drink,49.31,Expense
2022-07-07,Clothes,Shopping,74.49,Expense
2021-04-08,Internet,Utilities,56.57,Expense
2023-05-06,Internet,Utilities,113.11,Expense
2024-11-13,Netflix,Entertainment,28.94,Expense
2021-08-25,Electricity Bill,Utilities,33.78,Expense
2020-04-30,Cinema,Entertainment,13.36,Expense
2022-05-28,Electricity Bill,Utilities,41.97,Expense
2023-03-07,McDonalds,Food & Drink,29.04,Expense
2023-02-05,Electricity Bill,Utilities,24.03,Expense
2021-01-10,Cinema,Entertainment,75.8,Expense
2023-03-02,KFC,Food & Drink,33.92,Expense
2023-08-14,Netflix,Entertainment,24.3,Expense
2020-06-11,Online Shop,Shopping,8.76,Expense
2021-04-14,Online Shop,Shopping,59.72,Expense
2024-04-08,Internet,Utilities,66.48,Expense
2021-05-05,McDonalds,Food & Drink,31.2,Expense
2022-01-23,Netflix,Entertainment,31.56,Expense
2023-01-07,Internet,Utilities,29.57,Expense
2023-03-25,KFC,Food & Drink,109.17,Expense
2023-05-09,Clothes,Shopping,51.75,Expense
2024-07-21,Cinema,Entertainment,49.74,Expense
2020-03-20,Internet,Utilities,20.2,Expense
2021-01-16,KFC,Food & Drink,65.89,Expense
2023-07-27,Internet,Utilities,16.48,Expense
2023-06-05,Internet,Utilities,26.46,Expense
2024-01-02,McDonalds,Food & Drink,63.69,Expense
2023-11-04,Clothes,Shopping,20.02,Expense
2021-12-26,Netflix,Entertainment,43.81,Expense
2024-03-31,Netflix,Entertainment,104.87,Expense
2021-11-25,Netflix,Entertainment,42.87,Expense
2022-04-20,Starbucks,Food & Drink,10.72,Expense
2021-12-06,KFC,Food & Drink,47.21,Expense
2022-05-05,Cinema,Entertainment,76.91,Expense
2023-05-30,Electricity Bill,Utilities,55.93,Expense
2020-07-25,Netflix,Entertainment,129.69,Expense
2023-12-24,Clothes,Shopping,25.21,Expense
2023-07-15,Starbucks,Food & Drink,144.91,Expense
2022-07-09,Internet,Utilities,136.91,Expense
2020-06-02,Online Shop,Shopping,48.57,Expense
2020-12-25,KFC,Food & Drink,15.0,Expense
2021-02-09,Clothes,Shopping,72.22,Expense
2024-02-03,Online Shop,Shopping,73.86,Expense
2022-12-20,Online Shop,Shopping,12.46,Expense
2022-07-18,Electricity Bill,Utilities,54.73,Expense
2022-01-25,KFC,Food & Drink,64.96,Expense
2020-06-27,Netflix,Entertainment,37.58,Expense
2020-08-22,Clothes,Shopping,27.64,Expense
2024-06-14,Cinema,Entertainment,66.48,Expense
2023-03-14,Internet,Utilities,28.62,Expense
2022-07-13,Internet,Utilities,41.51,Expense
2020-10-15,Internet,Utilities,8.9,Expense
2020-08-10,Internet,Utilities,46.03,Expense
2022-03-26,Electricity Bill,Utilities,100.52,Expense
2024-11-24,Electricity Bill,Utilities,42.6,Expense
2021-08-29,KFC,Food & Drink,108.47,Expense
2021-08-22,Clothes,Shopping,42.12,Expense
2023-07-21,Online Shop,Shopping,33.17,Expense
2020-08-29,Online Shop,Shopping,32.27,Expense
2020-09-04,Clothes,Shopping,16.34,Expense
2024-04-16,McDonalds,Food & Drink,5.75,Expense
2020-11-14,KFC,Food & Drink,71.49,Expense
2023-06-10,Cinema,Entertainment,51.9,Expense
2022-06-10,Online Shop,Shopping,25.0,Expense
2021-06-06,Electricity Bill,Utilities,75.24,Expense
2020-07-03,Cinema,Entertainment,47.56,Expense
2024-02-05,Internet,Utilities,51.16,Expense
2020-01-09,Cinema,Entertainment,50.3,Expense
2023-01-31,Starbucks,Food & Drink,7.41,Expense
2023-12-24,Starbucks,Food & Drink,143.39,Expense
2021-02-06,Starbucks,Food & Drink,112.84,Expense
2024-11-13,Online Shop,Shopping,63.35,Expense
2024-05-29,Internet,Utilities,77.43,Expense
2023-10-06,Electricity Bill,Utilities,59.22,Expense
2021-03-07,KFC,Food & Drink,92.07,Expense
2023-03-30,Clothes,Shopping,45.88,Expense
2023-08-27,Internet,Utilities,69.85,Expense
2023-08-24,McDonalds,Food & Drink,31.27,Expense
2020-11-18,Electricity Bill,Utilities,35.27,Expense
2023-11-17,Electricity Bill,Utilities,21.09,Expense
2020-12-14,Internet,Utilities,79.97,Expense
2022-03-08,Internet,Utilities,69.75,Expense
2020-05-12,Electricity Bill,Utilities,75.0,Expense
2023-01-12,Electricity Bill,Utilities,48.02,Expense
2022-03-22,Electricity Bill,Utilities,27.59,Expense
2023-05-28,Online Shop,Shopping,54.24,Expense
2022-04-20,McDonalds,Food & Drink,64.87,Expense
2020-11-23,Clothes,Shopping,55.9,Expense
2022-05-28,Internet,Utilities,69.35,Expense
2020-03-12,Internet,Utilities,61.6,Expense
2021-02-12,Clothes,Shopping,24.74,Expense
2020-03-23,Clothes,Shopping,6.4,Expense
2022-09-28,McDonalds,Food & Drink,29.1,Expense
2022-07-21,Starbucks,Food & Drink,23.97,Expense
2020-04-27,KFC,Food & Drink,15.81,Expense
2020-01-08,Netflix,Entertainment,76.56,Expense
2023-11-20,Online Shop,Shopping,35.75,Expense
2022-08-10,Cinema,Entertainment,79.89,Expense
2024-10-07,McDonalds,Food & Drink,29.8,Expense
2021-12-20,Netflix,Entertainment,54.22,Expense
2020-02-28,Electricity Bill,Utilities,30.52,Expense
2021-06-20,Internet,Utilities,84.6,Expense
2023-03-18,Netflix,Entertainment,73.78,Expense
2024-09-17,McDonalds,Food & Drink,59.57,Expense
2024-07-22,Internet,Utilities,71.69,Expense
2022-06-22,Internet,Utilities,6.99,Expense
2022-11-23,Cinema,Entertainment,54.22,Expense
2023-12-20,Clothes,Shopping,42.16,Expense
2020-10-18,Internet,Utilities,28.63,Expense
2021-11-16,KFC,Food & Drink,22.42,Expense
2024-06-07,Internet,Utilities,30.51,Expense
2022-08-26,Online Shop,Shopping,67.43,Expense
2021-03-10,Clothes,Shopping,5.3,Expense
2020-10-23,Electricity Bill,Utilities,33.39,Expense
2022-09-14,Starbucks,Food & Drink,71.03,Expense
2022-06-12,Cinema,Entertainment,80.06,Expense
2022-05-17,Electricity Bill,Utilities,68.39,Expense
2024-01-23,Netflix,Entertainment,69.26,Expense
2023-07-25,Online Shop,Shopping,73.47,Expense
2023-04-03,Clothes,Shopping,62.96,Expense
2024-10-17,Netflix,Entertainment,10.65,Expense
2024-08-08,Cinema,Entertainment,54.01,Expense
2023-01-07,Cinema,Entertainment,39.42,Expense
2022-06-25,Online Shop,Shopping,109.18,Expense
2024-02-10,McDonalds,Food & Drink,95.39,Expense
2020-03-07,McDonalds,Food & Drink,64.35,Expense
2021-11-09,Online Shop,Shopping,72.01,Expense
2024-08-18,McDonalds,Food & Drink,68.66,Expense
2020-12-04,Internet,Utilities,58.74,Expense
2020-09-27,Clothes,Shopping,53.12,Expense
2020-08-17,Netflix,Entertainment,72.11,Expense
2021-01-06,Online Shop,Shopping,24.52,Expense
2022-07-06,Cinema,Entertainment,35.46,Expense
2023-07-07,Cinema,Entertainment,33.76,Expense
2021-03-21,Clothes,Shopping,65.54,Expense
2024-08-08,Internet,Utilities,73.16,Expense
2022-11-18,Online Shop,Shopping,68.99,Expense
2022-05-31,Starbucks,Food & Drink,27.22,Expense
2024-03-21,Electricity Bill,Utilities,73.46,Expense
2020-05-10,McDonalds,Food & Drink,82.01,Expense
2021-08-24,Online Shop,Shopping,18.72,Expense
2024-05-24,Netflix,Entertainment,40.99,Expense
2024-01-02,Online Shop,Shopping,7.62,Expense
2023-12-22,Cinema,Entertainment,26.86,Expense
2021-09-08,Clothes,Shopping,28.68,Expense
2022-10-11,Internet,Utilities,38.0,Expense
2023-06-28,Starbucks,Food & Drink,42.13,Expense
2021-07-20,Electricity Bill,Utilities,25.56,Expense
2023-01-23,Online Shop,Shopping,55.46,Expense
2024-11-14,Starbucks,Food & Drink,43.4,Expense
2021-07-09,Internet,Utilities,22.96,Expense
2024-10-19,Cinema,Entertainment,65.93,Expense
2022-04-06,Clothes,Shopping,66.04,Expense
2023-02-10,Netflix,Entertainment,27.76,Expense
2020-05-09,Online Shop,Shopping,85.6,Expense
2023-07-11,Netflix,Entertainment,59.1,Expense
2022-08-19,Electricity Bill,Utilities,28.86,Expense
2023-05-13,KFC,Food & Drink,103.81,Expense
2020-01-20,KFC,Food & Drink,19.65,Expense
2022-05-10,Electricity Bill,Utilities,59.21,Expense
2023-04-17,Internet,Utilities,70.42,Expense
2020-03-08,McDonalds,Food & Drink,79.83,Expense
2020-04-19,Internet,Utilities,24.03,Expense
2020-04-26,Clothes,Shopping,75.28,Expense
2022-02-03,McDonalds,Food & Drink,67.13,Expense
2020-01-05,Clothes,Shopping,60.11,Expense
2023-01-29,Electricity Bill,Utilities,25.96,Expense
2024-03-08,Cinema,Entertainment,52.9,Expense
2020-04-10,Electricity Bill,Utilities,40.91,Expense
2021-07-17,Electricity Bill,Utilities,49.96,Expense
2020-02-08,Cinema,Entertainment,60.85,Expense
2020-04-12,Cinema,Entertainment,56.59,Expense
2022-05-06,Clothes,Shopping,43.93,Expense
2020-03-17,Electricity Bill,Utilities,38.34,Expense
2023-01-13,McDonalds,Food & Drink,66.9,Expense
2021-08-15,Netflix,Entertainment,92.06,Expense
2023-01-24,Clothes,Shopping,70.52,Expense
2022-07-29,KFC,Food & Drink,18.21,Expense
2023-07-22,Electricity Bill,Utilities,99.32,Expense
2020-10-26,Clothes,Shopping,72.99,Expense
2024-03-25,Online Shop,Shopping,13.49,Expense
2022-01-31,Internet,Utilities,57.87,Expense
2021-05-22,Internet,Utilities,65.76,Expense
2022-08-08,McDonalds,Food & Drink,46.41,Expense
2024-05-17,Internet,Utilities,79.18,Expense
2024-05-28,Online Shop,Shopping,12.22,Expense
2022-10-07,Netflix,Entertainment,39.97,Expense
2021-12-04,Clothes,Shopping,47.7,Expense
2023-01-19,Cinema,Entertainment,33.06,Expense
2022-12-15,Starbucks,Food & Drink,8.62,Expense
2021-07-08,Internet,Utilities,8.45,Expense
2024-06-02,Starbucks,Food & Drink,100.84,Expense
2022-09-14,Cinema,Entertainment,33.98,Expense
2024-01-03,Online Shop,Shopping,39.19,Expense
2021-04-18,Internet,Utilities,82.9,Expense
2022-06-16,Netflix,Entertainment,17.48,Expense
2024-09-05,Internet,Utilities,20.41,Expense
2021-03-31,Starbucks,Food & Drink,42.7,Expense
2024-01-23,Electricity Bill,Utilities,10.52,Expense
2022-02-20,Electricity Bill,Utilities,35.49,Expense
2021-04-04,Electricity Bill,Utilities,98.59,Expense
2022-10-14,Electricity Bill,Utilities,79.79,Expense
2024-10-09,Netflix,Entertainment,25.08,Expense
2021-02-26,Netflix,Entertainment,22.59,Expense
2023-06-06,Internet,Utilities,39.68,Expense
2023-09-19,Starbucks,Food & Drink,44.22,Expense
2024-02-13,Electricity Bill,Utilities,37.73,Expense
2024-06-07,Cinema,Entertainment,45.89,Expense
2020-04-19,KFC,Food & Drink,29.09,Expense
2024-04-05,Online Shop,Shopping,28.07,Expense
2021-11-03,KFC,Food & Drink,20.46,Expense
2024-12-13,Clothes,Shopping,22.14,Expense
2023-08-30,Internet,Utilities,33.22,Expense
2020-04-17,Netflix,Entertainment,31.92,Expense
2024-07-06,Cinema,Entertainment,21.49,Expense
2022-06-24,McDonalds,Food & Drink,28.73,Expense
2024-09-04,Netflix,Entertainment,20.75,Expense
2023-11-17,Starbucks,Food & Drink,76.53,Expense
2021-09-30,Internet,Utilities,33.44,Expense
2020-08-19,Netflix,Entertainment,10.17,Expense
2023-06-11,Electricity Bill,Utilities,56.1,Expense
2020-06-17,Electricity Bill,Utilities,16.1,Expense
2021-07-02,Internet,Utilities,53.39,Expense
2024-06-05,Cinema,Entertainment,50.06,Expense
2022-05-28,KFC,Food & Drink,110.58,Expense
2021-07-30,Starbucks,Food & Drink,35.04,Expense
2024-12-20,Clothes,Shopping,27.04,Expense
2020-03-25,Internet,Utilities,78.47,Expense
2022-01-25,Cinema,Entertainment,65.43,Expense
2024-01-24,Netflix,Entertainment,33.46,Expense
2024-05-08,Clothes,Shopping,39.36,Expense
2021-01-14,McDonalds,Food & Drink,20.75,Expense
2022-03-28,Clothes,Shopping,39.86,Expense
2020-01-02,Clothes,Shopping,14.42,Expense
2022-05-25,Electricity Bill,Utilities,74.03,Expense
2024-12-14,Clothes,Shopping,141.82,Expense
2022-12-08,Cinema,Entertainment,15.79,Expense
2024-01-26,Online Shop,Shopping,5.15,Expense
2023-04-29,Online Shop,Shopping,101.42,Expense
2021-09-17,Cinema,Entertainment,55.79,Expense
2024-07-16,Cinema,Entertainment,66.11,Expense
2022-06-10,KFC,Food & Drink,63.54,Expense
2024-09-06,Electricity Bill,Utilities,23.8,Expense
2024-12-06,Starbucks,Food & Drink,24.69,Expense
2022-01-29,Electricity Bill,Utilities,104.69,Expense
2022-07-27,Electricity Bill,Utilities,41.3,Expense
2022-01-05,Clothes,Shopping,40.22,Expense
2020-11-27,Electricity Bill,Utilities,76.21,Expense
2020-06-08,Starbucks,Food & Drink,22.83,Expense
2022-05-09,Cinema,Entertainment,72.25,Expense
2020-02-13,Starbucks,Food & Drink,31.97,Expense
2020-07-06,Netflix,Entertainment,38.81,Expense
2024-11-29,KFC,Food & Drink,65.21,Expense
2021-12-31,Clothes,Shopping,32.12,Expense
2021-09-06,KFC,Food & Drink,42.09,Expense
2024-08-17,Cinema,Entertainment,74.65,Expense
2024-02-23,Cinema,Entertainment,57.24,Expense
2023-06-04,Internet,Utilities,139.8,Expense
2022-04-17,Netflix,Entertainment,38.68,Expense
2020-06-10,McDonalds,Food & Drink,46.95,Expense
2020-08-14,Starbucks,Food & Drink,73.33,Expense
2021-10-18,KFC,Food & Drink,6.38,Expense
2021-12-29,Internet,Utilities,24.49,Expense
2021-10-14,Internet,Utilities,15.86,Expense
2022-07-25,Clothes,Shopping,57.71,Expense
2023-12-26,KFC,Food & Drink,23.87,Expense
2021-02-20,Online Shop,Shopping,73.9,Expense
2023-11-15,McDonalds,Food & Drink,42.66,Expense
2020-03-04,Starbucks,Food & Drink,63.64,Expense
2024-10-10,Electricity Bill,Utilities,5.75,Expense
2023-04-04,Online Shop,Shopping,29.28,Expense
2020-11-05,Online Shop,Shopping,11.92,Expense
2022-02-04,Internet,Utilities,71.94,Expense
2020-09-30,Online Shop,Shopping,50.83,Expense
2022-04-10,McDonalds,Food & Drink,32.78,Expense
2020-01-04,KFC,Food & Drink,124.55,Expense
2023-12-28,Online Shop,Shopping,40.31,Expense
2023-01-26,McDonalds,Food & Drink,8.77,Expense
2021-01-25,Online Shop,Shopping,16.52,Expense
2020-09-22,Starbucks,Food & Drink,76.62,Expense
2021-07-14,Electricity Bill,Utilities,76.86,Expense
2020-02-20,Cinema,Entertainment,69.18,Expense
2020-08-21,Cinema,Entertainment,18.56,Expense
2022-07-27,Internet,Utilities,6.51,Expense
2022-02-04,Internet,Utilities,9.88,Expense
2023-10-16,Netflix,Entertainment,19.35,Expense
2021-06-13,McDonalds,Food & Drink,52.08,Expense
2021-02-15,Cinema,Entertainment,10.08,Expense
2023-01-12,Cinema,Entertainment,69.67,Expense
2021-02-18,Internet,Utilities,7.73,Expense
2024-06-16,Clothes,Shopping,135.3,Expense
2024-04-16,Netflix,Entertainment,38.89,Expense
2024-01-10,Cinema,Entertainment,12.03,Expense
2024-09-25,Clothes,Shopping,23.49,Expense
2021-11-09,Internet,Utilities,22.19,Expense
2023-05-16,Online Shop,Shopping,17.69,Expense
2021-02-04,Clothes,Shopping,12.47,Expense
2023-05-04,Online Shop,Shopping,71.95,Expense
2023-10-30,Netflix,Entertainment,68.84,Expense
2022-09-20,Starbucks,Food & Drink,14.81,Expense
2022-12-15,Netflix,Entertainment,30.72,Expense
2023-11-08,Online Shop,Shopping,39.87,Expense
2022-01-13,Online Shop,Shopping,19.03,Expense
2024-10-21,Netflix,Entertainment,30.69,Expense
2024-11-17,Online Shop,Shopping,29.01,Expense
2020-03-06,Starbucks,Food & Drink,42.14,Expense
2024-09-05,Online Shop,Shopping,73.21,Expense
2022-12-20,Cinema,Entertainment,37.6,Expense
2020-03-30,McDonalds,Food & Drink,5.08,Expense
2021-03-10,Internet,Utilities,8.75,Expense
2020-10-16,Clothes,Shopping,50.73,Expense
2024-06-09,Clothes,Shopping,122.99,Expense
2024-11-14,Online Shop,Shopping,11.31,Expense
2023-04-19,Online Shop,Shopping,70.81,Expense
2024-09-03,Online Shop,Shopping,38.0,Expense
2022-03-14,Starbucks,Food & Drink,69.81,Expense
2022-09-21,Starbucks,Food & Drink,54.83,Expense
2021-04-28,McDonalds,Food & Drink,58.72,Expense
2024-12-23,Online Shop,Shopping,71.23,Expense
2021-11-21,McDonalds,Food & Drink,20.86,Expense
2024-02-28,Cinema,Entertainment,29.71,Expense
2020-08-09,McDonalds,Food & Drink,98.6,Expense
2021-08-16,Netflix,Entertainment,38.26,Expense
2021-05-18,Cinema,Entertainment,59.19,Expense
2024-04-24,Cinema,Entertainment,30.5,Expense
2022-10-26,Online Shop,Shopping,44.64,Expense
2020-02-20,Online Shop,Shopping,16.41,Expense
2022-02-24,Netflix,Entertainment,69.36,Expense
2021-01-23,Starbucks,Food & Drink,70.15,Expense
2021-07-31,Clothes,Shopping,137.87,Expense
2020-05-16,Starbucks,Food & Drink,93.22,Expense
2022-08-12,Starbucks,Food & Drink,11.85,Expense
2020-04-10,Clothes,Shopping,46.28,Expense
2024-04-22,Cinema,Entertainment,69.05,Expense
2020-04-27,McDonalds,Food & Drink,75.46,Expense
2022-10-10,Cinema,Entertainment,57.01,Expense
2022-10-31,KFC,Food & Drink,43.86,Expense
2020-12-14,Cinema,Entertainment,26.28,Expense
2022-05-19,Cinema,Entertainment,32.03,Expense
2023-01-24,Electricity Bill,Utilities,5.48,Expense
2020-07-30,KFC,Food & Drink,6.01,Expense
2023-12-02,Cinema,Entertainment,59.51,Expense
2023-11-11,McDonalds,Food & Drink,113.62,Expense
2023-06-11,Cinema,Entertainment,31.08,Expense
2020-04-28,Electricity Bill,Utilities,13.86,Expense
2020-06-04,Clothes,Shopping,78.11,Expense
2022-02-12,Cinema,Entertainment,129.86,Expense
2022-08-16,Electricity Bill,Utilities,62.6,Expense
2021-10-04,Cinema,Entertainment,57.32,Expense
2024-04-19,Clothes,Shopping,64.9,Expense
2022-08-12,Starbucks,Food & Drink,57.34,Expense
2024-06-28,Internet,Utilities,74.23,Expense
2021-07-19,Netflix,Entertainment,33.61,Expense
2020-10-26,Online Shop,Shopping,13.07,Expense
2020-05-18,Internet,Utilities,55.35,Expense
2020-04-10,Netflix,Entertainment,12.69,Expense
2021-10-08,Internet,Utilities,46.89,Expense
2023-12-30,Cinema,Entertainment,21.25,Expense
2023-12-15,Cinema,Entertainment,42.37,Expense
2022-09-20,Netflix,Entertainment,70.22,Expense
2020-03-26,Internet,Utilities,38.4,Expense
2022-04-13,Starbucks,Food & Drink,54.89,Expense
2024-11-08,Online Shop,Shopping,30.43,Expense
2024-01-13,Clothes,Shopping,117.5,Expense
2022-10-26,Cinema,Entertainment,14.37,Expense
2024-11-23,Netflix,Entertainment,81.88,Expense
2021-05-15,Starbucks,Food & Drink,110.82,Expense
2021-06-09,Electricity Bill,Utilities,57.89,Expense
2022-05-28,Cinema,Entertainment,144.61,Expense
2021-01-26,Cinema,Entertainment,20.25,Expense
2022-10-14,Clothes,Shopping,54.35,Expense
2020-04-23,McDonalds,Food & Drink,72.66,Expense
2022-02-06,Netflix,Entertainment,23.28,Expense
2021-09-04,Netflix,Entertainment,36.55,Expense
2023-11-26,Internet,Utilities,76.72,Expense
2023-12-21,Online Shop,Shopping,50.31,Expense
2022-06-02,Online Shop,Shopping,24.38,Expense
2023-09-30,Internet,Utilities,76.0,Expense
2022-08-17,Online Shop,Shopping,27.58,Expense
2022-03-14,Online Shop,Shopping,18.35,Expense
2022-10-17,McDonalds,Food & Drink,44.94,Expense
2021-12-25,KFC,Food & Drink,43.48,Expense
2022-09-18,Netflix,Entertainment,91.43,Expense
2023-04-18,Clothes,Shopping,63.1,Expense
2023-12-17,Online Shop,Shopping,40.62,Expense
2021-10-03,Clothes,Shopping,84.42,Expense
2022-11-20,Internet,Utilities,129.28,Expense
2024-11-28,Netflix,Entertainment,10.54,Expense
2022-08-06,Online Shop,Shopping,42.27,Expense
2024-03-31,Starbucks,Food & Drink,87.13,Expense
2022-05-16,Electricity Bill,Utilities,48.53,Expense
2021-08-11,Clothes,Shopping,39.81,Expense
2024-11-18,McDonalds,Food & Drink,34.81,Expense
2024-10-02,Cinema,Entertainment,6.43,Expense
2024-01-09,Cinema,Entertainment,66.21,Expense
2020-01-22,Netflix,Entertainment,8.11,Expense
2020-12-29,Clothes,Shopping,57.46,Expense
2023-10-22,Online Shop,Shopping,71.0,Expense
2020-02-12,Online Shop,Shopping,34.19,Expense
2021-06-06,Electricity Bill,Utilities,81.94,Expense
2022-03-04,Starbucks,Food & Drink,38.07,Expense
2023-04-13,Cinema,Entertainment,27.03,Expense
2020-11-03,Netflix,Entertainment,74.84,Expense
2022-07-20,Electricity Bill,Utilities,13.55,Expense
2023-08-10,Clothes,Shopping,23.96,Expense
2021-02-13,Netflix,Entertainment,124.73,Expense
2020-02-02,Internet,Utilities,27.21,Expense
2022-12-13,KFC,Food & Drink,78.27,Expense
2021-08-16,Online Shop,Shopping,19.86,Expense
2024-03-08,Internet,Utilities,65.97,Expense
2023-01-04,Netflix,Entertainment,60.33,Expense
2024-04-29,Cinema,Entertainment,54.85,Expense
2023-07-15,Cinema,Entertainment,124.9,Expense
2021-05-30,Online Shop,Shopping,93.45,Expense
2021-10-22,Starbucks,Food & Drink,72.93,Expense
2024-02-18,KFC,Food & Drink,65.78,Expense
2022-08-18,Netflix,Entertainment,63.11,Expense
2021-12-14,Netflix,Entertainment,36.75,Expense
2022-07-09,Clothes,Shopping,89.91,Expense
2021-12-14,KFC,Food & Drink,8.09,Expense
2022-06-16,Internet,Utilities,65.16,Expense
2021-10-21,Netflix,Entertainment,51.53,Expense
2022-03-02,McDonalds,Food & Drink,14.31,Expense
2020-09-04,Clothes,Shopping,15.4,Expense
2020-11-28,McDonalds,Food & Drink,106.21,Expense
2024-09-10,Electricity Bill,Utilities,15.73,Expense
2024-06-04,Netflix,Entertainment,23.97,Expense
2023-08-06,Starbucks,Food & Drink,122.64,Expense
2024-04-06,Netflix,Entertainment,47.43,Expense
2024-05-22,Electricity Bill,Utilities,71.66,Expense
2020-03-09,Clothes,Shopping,70.53,Expense
2020-07-17,Online Shop,Shopping,78.48,Expense
2021-03-21,KFC,Food & Drink,57.3,Expense
2020-01-17,Online Shop,Shopping,7.67,Expense
2023-01-22,Clothes,Shopping,24.13,Expense
2023-10-19,Cinema,Entertainment,6.29,Expense
2024-05-09,Cinema,Entertainment,25.74,Expense
2024-11-16,Online Shop,Shopping,46.58,Expense
2022-08-06,Internet,Utilities,140.77,Expense
2022-08-05,Internet,Utilities,22.05,Expense
2022-02-03,McDonalds,Food & Drink,17.25,Expense
2023-04-30,Online Shop,Shopping,95.2,Expense
2024-10-07,Netflix,Entertainment,37.58,Expense
2023-04-09,Online Shop,Shopping,51.15,Expense
2023-10-14,Cinema,Entertainment,113.9,Expense
2024-11-12,Electricity Bill,Utilities,26.69,Expense
2021-10-22,KFC,Food & Drink,31.03,Expense
2024-01-03,Cinema,Entertainment,15.0,Expense
2020-07-19,Cinema,Entertainment,38.49,Expense
2020-11-05,McDonalds,Food & Drink,20.57,Expense
2024-04-14,Starbucks,Food & Drink,35.04,Expense
2023-01-13,Cinema,Entertainment,29.47,Expense
2021-02-15,Internet,Utilities,35.54,Expense
2022-08-12,McDonalds,Food & Drink,64.45,Expense
2020-02-14,Cinema,Entertainment,77.47,Expense
2021-03-17,Starbucks,Food & Drink,51.09,Expense
2023-07-15,KFC,Food & Drink,30.98,Expense
2020-10-19,Netflix,Entertainment,52.83,Expense
2021-10-05,Internet,Utilities,55.82,Expense
2021-04-12,Internet,Utilities,71.59,Expense
2023-06-24,Clothes,Shopping,26.49,Expense
2020-07-02,Cinema,Entertainment,57.95,Expense
2022-09-25,Clothes,Shopping,112.17,Expense
2023-01-10,Starbucks,Food & Drink,68.93,Expense
2023-04-13,Clothes,Shopping,13.43,Expense
2022-06-07,Starbucks,Food & Drink,11.35,Expense
2024-12-11,Starbucks,Food & Drink,20.69,Expense
2023-04-03,Clothes,Shopping,21.57,Expense
2020-06-19,Online Shop,Shopping,51.52,Expense
2021-10-03,KFC,Food & Drink,76.13,Expense
2023-01-08,McDonalds,Food & Drink,128.63,Expense
2023-03-29,Cinema,Entertainment,45.12,Expense
2023-05-24,Cinema,Entertainment,14.34,Expense
2023-12-03,Netflix,Entertainment,84.08,Expense
2024-04-11,Netflix,Entertainment,43.18,Expense
2021-05-30,KFC,Food & Drink,22.12,Expense
2024-05-26,Electricity Bill,Utilities,113.84,Expense
2024-07-12,Cinema,Entertainment,10.48,Expense
2024-09-23,Netflix,Entertainment,47.45,Expense
2024-08-27,Starbucks,Food & Drink,8.71,Expense
2020-08-22,Internet,Utilities,69.55,Expense
2020-01-31,Online Shop,Shopping,26.82,Expense
2021-02-26,Internet,Utilities,13.81,Expense
2021-11-18,Clothes,Shopping,74.51,Expense
2022-06-03,Starbucks,Food & Drink,15.34,Expense
2023-03-09,Starbucks,Food & Drink,77.99,Expense
2023-01-11,Clothes,Shopping,8.54,Expense
2024-03-18,Electricity Bill,Utilities,40.35,Expense
2022-09-09,Netflix,Entertainment,24.72,Expense
2020-03-18,Online Shop,Shopping,50.87,Expense
2021-03-24,Clothes,Shopping,69.66,Expense
2022-05-18,Online Shop,Shopping,10.82,Expense
2023-09-16,Internet,Utilities,134.42,Expense
2022-06-11,Clothes,Shopping,53.95,Expense
2024-02-24,Internet,Utilities,48.65,Expense
2024-01-03,Clothes,Shopping,46.31,Expense
2021-09-26,Netflix,Entertainment,116.96,Expense
2023-12-16,Cinema,Entertainment,124.05,Expense
2021-09-25,KFC,Food & Drink,69.96,Expense
2022-07-25,Clothes,Shopping,71.72,Expense
2022-08-07,Internet,Utilities,140.19,Expense
2022-09-23,Online Shop,Shopping,18.04,Expense
2023-09-27,Clothes,Shopping,38.47,Expense
2021-07-11,Clothes,Shopping,103.3,Expense
2021-10-07,KFC,Food & Drink,18.03,Expense
2023-05-16,Clothes,Shopping,36.51,Expense
2021-06-02,Internet,Utilities,25.01,Expense
2022-08-09,Electricity Bill,Utilities,77.9,Expense
2023-12-13,Clothes,Shopping,46.33,Expense
2022-08-08,Cinema,Entertainment,28.45,Expense
2024-10-15,Starbucks,Food & Drink,39.29,Expense
2023-11-25,McDonalds,Food & Drink,142.34,Expense
2020-11-04,Starbucks,Food & Drink,73.41,Expense
2023-10-05,Clothes,Shopping,40.68,Expense
2020-07-09,Internet,Utilities,67.54,Expense
2021-07-14,Electricity Bill,Utilities,68.75,Expense
2021-04-17,Online Shop,Shopping,92.84,Expense
2020-10-27,McDonalds,Food & Drink,48.37,Expense
2020-12-26,Online Shop,Shopping,133.08,Expense
2023-02-12,McDonalds,Food & Drink,51.43,Expense
2024-06-25,Online Shop,Shopping,46.79,Expense
2024-06-09,Clothes,Shopping,125.01,Expense
2020-08-23,KFC,Food & Drink,137.34,Expense
2024-12-11,Electricity Bill,Utilities,77.15,Expense
2024-08-24,Internet,Utilities,30.51,Expense
2024-05-21,Internet,Utilities,53.56,Expense
2023-08-07,Cinema,Entertainment,59.14,Expense
2023-01-17,Clothes,Shopping,27.56,Expense
2022-02-27,Internet,Utilities,56.43,Expense
2020-10-21,Online Shop,Shopping,11.46,Expense
2024-06-23,McDonalds,Food & Drink,125.58,Expense
2021-08-11,McDonalds,Food & Drink,51.2,Expense
2020-01-29,Internet,Utilities,26.37,Expense
2021-10-18,Clothes,Shopping,21.97,Expense
2022-05-26,Internet,Utilities,20.96,Expense
2023-12-02,Cinema,Entertainment,65.35,Expense
2021-08-18,Internet,Utilities,59.6,Expense
2023-10-22,Cinema,Entertainment,35.01,Expense
2022-05-15,Electricity Bill,Utilities,99.12,Expense
2020-11-02,Internet,Utilities,45.72,Expense
2020-11-24,Electricity Bill,Utilities,61.95,Expense
2024-06-14,Starbucks,Food & Drink,33.82,Expense
2021-05-27,Netflix,Entertainment,54.26,Expense
2022-01-03,Cinema,Entertainment,17.29,Expense
2024-03-28,Clothes,Shopping,38.42,Expense
2022-06-02,Netflix,Entertainment,67.32,Expense
2021-07-26,Netflix,Entertainment,12.27,Expense
2022-03-12,Electricity Bill,Utilities,30.36,Expense
2021-04-07,Clothes,Shopping,74.75,Expense
2023-07-22,Electricity Bill,Utilities,49.26,Expense
2021-02-02,Starbucks,Food & Drink,74.38,Expense
2020-08-04,Electricity Bill,Utilities,56.44,Expense
2020-02-16,KFC,Food & Drink,47.21,Expense
2021-05-03,Electricity Bill,Utilities,54.85,Expense
2023-02-15,Electricity Bill,Utilities,50.59,Expense
2023-11-27,KFC,Food & Drink,50.92,Expense
2020-07-29,Starbucks,Food & Drink,53.94,Expense
2024-01-17,Clothes,Shopping,13.67,Expense
2020-09-17,Clothes,Shopping,35.57,Expense
2024-01-04,Online Shop,Shopping,70.91,Expense
2024-06-06,Starbucks,Food & Drink,24.23,Expense
2023-03-19,Electricity Bill,Utilities,84.29,Expense
2023-11-27,Electricity Bill,Utilities,71.13,Expense
2023-12-13,Electricity Bill,Utilities,12.74,Expense
2020-04-18,Internet,Utilities,103.52,Expense
2024-08-18,Starbucks,Food & Drink,135.23,Expense
2023-05-31,Internet,Utilities,77.22,Expense
2020-10-25,KFC,Food & Drink,24.72,Expense
2021-05-29,Clothes,Shopping,40.93,Expense
2020-04-05,Cinema,Entertainment,121.1,Expense
2020-11-05,Starbucks,Food & Drink,32.41,Expense
2022-06-04,Electricity Bill,Utilities,124.33,Expense
2022-06-04,Electricity Bill,Utilities,77.92,Expense
2021-09-02,Cinema,Entertainment,26.19,Expense
2024-10-29,Starbucks,Food & Drink,20.98,Expense
2022-08-02,Cinema,Entertainment,49.62,Expense
2022-03-06,Online Shop,Shopping,120.91,Expense
2021-08-23,Internet,Utilities,9.74,Expense
2023-12-09,Electricity Bill,Utilities,104.5,Expense
2022-01-28,Clothes,Shopping,36.5,Expense
2023-03-22,Clothes,Shopping,18.04,Expense
2023-02-13,Cinema,Entertainment,21.38,Expense
2024-09-27,Electricity Bill,Utilities,77.28,Expense
2021-04-21,Internet,Utilities,29.95,Expense
2020-06-09,Online Shop,Shopping,67.13,Expense
2024-02-17,Cinema,Entertainment,30.62,Expense
2023-02-05,KFC,Food & Drink,47.82,Expense
2020-02-26,Internet,Utilities,69.7,Expense
2022-11-17,Online Shop,Shopping,69.44,Expense
2021-01-05,Electricity Bill,Utilities,32.55,Expense
2020-06-24,Clothes,Shopping,22.24,Expense
2020-05-08,Internet,Utilities,34.19,Expense
2021-03-22,Online Shop,Shopping,77.73,Expense
2020-08-09,KFC,Food & Drink,133.58,Expense
2021-01-02,Netflix,Entertainment,81.0,Expense
2023-04-13,Cinema,Entertainment,45.14,Expense
2022-01-23,KFC,Food & Drink,47.62,Expense
2020-10-02,Electricity Bill,Utilities,22.12,Expense
2022-07-08,Online Shop,Shopping,72.37,Expense
2021-09-07,Internet,Utilities,19.98,Expense
2024-12-26,Electricity Bill,Utilities,6.06,Expense
2020-01-14,Internet,Utilities,35.06,Expense
2021-12-03,Online Shop,Shopping,27.65,Expense
2022-11-18,Electricity Bill,Utilities,29.42,Expense
2021-09-03,Netflix,Entertainment,27.54,Expense
2020-03-17,Clothes,Shopping,6.88,Expense
2020-02-08,Clothes,Shopping,113.4,Expense
2021-03-13,Internet,Utilities,105.14,Expense
2024-08-25,Electricity Bill,Utilities,23.44,Expense
2021-04-30,Netflix,Entertainment,34.63,Expense
2021-03-07,Online Shop,Shopping,54.14,Expense
2022-04-19,Clothes,Shopping,51.97,Expense
2020-06-14,KFC,Food & Drink,116.22,Expense
2023-02-04,Starbucks,Food & Drink,129.92,Expense
2023-12-19,Starbucks,Food & Drink,21.22,Expense
2020-12-12,Electricity Bill,Utilities,31.36,Expense
2020-01-11,McDonalds,Food & Drink,69.08,Expense
2021-02-04,McDonalds,Food & Drink,28.41,Expense
2024-11-16,Netflix,Entertainment,30.23,Expense
2022-03-29,Starbucks,Food & Drink,17.63,Expense
2020-04-05,Cinema,Entertainment,94.5,Expense
2020-12-06,Netflix,Entertainment,66.16,Expense
2024-04-22,Electricity Bill,Utilities,73.07,Expense
2021-04-02,Starbucks,Food & Drink,75.64,Expense
2024-11-13,Netflix,Entertainment,21.85,Expense
2020-04-12,Clothes,Shopping,20.5,Expense
2024-01-02,Online Shop,Shopping,47.24,Expense
2022-10-31,Netflix,Entertainment,30.86,Expense
2023-02-24,Starbucks,Food & Drink,37.74,Expense
2021-12-30,Online Shop,Shopping,12.82,Expense
2023-06-16,Internet,Utilities,72.82,Expense
2024-04-17,Internet,Utilities,52.86,Expense
2023-06-03,KFC,Food & Drink,141.31,Expense
2020-11-09,McDonalds,Food & Drink,29.64,Expense
2020-02-10,Electricity Bill,Utilities,6.48,Expense
2020-04-09,Internet,Utilities,53.12,Expense
2024-11-30,Online Shop,Shopping,94.39,Expense
2024-08-18,Internet,Utilities,60.74,Expense
2024-09-17,KFC,Food & Drink,10.48,Expense
2022-10-16,Cinema,Entertainment,138.75,Expense
2022-09-29,Clothes,Shopping,65.41,Expense
2021-06-29,Electricity Bill,Utilities,73.55,Expense
2024-08-07,Internet,Utilities,43.25,Expense
2021-06-28,Clothes,Shopping,29.07,Expense
2023-01-11,Electricity Bill,Utilities,45.61,Expense
2023-09-15,Online Shop,Shopping,18.27,Expense
2022-04-16,Internet,Utilities,144.62,Expense
2024-12-17,KFC,Food & Drink,49.78,Expense
2020-12-22,Internet,Utilities,46.35,Expense
2021-03-23,Online Shop,Shopping,66.99,Expense
2020-06-11,Internet,Utilities,34.1,Expense
2024-07-16,Clothes,Shopping,7.77,Expense
2020-10-25,Electricity Bill,Utilities,81.18,Expense
2024-09-22,Clothes,Shopping,129.39,Expense
2022-01-29,Cinema,Entertainment,23.52,Expense
2020-11-25,Cinema,Entertainment,52.32,Expense
2021-08-22,Internet,Utilities,128.53,Expense
2022-08-18,Electricity Bill,Utilities,43.92,Expense
2023-02-13,Netflix,Entertainment,32.77,Expense
2024-04-12,KFC,Food & Drink,39.33,Expense
2021-12-28,Starbucks,Food & Drink,49.23,Expense
2024-03-30,Internet,Utilities,75.31,Expense
2020-05-03,Cinema,Entertainment,97.48,Expense
2023-02-15,Internet,Utilities,12.73,Expense
2023-05-24,Cinema,Entertainment,56.38,Expense
2020-02-27,Netflix,Entertainment,60.2,Expense
2023-01-31,Online Shop,Shopping,58.79,Expense
2020-11-07,Online Shop,Shopping,32.17,Expense
2021-01-11,Clothes,Shopping,78.69,Expense
2023-01-29,Clothes,Shopping,118.62,Expense
2024-04-18,Online Shop,Shopping,11.7,Expense
2024-07-11,McDonalds,Food & Drink,40.45,Expense
2023-12-08,KFC,Food & Drink,74.27,Expense
2023-07-25,Cinema,Entertainment,26.93,Expense
2021-08-26,Electricity Bill,Utilities,19.39,Expense
2021-05-08,Netflix,Entertainment,88.23,Expense
2023-12-19,Clothes,Shopping,25.84,Expense
2020-08-31,Starbucks,Food & Drink,55.46,Expense
2020-06-10,Cinema,Entertainment,18.67,Expense
2023-07-19,Online Shop,Shopping,76.24,Expense
2020-03-21,Internet,Utilities,90.81,Expense
2021-05-04,Netflix,Entertainment,6.89,Expense
2022-08-21,Cinema,Entertainment,43.83,Expense
2022-02-13,Electricity Bill,Utilities,28.94,Expense
2024-02-18,Netflix,Entertainment,50.64,Expense
2020-12-05,Clothes,Shopping,37.93,Expense
2020-08-10,Online Shop,Shopping,12.15,Expense
2024-10-17,Starbucks,Food & Drink,28.37,Expense
2022-11-20,Electricity Bill,Utilities,53.78,Expense
2021-06-14,Netflix,Entertainment,5.99,Expense
2021-08-07,Netflix,Entertainment,137.91,Expense
2022-02-02,Online Shop,Shopping,10.98,Expense
2021-03-03,Internet,Utilities,60.24,Expense
2020-11-29,Online Shop,Shopping,114.51,Expense
2023-06-14,Internet,Utilities,52.22,Expense
2023-04-12,Clothes,Shopping,12.11,Expense
2024-08-22,KFC,Food & Drink,11.86,Expense
2020-10-05,Online Shop,Shopping,21.39,Expense
2024-05-12,Clothes,Shopping,69.98,Expense
2021-07-15,Netflix,Entertainment,78.68,Expense
2020-10-24,Electricity Bill,Utilities,38.88,Expense
2020-10-23,Electricity Bill,Utilities,40.34,Expense
2020-03-15,Internet,Utilities,111.67,Expense
2023-01-10,Netflix,Entertainment,61.47,Expense
2020-05-17,Online Shop,Shopping,76.04,Expense
2023-05-16,Clothes,Shopping,36.81,Expense
2020-03-08,Electricity Bill,Utilities,42.29,Expense
2024-07-28,Electricity Bill,Utilities,27.67,Expense
2024-08-13,KFC,Food & Drink,48.01,Expense
2024-03-05,Cinema,Entertainment,20.23,Expense
2024-02-04,Starbucks,Food & Drink,114.7,Expense
2024-05-02,KFC,Food & Drink,39.15,Expense
2020-08-31,Clothes,Shopping,71.38,Expense
2024-03-30,KFC,Food & Drink,112.19,Expense
2023-04-10,Starbucks,Food & Drink,57.21,Expense
2021-08-25,Cinema,Entertainment,33.92,Expense
2022-10-31,KFC,Food & Drink,17.5,Expense
2022-04-02,Cinema,Entertainment,91.99,Expense
2020-04-03,Starbucks,Food & Drink,63.18,Expense
2024-11-03,McDonalds,Food & Drink,122.26,Expense
2021-04-24,Internet,Utilities,57.16,Expense
2020-09-17,Netflix,Entertainment,28.28,Expense
2020-12-21,Online Shop,Shopping,75.13,Expense
2020-11-29,Cinema,Entertainment,100.06,Expense
2020-11-23,McDonalds,Food & Drink,37.23,Expense
2021-07-07,Internet,Utilities,78.73,Expense
2023-09-25,Online Shop,Shopping,33.04,Expense
2023-11-13,Online Shop,Shopping,31.37,Expense
2020-07-23,Internet,Utilities,75.14,Expense
2022-03-27,Starbucks,Food & Drink,46.94,Expense
2020-04-05,Online Shop,Shopping,83.78,Expense
2023-10-07,McDonalds,Food & Drink,28.94,Expense
2020-10-27,KFC,Food & Drink,35.48,Expense
2022-07-29,Cinema,Entertainment,46.72,Expense
2020-08-31,Internet,Utilities,12.38,Expense
2020-06-30,Cinema,Entertainment,43.62,Expense
2020-06-30,Cinema,Entertainment,76.88,Expense
2022-03-17,Online Shop,Shopping,13.93,Expense
2024-10-20,Online Shop,Shopping,83.22,Expense
2020-03-20,KFC,Food & Drink,78.39,Expense
2021-01-14,KFC,Food & Drink,47.72,Expense
2023-09-25,Netflix,Entertainment,42.94,Expense
2020-01-13,Internet,Utilities,30.03,Expense
2024-09-17,Electricity Bill,Utilities,63.04,Expense
2021-03-24,Clothes,Shopping,10.91,Expense
2023-01-19,Cinema,Entertainment,17.93,Expense
2022-09-14,Cinema,Entertainment,22.63,Expense
2020-10-21,Clothes,Shopping,56.31,Expense
2020-07-28,Internet,Utilities,15.02,Expense
2021-05-26,Netflix,Entertainment,52.13,Expense
2023-09-17,Clothes,Shopping,63.21,Expense
2021-10-30,Netflix,Entertainment,82.19,Expense
2024-01-13,Netflix,Entertainment,71.9,Expense
2022-08-03,Netflix,Entertainment,67.53,Expense
2022-06-27,Electricity Bill,Utilities,38.7,Expense
2023-11-05,Internet,Utilities,61.15,Expense
2023-06-09,Electricity Bill,Utilities,72.08,Expense
2022-11-20,Electricity Bill,Utilities,43.34,Expense
2021-05-07,Cinema,Entertainment,70.23,Expense
2021-05-03,Netflix,Entertainment,19.94,Expense
2022-05-14,Internet,Utilities,123.42,Expense
2023-11-09,Clothes,Shopping,42.39,Expense
2021-08-04,Internet,Utilities,9.4,Expense
2020-06-25,Electricity Bill,Utilities,26.9,Expense
2024-07-15,Cinema,Entertainment,34.78,Expense
2022-02-27,Internet,Utilities,60.02,Expense
2020-03-26,Electricity Bill,Utilities,28.04,Expense
2020-06-11,Electricity Bill,Utilities,28.62,Expense
2020-06-06,McDonalds,Food & Drink,53.16,Expense
2022-04-25,Starbucks,Food & Drink,73.03,Expense
2021-04-18,Starbucks,Food & Drink,61.27,Expense
2023-02-12,Online Shop,Shopping,127.55,Expense
2022-08-06,KFC,Food & Drink,38.41,Expense
2020-02-22,Netflix,Entertainment,77.75,Expense
2023-01-02,Online Shop,Shopping,11.94,Expense
2022-07-10,Internet,Utilities,128.96,Expense
2024-08-19,Internet,Utilities,23.55,Expense
2024-11-05,Online Shop,Shopping,21.7,Expense
2021-10-06,Netflix,Entertainment,31.02,Expense
2021-07-31,Clothes,Shopping,92.4,Expense
2021-09-17,Netflix,Entertainment,22.83,Expense
2024-03-03,Cinema,Entertainment,112.9,Expense
2022-11-05,KFC,Food & Drink,58.53,Expense
2021-08-06,Online Shop,Shopping,29.27,Expense
2020-09-21,KFC,Food & Drink,47.1,Expense
2020-03-12,Clothes,Shopping,26.96,Expense
2024-03-02,Cinema,Entertainment,104.94,Expense
2024-01-08,McDonalds,Food & Drink,54.05,Expense
2024-06-19,Electricity Bill,Utilities,11.0,Expense
2022-06-13,Online Shop,Shopping,52.08,Expense
2020-09-13,Online Shop,Shopping,35.65,Expense
2022-07-30,Clothes,Shopping,127.51,Expense
2023-05-31,Internet,Utilities,15.97,Expense
2024-06-17,KFC,Food & Drink,64.99,Expense
2023-06-07,Electricity Bill,Utilities,63.04,Expense
2023-02-28,Netflix,Entertainment,48.58,Expense
2020-08-27,Netflix,Entertainment,12.37,Expense
2024-10-13,Electricity Bill,Utilities,101.2,Expense
2021-02-20,Electricity Bill,Utilities,40.52,Expense
2024-09-23,Online Shop,Shopping,77.12,Expense
2022-06-07,Cinema,Entertainment,30.82,Expense
2021-03-06,Cinema,Entertainment,136.22,Expense
2024-05-31,Electricity Bill,Utilities,72.55,Expense
2023-10-11,Clothes,Shopping,28.07,Expense
2021-03-06,Electricity Bill,Utilities,41.52,Expense
2022-08-12,Electricity Bill,Utilities,12.93,Expense
2024-09-24,KFC,Food & Drink,8.11,Expense
2022-11-02,Netflix,Entertainment,32.24,Expense
2022-11-27,McDonalds,Food & Drink,31.56,Expense
2024-11-26,Internet,Utilities,18.69,Expense
2020-04-20,Internet,Utilities,29.42,Expense
2024-10-02,McDonalds,Food & Drink,35.95,Expense
2024-10-10,Online Shop,Shopping,73.84,Expense
2020-04-10,Cinema,Entertainment,45.44,Expense
2023-06-09,Netflix,Entertainment,53.8,Expense
2024-11-05,Online Shop,Shopping,37.63,Expense
2021-03-18,Electricity Bill,Utilities,64.73,Expense
2024-11-30,Netflix,Entertainment,104.87,Expense
2023-10-11,Online Shop,Shopping,69.6,Expense
2022-04-18,Clothes,Shopping,56.97,Expense
2022-11-27,Electricity Bill,Utilities,105.03,Expense
2021-09-09,Clothes,Shopping,32.9,Expense
2024-08-08,Online Shop,Shopping,77.33,Expense
2024-10-05,McDonalds,Food & Drink,124.77,Expense
2020-05-19,Online Shop,Shopping,77.32,Expense
2020-01-09,Starbucks,Food & Drink,8.91,Expense
2023-05-16,McDonalds,Food & Drink,21.78,Expense
2023-07-04,Electricity Bill,Utilities,76.86,Expense
2024-03-06,Cinema,Entertainment,42.44,Expense
2020-03-14,Electricity Bill,Utilities,28.87,Expense
2024-09-04,Clothes,Shopping,20.87,Expense
2024-04-17,Starbucks,Food & Drink,68.65,Expense
2021-08-03,Online Shop,Shopping,57.74,Expense
2020-02-11,KFC,Food & Drink,76.54,Expense
2022-03-15,Online Shop,Shopping,66.32,Expense
2024-01-06,Internet,Utilities,135.16,Expense
2024-05-12,McDonalds,Food & Drink,23.32,Expense
2021-03-05,Online Shop,Shopping,17.45,Expense
2020-08-29,Cinema,Entertainment,85.17,Expense
2024-04-14,Netflix,Entertainment,20.77,Expense
2022-02-19,Cinema,Entertainment,56.98,Expense
2024-04-08,Online Shop,Shopping,22.34,Expense
2020-10-20,Starbucks,Food & Drink,22.83,Expense
2024-02-21,Netflix,Entertainment,57.29,Expense
2020-02-14,Online Shop,Shopping,73.76,Expense
2024-11-09,Netflix,Entertainment,105.32,Expense
2022-01-07,Online Shop,Shopping,55.79,Expense
2021-12-16,Clothes,Shopping,29.68,Expense
2020-03-27,Cinema,Entertainment,37.44,Expense
2020-05-22,Electricity Bill,Utilities,20.0,Expense
2023-06-18,Internet,Utilities,68.48,Expense
2024-05-03,Internet,Utilities,13.76,Expense
2022-06-28,KFC,Food & Drink,18.45,Expense
2020-04-19,Electricity Bill,Utilities,80.53,Expense
2023-01-23,Netflix,Entertainment,24.6,Expense
2020-06-23,McDonalds,Food & Drink,31.8,Expense
2022-09-19,Netflix,Entertainment,19.43,Expense
2020-10-23,Online Shop,Shopping,35.71,Expense
2022-09-24,Online Shop,Shopping,113.79,Expense
2022-10-18,Netflix,Entertainment,68.87,Expense
2023-11-14,Online Shop,Shopping,52.21,Expense
2021-05-08,Electricity Bill,Utilities,95.94,Expense
2021-02-13,Online Shop,Shopping,113.85,Expense
2020-01-22,Electricity Bill,Utilities,13.58,Expense
2020-09-20,Netflix,Entertainment,134.28,Expense
2021-08-05,Netflix,Entertainment,74.0,Expense
2020-02-26,Clothes,Shopping,57.19,Expense
2024-08-24,Clothes,Shopping,21.97,Expense
2022-06-12,Online Shop,Shopping,105.64,Expense
2024-10-20,Online Shop,Shopping,88.96,Expense
2023-12-12,Netflix,Entertainment,36.64,Expense
2020-09-24,Starbucks,Food & Drink,77.66,Expense
2022-09-09,Netflix,Entertainment,18.1,Expense
2024-04-14,Electricity Bill,Utilities,71.07,Expense
2021-07-27,Internet,Utilities,36.74,Expense
2021-02-23,Cinema,Entertainment,69.04,Expense
2022-03-07,Internet,Utilities,58.77,Expense
2024-08-02,Internet,Utilities,54.52,Expense
2023-05-13,Starbucks,Food & Drink,118.11,Expense
2023-07-05,Starbucks,Food & Drink,32.67,Expense
2024-07-06,KFC,Food & Drink,62.61,Expense
2021-03-20,McDonalds,Food & Drink,73.34,Expense
2020-12-04,Netflix,Entertainment,19.86,Expense
2023-02-21,Cinema,Entertainment,76.61,Expense
2023-05-27,Online Shop,Shopping,41.89,Expense
2024-10-06,Electricity Bill,Utilities,87.77,Expense
2023-06-24,Internet,Utilities,41.95,Expense
2021-09-28,KFC,Food & Drink,12.44,Expense
2023-12-25,Clothes,Shopping,79.03,Expense
2021-06-21,Starbucks,Food & Drink,70.59,Expense
2024-10-28,Cinema,Entertainment,21.31,Expense
2023-08-06,Netflix,Entertainment,83.24,Expense
2020-04-06,Internet,Utilities,48.38,Expense
2023-04-06,Online Shop,Shopping,42.54,Expense
2023-11-11,Clothes,Shopping,144.77,Expense
2021-04-26,Clothes,Shopping,24.65,Expense
2023-01-06,Internet,Utilities,31.38,Expense
2024-09-12,Electricity Bill,Utilities,13.36,Expense
2022-02-19,Clothes,Shopping,142.47,Expense
2021-05-20,Cinema,Entertainment,22.72,Expense
2020-05-03,Clothes,Shopping,66.28,Expense
2020-12-21,Clothes,Shopping,65.1,Expense
2024-05-21,Clothes,Shopping,38.43,Expense
2024-12-26,Internet,Utilities,32.39,Expense
2024-04-28,McDonalds,Food & Drink,110.32,Expense
2020-07-12,Netflix,Entertainment,139.48,Expense
2020-10-28,KFC,Food & Drink,66.76,Expense
2020-04-17,Internet,Utilities,27.16,Expense
2022-09-04,Netflix,Entertainment,88.47,Expense
2024-06-22,Electricity Bill,Utilities,87.91,Expense
2021-02-23,Online Shop,Shopping,16.88,Expense
2020-05-20,McDonalds,Food & Drink,59.64,Expense
2022-01-19,Online Shop,Shopping,57.07,Expense
2024-12-23,Internet,Utilities,61.37,Expense
2024-10-14,Online Shop,Shopping,49.39,Expense
2024-04-27,Internet,Utilities,28.54,Expense
2022-09-22,Starbucks,Food & Drink,48.91,Expense
2021-11-26,Internet,Utilities,31.95,Expense
2021-08-16,KFC,Food & Drink,18.48,Expense
2023-07-14,Cinema,Entertainment,43.84,Expense
2021-04-16,Cinema,Entertainment,6.97,Expense
2022-04-10,Electricity Bill,Utilities,87.18,Expense
2022-06-07,Cinema,Entertainment,61.93,Expense
2021-05-16,McDonalds,Food & Drink,108.86,Expense
2020-06-14,Cinema,Entertainment,30.8,Expense
2023-08-31,Cinema,Entertainment,32.67,Expense
2021-06-18,Electricity Bill,Utilities,18.15,Expense
2021-07-20,Netflix,Entertainment,40.56,Expense
2020-02-28,Clothes,Shopping,63.51,Expense
2021-05-29,Netflix,Entertainment,95.41,Expense
2020-10-15,Starbucks,Food & Drink,32.23,Expense
2023-02-14,KFC,Food & Drink,10.31,Expense
2024-01-15,Clothes,Shopping,67.45,Expense
2023-03-02,McDonalds,Food & Drink,6.33,Expense
2023-02-02,Clothes,Shopping,60.26,Expense
2021-04-07,Starbucks,Food & Drink,8.65,Expense
2024-07-30,KFC,Food & Drink,74.13,Expense
2023-05-19,Online Shop,Shopping,20.5,Expense
2020-10-22,Netflix,Entertainment,51.52,Expense
2023-12-12,Internet,Utilities,25.56,Expense
2024-07-10,Clothes,Shopping,57.57,Expense
2020-06-16,Cinema,Entertainment,64.78,Expense
2020-09-17,Cinema,Entertainment,29.56,Expense
2020-03-21,Online Shop,Shopping,79.19,Expense
2024-12-27,Clothes,Shopping,78.17,Expense
2020-05-02,Clothes,Shopping,61.99,Expense
2021-11-09,Cinema,Entertainment,35.13,Expense
2024-10-11,KFC,Food & Drink,27.15,Expense
2023-02-12,Electricity Bill,Utilities,58.05,Expense
2022-05-13,Clothes,Shopping,29.25,Expense
2020-02-26,Online Shop,Shopping,64.51,Expense
2022-03-14,Online Shop,Shopping,19.73,Expense
2023-06-29,Starbucks,Food & Drink,75.97,Expense
2021-02-10,KFC,Food & Drink,24.47,Expense
2022-01-03,Starbucks,Food & Drink,65.78,Expense
2024-12-17,Clothes,Shopping,30.34,Expense
2021-07-27,Clothes,Shopping,8.1,Expense
2020-08-06,KFC,Food & Drink,53.36,Expense
2020-03-10,Netflix,Entertainment,75.37,Expense
2022-01-30,Internet,Utilities,79.35,Expense
2023-12-02,Electricity Bill,Utilities,145.3,Expense
2023-02-02,Electricity Bill,Utilities,21.23,Expense
2021-09-22,Netflix,Entertainment,44.08,Expense
2021-12-05,Netflix,Entertainment,129.83,Expense
2022-10-10,Cinema,Entertainment,14.7,Expense
2023-03-15,Electricity Bill,Utilities,12.51,Expense
2021-06-03,Netflix,Entertainment,23.92,Expense
2020-04-20,Netflix,Entertainment,73.73,Expense
2022-07-24,McDonalds,Food & Drink,123.3,Expense
2023-10-21,McDonalds,Food & Drink,122.31,Expense
2022-06-23,Cinema,Entertainment,9.75,Expense
2024-08-16,KFC,Food & Drink,25.93,Expense
2024-08-18,McDonalds,Food & Drink,116.41,Expense
2024-05-30,Netflix,Entertainment,64.18,Expense
2020-06-05,KFC,Food & Drink,66.85,Expense
2023-01-29,Online Shop,Shopping,73.26,Expense
2022-10-12,Cinema,Entertainment,26.02,Expense
2021-02-04,Cinema,Entertainment,61.75,Expense
2020-01-02,Clothes,Shopping,14.0,Expense
2020-07-22,Clothes,Shopping,14.08,Expense
2020-07-11,Internet,Utilities,28.42,Expense
2024-03-18,Cinema,Entertainment,30.42,Expense
2023-03-17,Online Shop,Shopping,57.4,Expense
2024-06-26,Cinema,Entertainment,24.52,Expense
2022-10-14,Internet,Utilities,42.58,Expense
2023-11-03,McDonalds,Food & Drink,11.88,Expense
2020-05-13,Netflix,Entertainment,22.67,Expense
2022-12-29,Electricity Bill,Utilities,6.63,Expense
2024-03-19,Electricity Bill,Utilities,60.54,Expense
2020-08-11,Cinema,Entertainment,70.68,Expense
2020-02-08,KFC,Food & Drink,37.24,Expense
2020-08-24,Netflix,Entertainment,14.11,Expense
2021-03-03,Online Shop,Shopping,34.24,Expense
2024-06-24,Cinema,Entertainment,28.76,Expense
2022-03-27,McDonalds,Food & Drink,104.71,Expense
2023-04-13,Online Shop,Shopping,29.89,Expense
2023-06-30,Cinema,Entertainment,50.33,Expense
2023-12-28,Internet,Utilities,7.53,Expense
2023-12-03,Cinema,Entertainment,100.26,Expense
2020-10-02,McDonalds,Food & Drink,68.42,Expense
2024-11-19,Internet,Utilities,20.61,Expense
2020-10-20,Electricity Bill,Utilities,51.13,Expense
2022-05-03,Internet,Utilities,76.21,Expense
2024-02-18,Electricity Bill,Utilities,108.03,Expense
2023-07-03,McDonalds,Food & Drink,56.94,Expense
2021-02-02,Electricity Bill,Utilities,45.81,Expense
2024-07-19,Clothes,Shopping,11.8,Expense
2021-12-31,Cinema,Entertainment,40.22,Expense
2024-06-06,McDonalds,Food & Drink,71.82,Expense
2021-03-05,Starbucks,Food & Drink,48.24,Expense
2023-11-22,Clothes,Shopping,67.61,Expense
2020-07-31,Clothes,Shopping,6.27,Expense
2020-04-26,Cinema,Entertainment,102.86,Expense
2022-07-15,Electricity Bill,Utilities,26.97,Expense
2024-11-03,McDonalds,Food & Drink,75.74,Expense
2022-04-07,Starbucks,Food & Drink,44.53,Expense
2020-01-13,Netflix,Entertainment,17.61,Expense
2021-03-24,Netflix,Entertainment,9.03,Expense
2022-11-08,Internet,Utilities,77.54,Expense
2023-08-25,Clothes,Shopping,6.94,Expense
2020-09-29,Netflix,Entertainment,26.77,Expense
2022-12-21,Clothes,Shopping,26.68,Expense
2024-06-06,McDonalds,Food & Drink,69.71,Expense
2024-08-20,Cinema,Entertainment,68.96,Expense
2024-09-11,Cinema,Entertainment,75.72,Expense
2020-06-27,Clothes,Shopping,26.54,Expense
2024-05-21,McDonalds,Food & Drink,69.2,Expense
2021-06-12,Electricity Bill,Utilities,20.74,Expense
2023-05-11,Electricity Bill,Utilities,11.21,Expense
2020-05-29,McDonalds,Food & Drink,35.51,Expense
2024-12-08,Electricity Bill,Utilities,93.51,Expense
2023-09-10,Starbucks,Food & Drink,106.67,Expense
2023-04-14,KFC,Food & Drink,79.11,Expense
2024-11-09,McDonalds,Food & Drink,73.9,Expense
2021-12-29,KFC,Food & Drink,30.13,Expense
2020-01-11,Internet,Utilities,78.23,Expense
2024-12-21,McDonalds,Food & Drink,99.6,Expense
2023-12-21,Electricity Bill,Utilities,56.03,Expense
2020-01-09,Online Shop,Shopping,51.17,Expense
2021-02-12,KFC,Food & Drink,79.11,Expense
2021-04-04,Clothes,Shopping,113.42,Expense
2023-11-24,Electricity Bill,Utilities,37.59,Expense
2022-03-04,Internet,Utilities,27.52,Expense
2024-08-18,Online Shop,Shopping,58.12,Expense
2021-12-31,KFC,Food & Drink,79.95,Expense
2021-12-10,Internet,Utilities,23.62,Expense
2020-06-17,Electricity Bill,Utilities,39.5,Expense
2020-10-12,Online Shop,Shopping,38.17,Expense
2020-11-18,McDonalds,Food & Drink,14.33,Expense
2023-12-06,Online Shop,Shopping,13.16,Expense
2023-10-27,KFC,Food & Drink,51.86,Expense
2023-03-26,Online Shop,Shopping,137.2,Expense
2020-08-12,Netflix,Entertainment,36.14,Expense
2022-04-17,Clothes,Shopping,136.84,Expense
2020-12-03,Electricity Bill,Utilities,62.46,Expense
2022-04-30,McDonalds,Food & Drink,126.09,Expense
2023-09-26,Cinema,Entertainment,8.29,Expense
2023-06-02,Clothes,Shopping,15.54,Expense
2020-12-23,Internet,Utilities,49.86,Expense
2020-11-09,Internet,Utilities,30.02,Expense
2023-05-02,Netflix,Entertainment,39.31,Expense
2022-03-18,KFC,Food & Drink,43.23,Expense
2024-07-13,Internet,Utilities,93.5,Expense
2021-12-16,Clothes,Shopping,8.65,Expense
2023-10-25,KFC,Food & Drink,6.54,Expense
2021-05-19,Internet,Utilities,78.24,Expense
2020-07-08,Online Shop,Shopping,19.68,Expense
2024-11-17,Netflix,Entertainment,141.24,Expense
2022-03-31,Electricity Bill,Utilities,13.98,Expense
2021-12-11,KFC,Food & Drink,53.56,Expense
2020-05-20,Internet,Utilities,28.97,Expense
2022-09-09,Netflix,Entertainment,67.75,Expense
2024-08-05,McDonalds,Food & Drink,33.9,Expense
2023-05-14,Internet,Utilities,64.67,Expense
2020-04-18,Clothes,Shopping,77.56,Expense
2020-03-12,Clothes,Shopping,37.42,Expense
2020-02-04,Electricity Bill,Utilities,62.41,Expense
2024-11-07,Cinema,Entertainment,78.24,Expense
2023-01-13,Cinema,Entertainment,78.56,Expense
2022-02-20,Cinema,Entertainment,59.64,Expense
2024-04-27,Netflix,Entertainment,62.05,Expense
2022-01-07,McDonalds,Food & Drink,6.47,Expense
2021-07-17,Cinema,Entertainment,126.6,Expense
2021-11-12,Electricity Bill,Utilities,52.72,Expense
2021-11-30,Internet,Utilities,14.13,Expense
2020-12-27,Netflix,Entertainment,103.99,Expense
2021-06-18,Internet,Utilities,60.81,Expense
2024-04-23,McDonalds,Food & Drink,7.95,Expense
2020-12-04,Netflix,Entertainment,71.96,Expense
2024-06-28,Cinema,Entertainment,38.64,Expense
2024-02-11,KFC,Food & Drink,134.48,Expense
2023-05-25,Online Shop,Shopping,27.36,Expense
2020-07-30,KFC,Food & Drink,42.59,Expense
2024-03-09,Cinema,Entertainment,144.11,Expense
2023-06-25,Internet,Utilities,56.46,Expense
2020-07-12,Netflix,Entertainment,96.07,Expense
2020-04-09,Netflix,Entertainment,17.09,Expense
2023-01-24,Online Shop,Shopping,77.87,Expense
2021-02-17,Electricity Bill,Utilities,14.64,Expense
2020-04-20,Netflix,Entertainment,78.14,Expense
2022-01-06,KFC,Food & Drink,47.86,Expense
2022-02-02,Netflix,Entertainment,33.68,Expense
2020-04-06,Clothes,Shopping,18.69,Expense
2024-12-13,Online Shop,Shopping,21.87,Expense
2022-09-08,Online Shop,Shopping,11.02,Expense
2023-03-05,Starbucks,Food & Drink,45.15,Expense
2024-10-05,McDonalds,Food & Drink,74.22,Expense
2021-08-25,Electricity Bill,Utilities,33.86,Expense
2021-09-24,Cinema,Entertainment,30.25,Expense
2023-01-25,Clothes,Shopping,65.67,Expense
2024-04-15,Electricity Bill,Utilities,34.88,Expense
2023-06-25,Internet,Utilities,62.78,Expense
2021-03-27,McDonalds,Food & Drink,63.46,Expense
2022-05-15,Netflix,Entertainment,42.47,Expense
2024-02-04,Internet,Utilities,117.93,Expense
2020-08-30,Internet,Utilities,28.83,Expense
2023-12-03,Starbucks,Food & Drink,45.03,Expense
2021-06-04,Electricity Bill,Utilities,5.39,Expense
2020-11-17,Cinema,Entertainment,50.34,Expense
2022-05-23,Online Shop,Shopping,31.58,Expense
2024-12-08,Internet,Utilities,94.21,Expense
2021-06-16,Electricity Bill,Utilities,62.33,Expense
2024-08-18,Clothes,Shopping,91.42,Expense
2023-03-24,KFC,Food & Drink,18.37,Expense
2024-06-04,KFC,Food & Drink,41.25,Expense
2021-05-11,KFC,Food & Drink,42.03,Expense
2021-07-22,Netflix,Entertainment,27.08,Expense
2023-04-26,KFC,Food & Drink,28.19,Expense
2023-10-09,Netflix,Entertainment,73.13,Expense
2021-12-10,Electricity Bill,Utilities,51.42,Expense
2020-12-14,Starbucks,Food & Drink,52.41,Expense
2021-03-24,Starbucks,Food & Drink,75.74,Expense
2024-07-08,KFC,Food & Drink,29.35,Expense
2023-08-07,Starbucks,Food & Drink,19.07,Expense
2022-07-24,Electricity Bill,Utilities,111.07,Expense
2020-08-24,Clothes,Shopping,73.81,Expense
2021-12-03,McDonalds,Food & Drink,57.49,Expense
2020-02-02,Online Shop,Shopping,90.77,Expense
2022-11-08,Cinema,Entertainment,42.97,Expense
2022-02-23,Online Shop,Shopping,36.61,Expense
2021-10-17,Online Shop,Shopping,71.1,Expense
2022-05-29,Clothes,Shopping,43.53,Expense
2023-11-07,KFC,Food & Drink,8.06,Expense
2021-04-14,Starbucks,Food & Drink,46.76,Expense
2020-10-16,Clothes,Shopping,13.05,Expense
2020-03-15,Clothes,Shopping,118.49,Expense
2022-08-21,Netflix,Entertainment,111.39,Expense
2023-07-25,Netflix,Entertainment,38.69,Expense
2021-08-02,Online Shop,Shopping,68.9,Expense
2021-07-11,Online Shop,Shopping,129.54,Expense
2020-04-26,KFC,Food & Drink,32.26,Expense
2021-08-26,Electricity Bill,Utilities,57.65,Expense
2024-01-22,Electricity Bill,Utilities,54.39,Expense
2023-02-28,Online Shop,Shopping,18.41,Expense
2022-10-11,Electricity Bill,Utilities,7.18,Expense
2024-01-23,Internet,Utilities,41.47,Expense
2024-05-14,KFC,Food & Drink,78.62,Expense
2020-01-10,Clothes,Shopping,19.2,Expense
2022-03-02,Netflix,Entertainment,36.34,Expense
2020-09-29,Electricity Bill,Utilities,62.22,Expense
2023-08-19,Online Shop,Shopping,100.76,Expense
2023-11-14,Internet,Utilities,35.96,Expense
2020-03-17,Internet,Utilities,60.61,Expense
2023-04-17,Online Shop,Shopping,25.47,Expense
2022-11-24,Internet,Utilities,40.7,Expense
2024-02-04,Netflix,Entertainment,141.58,Expense
2022-06-30,Cinema,Entertainment,6.63,Expense
2021-10-04,Clothes,Shopping,25.73,Expense
2024-06-22,Internet,Utilities,105.74,Expense
2023-12-09,Clothes,Shopping,67.6,Expense
2023-12-29,Cinema,Entertainment,49.88,Expense
2023-05-13,KFC,Food & Drink,104.03,Expense
2020-05-26,Clothes,Shopping,39.72,Expense
2022-08-13,Cinema,Entertainment,85.75,Expense
2024-08-10,Clothes,Shopping,105.98,Expense
2022-11-27,KFC,Food & Drink,60.63,Expense
2022-07-06,Online Shop,Shopping,51.24,Expense
2021-06-19,Clothes,Shopping,73.23,Expense
2022-07-30,Internet,Utilities,111.83,Expense
2020-06-17,Electricity Bill,Utilities,21.01,Expense
2021-07-11,Clothes,Shopping,80.37,Expense
2022-02-03,Online Shop,Shopping,71.49,Expense
2024-08-18,Electricity Bill,Utilities,82.59,Expense
2020-04-21,KFC,Food & Drink,7.16,Expense
2023-12-14,McDonalds,Food & Drink,25.63,Expense
2023-11-30,Clothes,Shopping,9.57,Expense
2021-07-07,Starbucks,Food & Drink,59.33,Expense
2020-06-08,Clothes,Shopping,48.77,Expense
2023-06-26,Cinema,Entertainment,69.86,Expense
2022-12-23,Cinema,Entertainment,62.92,Expense
2022-05-09,Electricity Bill,Utilities,64.79,Expense
2021-02-21,Electricity Bill,Utilities,83.03,Expense
2022-03-27,Starbucks,Food & Drink,103.65,Expense
2023-04-23,Clothes,Shopping,116.63,Expense
2024-09-11,McDonalds,Food & Drink,70.13,Expense
2022-07-26,Electricity Bill,Utilities,59.04,Expense
2023-02-13,Cinema,Entertainment,12.78,Expense
2020-01-21,McDonalds,Food & Drink,10.58,Expense
2022-02-22,Electricity Bill,Utilities,79.74,Expense
2020-07-05,Internet,Utilities,46.95,Expense
2023-06-09,Netflix,Entertainment,52.79,Expense
2024-03-12,KFC,Food & Drink,20.63,Expense
2020-10-23,Electricity Bill,Utilities,32.17,Expense
2020-05-31,Cinema,Entertainment,34.39,Expense
2021-06-15,Starbucks,Food & Drink,34.0,Expense
2024-12-16,Internet,Utilities,56.08,Expense
2024-07-31,McDonalds,Food & Drink,31.33,Expense
2020-08-16,KFC,Food & Drink,83.49,Expense
2022-09-14,Netflix,Entertainment,45.87,Expense
2024-05-18,McDonalds,Food & Drink,55.48,Expense
2023-06-28,Netflix,Entertainment,51.13,Expense
2020-06-22,Online Shop,Shopping,23.36,Expense
2023-02-04,Internet,Utilities,110.4,Expense
2024-12-11,Netflix,Entertainment,46.49,Expense
2020-12-22,Cinema,Entertainment,41.28,Expense
2022-11-24,Starbucks,Food & Drink,59.0,Expense
2022-10-22,Internet,Utilities,45.44,Expense
2023-12-05,Online Shop,Shopping,67.66,Expense
2023-09-29,McDonalds,Food & Drink,7.71,Expense
2022-02-03,Electricity Bill,Utilities,56.4,Expense
2021-08-21,Cinema,Entertainment,139.2,Expense
2023-10-02,Starbucks,Food & Drink,19.18,Expense
2024-10-18,KFC,Food & Drink,44.41,Expense
2023-12-15,Online Shop,Shopping,61.3,Expense
2020-02-25,Internet,Utilities,74.3,Expense
2023-01-02,Starbucks,Food & Drink,57.46,Expense
2021-12-31,Electricity Bill,Utilities,34.85,Expense
2023-09-15,Cinema,Entertainment,24.76,Expense
2022-11-09,Online Shop,Shopping,34.63,Expense
2023-02-14,Online Shop,Shopping,49.84,Expense
2022-10-28,Electricity Bill,Utilities,31.91,Expense
2022-07-06,Netflix,Entertainment,74.89,Expense
2020-03-06,KFC,Food & Drink,66.59,Expense
2022-01-21,Clothes,Shopping,7.18,Expense
2020-09-05,Internet,Utilities,66.56,Expense
2021-06-30,Cinema,Entertainment,44.55,Expense
2022-02-18,Electricity Bill,Utilities,72.98,Expense
2022-02-09,KFC,Food & Drink,68.12,Expense
2023-01-10,Starbucks,Food & Drink,6.76,Expense
2022-01-21,Online Shop,Shopping,62.39,Expense
2022-05-28,Netflix,Entertainment,62.84,Expense
2024-08-30,Online Shop,Shopping,34.56,Expense
2020-04-26,KFC,Food & Drink,126.18,Expense
2020-01-21,Electricity Bill,Utilities,44.53,Expense
2023-03-19,Clothes,Shopping,35.98,Expense
2024-01-19,Netflix,Entertainment,32.39,Expense
2024-07-31,KFC,Food & Drink,69.74,Expense
2021-10-13,KFC,Food & Drink,68.48,Expense
2022-07-05,McDonalds,Food & Drink,59.73,Expense
2021-03-27,Cinema,Entertainment,72.79,Expense
2024-04-25,Cinema,Entertainment,65.01,Expense
2023-09-08,McDonalds,Food & Drink,72.33,Expense
2021-02-23,Internet,Utilities,57.84,Expense
2023-03-22,Starbucks,Food & Drink,28.23,Expense
2023-01-31,Internet,Utilities,29.17,Expense
2021-01-05,Internet,Utilities,31.3,Expense
2024-01-08,Internet,Utilities,40.94,Expense
2024-07-06,Clothes,Shopping,144.63,Expense
2023-12-05,Online Shop,Shopping,39.73,Expense
2024-06-24,McDonalds,Food & Drink,24.25,Expense
2020-03-07,KFC,Food & Drink,37.36,Expense
2024-09-17,Online Shop,Shopping,69.33,Expense
2024-06-06,Online Shop,Shopping,61.86,Expense
2022-06-29,Internet,Utilities,62.58,Expense
2023-12-25,Netflix,Entertainment,14.79,Expense
2020-05-26,Starbucks,Food & Drink,44.62,Expense
2020-05-29,Netflix,Entertainment,32.15,Expense
2023-05-28,Electricity Bill,Utilities,131.5,Expense
2023-06-24,Internet,Utilities,60.75,Expense
2020-11-19,Electricity Bill,Utilities,57.28,Expense
2024-11-04,Clothes,Shopping,6.21,Expense
2020-06-19,McDonalds,Food & Drink,68.52,Expense
2024-05-11,Netflix,Entertainment,95.32,Expense
2020-01-11,Electricity Bill,Utilities,48.48,Expense
2023-04-26,Netflix,Entertainment,14.74,Expense
2020-10-20,KFC,Food & Drink,66.53,Expense
2022-10-25,Online Shop,Shopping,66.35,Expense
2020-09-27,Clothes,Shopping,75.11,Expense
2023-12-09,Online Shop,Shopping,138.14,Expense
2022-02-07,Starbucks,Food & Drink,62.0,Expense
2024-08-16,Internet,Utilities,58.62,Expense
2024-01-03,McDonalds,Food & Drink,20.91,Expense
2020-01-20,Internet,Utilities,24.57,Expense
2023-08-26,Electricity Bill,Utilities,122.35,Expense
2021-11-19,Clothes,Shopping,12.35,Expense
2021-09-09,Internet,Utilities,14.28,Expense
2020-11-03,Electricity Bill,Utilities,56.87,Expense
2023-10-22,Online Shop,Shopping,40.28,Expense
2024-02-24,Starbucks,Food & Drink,99.19,Expense
2020-05-02,Netflix,Entertainment,62.67,Expense
2022-12-23,Cinema,Entertainment,39.63,Expense
2024-12-28,Internet,Utilities,76.95,Expense
2021-08-19,Clothes,Shopping,57.97,Expense
2022-10-26,Clothes,Shopping,38.71,Expense
2024-01-13,Starbucks,Food & Drink,70.11,Expense
2024-10-28,Starbucks,Food & Drink,40.94,Expense
2020-02-04,Online Shop,Shopping,44.18,Expense
2023-02-09,Online Shop,Shopping,17.81,Expense
2022-04-16,Online Shop,Shopping,116.41,Expense
2021-07-27,Cinema,Entertainment,31.81,Expense
2020-07-27,Electricity Bill,Utilities,26.93,Expense
2020-01-14,Netflix,Entertainment,50.47,Expense
2023-06-18,Netflix,Entertainment,97.8,Expense
2021-01-06,Online Shop,Shopping,38.96,Expense
2023-11-05,Cinema,Entertainment,20.05,Expense
2020-08-12,Starbucks,Food & Drink,9.84,Expense
2024-06-04,Clothes,Shopping,28.15,Expense
2023-06-27,Starbucks,Food & Drink,47.13,Expense
2022-10-14,McDonalds,Food & Drink,11.28,Expense
2021-01-26,Netflix,Entertainment,31.57,Expense
2024-11-22,Online Shop,Shopping,28.45,Expense
2021-02-28,Starbucks,Food & Drink,23.61,Expense
2022-04-29,Internet,Utilities,32.65,Expense
2020-01-05,Starbucks,Food & Drink,57.57,Expense
2023-02-11,KFC,Food & Drink,57.2,Expense
2022-07-25,Netflix,Entertainment,26.82,Expense
2020-04-12,McDonalds,Food & Drink,26.17,Expense
2023-11-11,Netflix,Entertainment,50.78,Expense
2021-06-08,McDonalds,Food & Drink,9.42,Expense
2021-05-16,Electricity Bill,Utilities,63.4,Expense
2021-07-23,Online Shop,Shopping,11.84,Expense
2024-11-24,Netflix,Entertainment,25.89,Expense
2022-05-02,Cinema,Entertainment,76.12,Expense
2020-04-28,Electricity Bill,Utilities,56.59,Expense
2024-09-20,KFC,Food & Drink,27.46,Expense
2024-10-05,Netflix,Entertainment,144.03,Expense
2022-02-12,Clothes,Shopping,33.22,Expense
2020-11-26,Cinema,Entertainment,64.48,Expense
2022-10-24,Clothes,Shopping,77.8,Expense
2024-02-06,Electricity Bill,Utilities,43.16,Expense
2023-04-27,Clothes,Shopping,25.04,Expense
2022-04-21,Electricity Bill,Utilities,53.86,Expense
2022-11-25,Cinema,Entertainment,13.76,Expense
2023-10-22,Internet,Utilities,50.09,Expense
2020-06-10,Online Shop,Shopping,14.83,Expense
2021-11-16,Cinema,Entertainment,41.67,Expense
2020-03-18,Netflix,Entertainment,13.98,Expense
2020-02-14,Online Shop,Shopping,78.66,Expense
2020-05-03,Cinema,Entertainment,45.57,Expense
2020-02-08,Netflix,Entertainment,56.15,Expense
2022-09-12,McDonalds,Food & Drink,50.58,Expense
2020-11-13,Starbucks,Food & Drink,53.6,Expense
2024-09-05,Electricity Bill,Utilities,57.11,Expense
2024-09-10,Internet,Utilities,60.08,Expense
2021-10-31,Internet,Utilities,110.77,Expense
2022-10-21,Clothes,Shopping,10.59,Expense
2023-01-04,KFC,Food & Drink,33.74,Expense
2021-12-25,Online Shop,Shopping,78.44,Expense
2023-01-22,KFC,Food & Drink,70.4,Expense
2022-11-15,Internet,Utilities,21.89,Expense
2024-01-07,Netflix,Entertainment,137.18,Expense
2021-11-05,Cinema,Entertainment,49.41,Expense
2024-08-23,Cinema,Entertainment,58.98,Expense
2021-06-04,Starbucks,Food & Drink,12.11,Expense
2024-10-14,Clothes,Shopping,74.7,Expense
2024-10-18,KFC,Food & Drink,35.27,Expense
2023-06-27,Cinema,Entertainment,73.13,Expense
2020-09-11,McDonalds,Food & Drink,45.43,Expense
2023-09-21,Netflix,Entertainment,43.42,Expense
2024-03-08,Cinema,Entertainment,50.42,Expense
2023-12-23,Internet,Utilities,45.23,Expense
2022-11-09,Cinema,Entertainment,34.74,Expense
2020-08-04,McDonalds,Food & Drink,54.94,Expense
2022-09-05,Starbucks,Food & Drink,68.95,Expense
2023-08-25,McDonalds,Food & Drink,6.89,Expense
2023-05-21,Internet,Utilities,42.83,Expense
2022-10-26,McDonalds,Food & Drink,71.82,Expense
2021-05-13,Clothes,Shopping,6.16,Expense
2022-02-10,Online Shop,Shopping,40.66,Expense
2021-07-23,Internet,Utilities,22.39,Expense
2024-09-02,Clothes,Shopping,42.76,Expense
2020-08-25,Clothes,Shopping,42.69,Expense
2020-07-09,Clothes,Shopping,27.99,Expense
2020-02-22,Netflix,Entertainment,50.92,Expense
2023-09-23,Netflix,Entertainment,84.2,Expense
2020-01-05,McDonalds,Food & Drink,22.28,Expense
2024-11-21,Internet,Utilities,64.89,Expense
2024-07-17,Electricity Bill,Utilities,50.09,Expense
2023-02-24,Cinema,Entertainment,46.73,Expense
2023-12-22,Online Shop,Shopping,77.81,Expense
2022-09-11,KFC,Food & Drink,41.37,Expense
2021-04-24,Electricity Bill,Utilities,142.69,Expense
2023-04-22,Cinema,Entertainment,24.54,Expense
2022-02-13,Netflix,Entertainment,131.2,Expense
2020-12-29,Online Shop,Shopping,24.59,Expense
2024-03-23,Online Shop,Shopping,77.67,Expense
2020-04-15,Starbucks,Food & Drink,32.68,Expense
2024-01-28,Starbucks,Food & Drink,82.57,Expense
2021-09-30,Online Shop,Shopping,78.75,Expense
2021-08-30,Cinema,Entertainment,32.3,Expense
2020-06-16,Starbucks,Food & Drink,36.86,Expense
2022-12-27,Electricity Bill,Utilities,66.23,Expense
2024-09-29,Electricity Bill,Utilities,92.31,Expense
2020-03-29,Online Shop,Shopping,66.65,Expense
2024-08-14,KFC,Food & Drink,39.55,Expense
2024-01-25,Netflix,Entertainment,67.69,Expense
2022-03-13,Cinema,Entertainment,82.12,Expense
2023-03-15,Clothes,Shopping,55.45,Expense
2022-10-15,KFC,Food & Drink,28.58,Expense
2023-03-08,KFC,Food & Drink,45.78,Expense
2020-10-11,Clothes,Shopping,89.45,Expense
2020-11-03,Online Shop,Shopping,69.82,Expense
2024-08-22,Online Shop,Shopping,49.86,Expense
2022-06-09,Electricity Bill,Utilities,59.9,Expense
2021-01-04,Online Shop,Shopping,27.75,Expense
2022-06-18,Netflix,Entertainment,109.1,Expense
2020-12-19,KFC,Food & Drink,105.9,Expense
2020-02-23,Electricity Bill,Utilities,28.04,Expense
2024-11-22,KFC,Food & Drink,41.93,Expense
2024-12-05,Starbucks,Food & Drink,65.37,Expense
2024-05-26,McDonalds,Food & Drink,134.44,Expense
2020-01-20,Cinema,Entertainment,70.03,Expense
2021-11-22,Internet,Utilities,64.16,Expense
2024-02-25,Electricity Bill,Utilities,109.11,Expense
2023-03-03,Netflix,Entertainment,35.69,Expense
2020-07-12,McDonalds,Food & Drink,37.97,Expense
2021-07-08,Clothes,Shopping,45.14,Expense
2022-01-25,Clothes,Shopping,33.37,Expense
2020-04-30,Cinema,Entertainment,57.87,Expense
2023-09-05,Netflix,Entertainment,13.07,Expense
2020-07-10,Electricity Bill,Utilities,15.55,Expense
2023-01-14,KFC,Food & Drink,111.94,Expense
2021-04-13,Online Shop,Shopping,66.86,Expense
2024-04-03,McDonalds,Food & Drink,50.24,Expense
2021-11-26,McDonalds,Food & Drink,39.96,Expense
2021-06-28,Electricity Bill,Utilities,51.5,Expense
2023-12-06,Starbucks,Food & Drink,28.83,Expense
2023-05-24,Cinema,Entertainment,22.6,Expense
2022-02-03,Netflix,Entertainment,48.48,Expense
2021-12-06,Starbucks,Food & Drink,12.55,Expense
2020-11-23,Electricity Bill,Utilities,56.55,Expense
2023-12-25,KFC,Food & Drink,61.07,Expense
2024-08-13,Clothes,Shopping,57.95,Expense
2022-05-09,KFC,Food & Drink,16.45,Expense
2021-07-16,Internet,Utilities,49.56,Expense
2021-06-06,Starbucks,Food & Drink,76.84,Expense
2022-06-16,Clothes,Shopping,18.1,Expense
2024-06-18,Netflix,Entertainment,65.6,Expense
2023-10-07,Internet,Utilities,129.23,Expense
2020-08-19,Electricity Bill,Utilities,51.08,Expense
2024-11-19,Electricity Bill,Utilities,38.21,Expense
2024-12-24,McDonalds,Food & Drink,45.25,Expense
2022-05-31,Starbucks,Food & Drink,13.95,Expense
2023-08-15,Online Shop,Shopping,40.85,Expense
2022-07-22,Starbucks,Food & Drink,71.89,Expense
2022-01-19,Clothes,Shopping,69.46,Expense
2024-11-30,Cinema,Entertainment,101.9,Expense
2020-04-30,Online Shop,Shopping,7.82,Expense
2022-05-13,Electricity Bill,Utilities,15.42,Expense
2023-08-06,McDonalds,Food & Drink,42.94,Expense
2024-10-18,Cinema,Entertainment,55.02,Expense
2023-03-11,Starbucks,Food & Drink,37.45,Expense
2021-10-28,Internet,Utilities,79.46,Expense
2021-10-08,Electricity Bill,Utilities,47.3,Expense
2024-10-26,Starbucks,Food & Drink,22.28,Expense
2022-11-21,Internet,Utilities,29.6,Expense
2021-12-02,Electricity Bill,Utilities,37.43,Expense
2022-03-16,Online Shop,Shopping,49.34,Expense
2022-04-22,KFC,Food & Drink,53.33,Expense
2020-05-14,Online Shop,Shopping,65.81,Expense
2024-05-30,Cinema,Entertainment,43.61,Expense
2020-02-02,KFC,Food & Drink,44.87,Expense
2021-10-18,Netflix,Entertainment,20.06,Expense
2023-11-02,Electricity Bill,Utilities,45.21,Expense
2021-03-08,Netflix,Entertainment,18.87,Expense
2022-07-27,Online Shop,Shopping,37.96,Expense
2021-03-10,Clothes,Shopping,41.39,Expense
2022-07-06,Clothes,Shopping,14.86,Expense
2020-08-27,Internet,Utilities,77.63,Expense
2020-07-30,KFC,Food & Drink,67.78,Expense
2020-12-09,Internet,Utilities,8.87,Expense
2021-11-09,Netflix,Entertainment,56.45,Expense
2023-08-10,Cinema,Entertainment,56.15,Expense
2021-08-29,Online Shop,Shopping,116.97,Expense
2023-12-09,Netflix,Entertainment,55.35,Expense
2023-05-06,Netflix,Entertainment,120.12,Expense
2022-08-04,KFC,Food & Drink,47.54,Expense
2020-03-13,Cinema,Entertainment,28.26,Expense
2020-03-31,McDonalds,Food & Drink,32.46,Expense
2022-02-06,Netflix,Entertainment,46.22,Expense
2024-12-20,Netflix,Entertainment,20.35,Expense
2023-09-13,KFC,Food & Drink,55.49,Expense
2022-01-02,Netflix,Entertainment,113.65,Expense
2023-02-16,Clothes,Shopping,77.1,Expense
2020-01-18,Electricity Bill,Utilities,63.51,Expense
2020-03-06,Netflix,Entertainment,32.99,Expense
2024-03-09,Electricity Bill,Utilities,49.74,Expense
2024-01-16,Electricity Bill,Utilities,77.25,Expense
2022-05-05,McDonalds,Food & Drink,37.67,Expense
2023-10-06,Cinema,Entertainment,67.24,Expense
2022-04-23,Cinema,Entertainment,98.61,Expense
2023-12-07,Cinema,Entertainment,10.02,Expense
2023-06-26,Cinema,Entertainment,74.95,Expense
2021-12-14,KFC,Food & Drink,48.58,Expense
2020-08-28,Online Shop,Shopping,71.1,Expense
2021-12-13,McDonalds,Food & Drink,28.84,Expense
2020-04-26,Netflix,Entertainment,35.8,Expense
2020-08-15,Starbucks,Food & Drink,39.71,Expense
2023-06-03,Starbucks,Food & Drink,107.68,Expense
2020-03-18,Online Shop,Shopping,57.5,Expense
2023-02-21,Cinema,Entertainment,28.48,Expense
2023-07-03,KFC,Food & Drink,29.57,Expense
2023-07-25,Electricity Bill,Utilities,39.08,Expense
2024-08-16,McDonalds,Food & Drink,24.86,Expense
2024-12-26,McDonalds,Food & Drink,31.67,Expense
2024-12-06,Cinema,Entertainment,36.6,Expense
2021-11-18,Online Shop,Shopping,18.63,Expense
2024-08-18,Electricity Bill,Utilities,120.89,Expense
2020-05-05,Clothes,Shopping,65.59,Expense
2022-05-24,Internet,Utilities,9.64,Expense
2022-03-12,Starbucks,Food & Drink,74.35,Expense
2024-12-23,Clothes,Shopping,19.51,Expense
2022-04-03,Cinema,Entertainment,71.4,Expense
2021-10-21,Internet,Utilities,39.21,Expense
2023-01-20,Netflix,Entertainment,52.57,Expense
2021-04-18,Online Shop,Shopping,50.06,Expense
2020-03-07,Internet,Utilities,52.6,Expense
2022-01-26,Clothes,Shopping,40.19,Expense
2021-01-08,KFC,Food & Drink,64.32,Expense
2024-02-24,Starbucks,Food & Drink,25.48,Expense
2022-07-06,Online Shop,Shopping,72.94,Expense
2021-10-29,Cinema,Entertainment,10.98,Expense
2021-08-13,Clothes,Shopping,78.9,Expense
2022-01-12,Cinema,Entertainment,76.04,Expense
2024-07-03,Electricity Bill,Utilities,17.51,Expense
2024-03-25,Netflix,Entertainment,70.17,Expense
2024-04-17,McDonalds,Food & Drink,26.55,Expense
2021-12-13,Internet,Utilities,12.75,Expense
2020-10-13,Netflix,Entertainment,45.8,Expense
2023-05-27,Online Shop,Shopping,67.89,Expense
2020-12-07,Online Shop,Shopping,37.35,Expense
2023-10-27,Internet,Utilities,18.91,Expense
2023-10-21,Cinema,Entertainment,74.74,Expense
2020-09-18,Electricity Bill,Utilities,75.41,Expense
2021-02-08,Netflix,Entertainment,24.14,Expense
2023-04-08,Cinema,Entertainment,69.25,Expense
2022-01-24,Netflix,Entertainment,34.61,Expense
2022-04-08,Online Shop,Shopping,11.8,Expense
2024-01-28,Netflix,Entertainment,83.53,Expense
2023-06-04,Internet,Utilities,86.17,Expense
2022-09-15,Online Shop,Shopping,20.46,Expense
2021-12-31,Electricity Bill,Utilities,33.54,Expense
2022-08-11,Clothes,Shopping,73.65,Expense
2024-05-28,Clothes,Shopping,11.32,Expense
2024-02-06,Cinema,Entertainment,9.25,Expense
2022-12-12,McDonalds,Food & Drink,37.08,Expense
2021-12-30,Clothes,Shopping,26.28,Expense
2021-07-13,Cinema,Entertainment,12.71,Expense
2021-04-14,Clothes,Shopping,45.13,Expense
2024-01-27,Online Shop,Shopping,56.19,Expense
2023-09-25,Electricity Bill,Utilities,44.89,Expense
2021-06-03,Cinema,Entertainment,38.63,Expense
2023-12-16,Cinema,Entertainment,130.02,Expense
2022-06-08,Starbucks,Food & Drink,13.9,Expense
2024-03-26,Clothes,Shopping,46.04,Expense
2022-04-22,Netflix,Entertainment,68.77,Expense
2020-03-16,Electricity Bill,Utilities,21.68,Expense
2024-01-04,Clothes,Shopping,22.94,Expense
2020-06-12,Electricity Bill,Utilities,19.61,Expense
2023-02-22,Internet,Utilities,38.4,Expense
2023-10-28,Online Shop,Shopping,108.01,Expense
2024-10-21,Clothes,Shopping,10.88,Expense
2022-07-17,Internet,Utilities,135.69,Expense
2023-12-17,Cinema,Entertainment,22.88,Expense
2020-07-05,Cinema,Entertainment,138.5,Expense
2023-04-08,Electricity Bill,Utilities,63.54,Expense
2022-05-14,McDonalds,Food & Drink,118.51,Expense
2021-11-13,Netflix,Entertainment,93.02,Expense
2022-06-27,Cinema,Entertainment,68.73,Expense
2022-04-24,Electricity Bill,Utilities,27.71,Expense
2021-08-21,Cinema,Entertainment,125.65,Expense
2022-12-17,Clothes,Shopping,133.44,Expense
2023-11-04,Starbucks,Food & Drink,27.37,Expense
2021-02-23,Clothes,Shopping,49.4,Expense
2022-08-13,Netflix,Entertainment,55.43,Expense
2022-05-06,Cinema,Entertainment,61.09,Expense
2022-05-28,KFC,Food & Drink,140.1,Expense
2021-11-23,Electricity Bill,Utilities,23.46,Expense
2023-01-31,Internet,Utilities,46.27,Expense
2023-10-31,McDonalds,Food & Drink,58.91,Expense
2022-03-18,McDonalds,Food & Drink,20.64,Expense
2021-01-15,Electricity Bill,Utilities,58.66,Expense
2024-09-27,Cinema,Entertainment,13.75,Expense
2021-12-25,Starbucks,Food & Drink,38.11,Expense
2024-03-25,McDonalds,Food & Drink,36.39,Expense
2024-11-15,Internet,Utilities,65.6,Expense
2022-06-04,Starbucks,Food & Drink,126.42,Expense
2022-10-26,Electricity Bill,Utilities,58.03,Expense
2023-06-25,Netflix,Entertainment,144.0,Expense
2024-11-14,Electricity Bill,Utilities,74.12,Expense
2020-08-16,Cinema,Entertainment,51.82,Expense
2020-02-23,Internet,Utilities,72.8,Expense
2021-02-24,Electricity Bill,Utilities,73.64,Expense
2022-09-22,Internet,Utilities,7.36,Expense
2021-11-17,Electricity Bill,Utilities,50.75,Expense
2023-08-15,Clothes,Shopping,60.59,Expense
2021-06-14,Electricity Bill,Utilities,67.89,Expense
2020-07-29,Cinema,Entertainment,14.15,Expense
2022-12-20,Cinema,Entertainment,29.97,Expense
2022-11-14,Internet,Utilities,18.26,Expense
2021-09-20,Cinema,Entertainment,15.83,Expense
2024-08-25,Cinema,Entertainment,96.5,Expense
2023-06-24,Clothes,Shopping,27.97,Expense
2020-03-05,Clothes,Shopping,63.2,Expense
2023-06-30,Electricity Bill,Utilities,36.66,Expense
2024-01-10,Cinema,Entertainment,47.0,Expense
2023-05-03,Cinema,Entertainment,13.37,Expense
2023-10-09,Electricity Bill,Utilities,58.1,Expense
2020-08-19,Clothes,Shopping,27.15,Expense
2022-10-13,Internet,Utilities,17.84,Expense
2024-01-31,Cinema,Entertainment,19.86,Expense
2024-05-04,Cinema,Entertainment,27.28,Expense
2024-03-28,KFC,Food & Drink,75.07,Expense
2021-12-13,Netflix,Entertainment,21.02,Expense
2022-09-29,Cinema,Entertainment,31.02,Expense
2024-03-15,Online Shop,Shopping,61.42,Expense
2022-05-13,Online Shop,Shopping,63.36,Expense
2023-04-05,Internet,Utilities,12.66,Expense
2021-07-08,Clothes,Shopping,48.84,Expense
2023-08-23,McDonalds,Food & Drink,13.15,Expense
2024-03-12,Cinema,Entertainment,46.73,Expense
2020-05-31,Online Shop,Shopping,144.55,Expense
2023-11-17,Clothes,Shopping,65.66,Expense
2021-11-30,Online Shop,Shopping,47.06,Expense
2020-04-15,Online Shop,Shopping,8.72,Expense
2022-08-08,KFC,Food & Drink,36.06,Expense
2022-04-11,Clothes,Shopping,59.31,Expense
2020-02-29,Clothes,Shopping,111.4,Expense
2023-04-23,Online Shop,Shopping,109.71,Expense
2022-10-15,McDonalds,Food & Drink,61.26,Expense
2024-02-11,Online Shop,Shopping,35.65,Expense
2021-04-24,Starbucks,Food & Drink,137.79,Expense
2022-02-20,Online Shop,Shopping,125.85,Expense
2023-12-20,Starbucks,Food & Drink,25.38,Expense
2020-02-18,McDonalds,Food & Drink,20.94,Expense
2020-07-07,Online Shop,Shopping,18.86,Expense
2023-09-29,KFC,Food & Drink,32.56,Expense
2021-06-30,Starbucks,Food & Drink,74.06,Expense
2021-04-28,Online Shop,Shopping,62.33,Expense
2021-05-16,Netflix,Entertainment,48.84,Expense
2023-07-13,McDonalds,Food & Drink,66.02,Expense
2024-02-25,Online Shop,Shopping,112.77,Expense
2022-04-06,Online Shop,Shopping,76.3,Expense
2021-06-27,Electricity Bill,Utilities,123.66,Expense
2021-03-14,McDonalds,Food & Drink,119.63,Expense
2020-12-31,Netflix,Entertainment,10.61,Expense
2021-07-07,KFC,Food & Drink,50.05,Expense
2024-10-29,Internet,Utilities,34.93,Expense
2022-02-24,Clothes,Shopping,15.49,Expense
2022-01-30,McDonalds,Food & Drink,83.92,Expense
2024-08-27,Electricity Bill,Utilities,65.23,Expense
2020-11-21,Netflix,Entertainment,67.08,Expense
2023-07-27,Electricity Bill,Utilities,13.62,Expense
2024-11-29,Online Shop,Shopping,64.29,Expense
2023-02-19,Internet,Utilities,63.98,Expense
2022-05-22,Online Shop,Shopping,73.19,Expense
2021-04-24,Clothes,Shopping,44.92,Expense
2020-05-16,Cinema,Entertainment,53.96,Expense
2023-12-22,Clothes,Shopping,14.3,Expense
2023-07-24,Cinema,Entertainment,8.46,Expense
2023-12-22,Internet,Utilities,75.03,Expense
2024-05-28,KFC,Food & Drink,24.04,Expense
2024-04-10,Internet,Utilities,11.2,Expense
2023-03-05,Electricity Bill,Utilities,79.28,Expense
2024-03-05,Electricity Bill,Utilities,66.11,Expense
2024-08-16,Internet,Utilities,56.67,Expense
2020-09-16,Electricity Bill,Utilities,54.48,Expense
2020-08-22,Netflix,Entertainment,64.66,Expense
2021-03-05,KFC,Food & Drink,70.97,Expense
2024-04-04,Electricity Bill,Utilities,47.89,Expense
2020-04-26,Starbucks,Food & Drink,50.35,Expense
2021-06-17,Clothes,Shopping,75.52,Expense
2020-11-05,Cinema,Entertainment,51.67,Expense
2022-06-06,Electricity Bill,Utilities,48.22,Expense
2022-09-24,KFC,Food & Drink,83.07,Expense
2023-05-31,McDonalds,Food & Drink,39.39,Expense
2021-09-08,Internet,Utilities,79.67,Expense
2023-01-03,Cinema,Entertainment,41.22,Expense
2022-02-26,Online Shop,Shopping,20.86,Expense
2021-10-23,McDonalds,Food & Drink,121.14,Expense
2021-11-26,Electricity Bill,Utilities,71.74,Expense
2020-03-14,Clothes,Shopping,113.15,Expense
2020-12-11,Online Shop,Shopping,15.56,Expense
2021-08-04,Starbucks,Food & Drink,70.51,Expense
2023-09-05,Cinema,Entertainment,75.51,Expense
2021-12-26,Clothes,Shopping,67.89,Expense
2022-09-07,Internet,Utilities,61.42,Expense
2022-07-08,Netflix,Entertainment,65.33,Expense
2022-01-23,Cinema,Entertainment,26.71,Expense
2022-10-07,Electricity Bill,Utilities,28.81,Expense
2023-07-04,Cinema,Entertainment,46.37,Expense
2023-06-18,Netflix,Entertainment,93.86,Expense
2024-09-20,Netflix,Entertainment,68.72,Expense
2020-07-28,Netflix,Entertainment,20.33,Expense
2020-03-11,Cinema,Entertainment,16.41,Expense
2021-10-28,KFC,Food & Drink,28.36,Expense
2021-07-26,Clothes,Shopping,42.76,Expense
2022-12-14,KFC,Food & Drink,7.11,Expense
2023-01-02,KFC,Food & Drink,11.97,Expense
2021-12-28,Electricity Bill,Utilities,22.93,Expense
2022-10-07,Online Shop,Shopping,18.39,Expense
2023-05-14,Internet,Utilities,127.3,Expense
2021-01-25,McDonalds,Food & Drink,56.9,Expense
2023-01-18,Internet,Utilities,70.74,Expense
2020-07-18,KFC,Food & Drink,117.5,Expense
2022-03-10,Clothes,Shopping,40.89,Expense
2021-04-25,Internet,Utilities,45.61,Expense
2021-09-23,Cinema,Entertainment,74.5,Expense
2021-05-05,Cinema,Entertainment,37.9,Expense
2021-09-28,Online Shop,Shopping,8.84,Expense
2022-08-08,Netflix,Entertainment,68.27,Expense
2023-04-15,Netflix,Entertainment,138.29,Expense
2023-11-02,Cinema,Entertainment,5.22,Expense
2020-01-12,Clothes,Shopping,143.63,Expense
2022-06-23,Cinema,Entertainment,50.84,Expense
2022-07-05,Netflix,Entertainment,59.07,Expense
2023-06-02,Clothes,Shopping,26.38,Expense
2020-09-26,Netflix,Entertainment,55.81,Expense
2022-05-12,KFC,Food & Drink,57.55,Expense
2021-06-17,Netflix,Entertainment,66.11,Expense
2020-04-20,Online Shop,Shopping,35.65,Expense
2023-04-04,McDonalds,Food & Drink,39.86,Expense
2023-09-17,Online Shop,Shopping,138.29,Expense
2024-10-09,Electricity Bill,Utilities,68.81,Expense
2024-05-26,Online Shop,Shopping,75.22,Expense
2022-09-11,Electricity Bill,Utilities,50.8,Expense
2024-10-12,KFC,Food & Drink,36.39,Expense
2024-11-14,Starbucks,Food & Drink,35.81,Expense
2022-06-07,Netflix,Entertainment,72.18,Expense
2020-10-19,Internet,Utilities,21.17,Expense
2020-05-12,Clothes,Shopping,39.12,Expense
2023-11-05,Internet,Utilities,91.79,Expense
2021-04-24,Internet,Utilities,96.96,Expense
2021-06-19,Online Shop,Shopping,86.77,Expense
2023-03-15,Netflix,Entertainment,9.22,Expense
2024-07-18,KFC,Food & Drink,79.65,Expense
2023-09-25,Online Shop,Shopping,73.21,Expense
2021-01-22,Electricity Bill,Utilities,59.75,Expense
2024-10-22,KFC,Food & Drink,11.42,Expense
2020-01-08,Clothes,Shopping,75.07,Expense
2020-07-06,Cinema,Entertainment,18.51,Expense
2022-04-07,Cinema,Entertainment,34.2,Expense
2021-07-26,Online Shop,Shopping,72.51,Expense
2023-08-25,Electricity Bill,Utilities,76.34,Expense
2024-12-14,KFC,Food & Drink,46.63,Expense
2020-12-11,Internet,Utilities,9.1,Expense
2023-12-25,Internet,Utilities,10.96,Expense
2020-03-11,KFC,Food & Drink,34.94,Expense
2021-01-31,KFC,Food & Drink,26.9,Expense
2020-07-15,Cinema,Entertainment,62.44,Expense
2022-09-06,Starbucks,Food & Drink,20.28,Expense
2023-12-03,KFC,Food & Drink,92.47,Expense
2024-03-18,Starbucks,Food & Drink,61.81,Expense
2022-11-23,Internet,Utilities,55.53,Expense
2022-03-04,McDonalds,Food & Drink,69.0,Expense
2024-07-31,Starbucks,Food & Drink,66.35,Expense
2024-11-05,Netflix,Entertainment,54.35,Expense
2020-12-30,Netflix,Entertainment,16.85,Expense
2023-06-06,Electricity Bill,Utilities,19.38,Expense
2023-03-28,Online Shop,Shopping,61.39,Expense
2024-07-06,Clothes,Shopping,44.04,Expense
2020-10-20,Netflix,Entertainment,54.46,Expense
2023-11-05,Internet,Utilities,77.31,Expense
2022-01-14,Electricity Bill,Utilities,63.86,Expense
2022-06-26,Internet,Utilities,55.53,Expense
2023-12-13,Online Shop,Shopping,35.85,Expense
2024-07-10,Cinema,Entertainment,23.9,Expense
2022-05-02,Online Shop,Shopping,56.93,Expense
2020-04-04,McDonalds,Food & Drink,136.36,Expense
2020-10-05,Electricity Bill,Utilities,42.73,Expense
2023-01-04,Internet,Utilities,58.73,Expense
2022-10-12,Clothes,Shopping,31.72,Expense
2020-01-08,Clothes,Shopping,25.41,Expense
2023-07-02,Netflix,Entertainment,117.3,Expense
2022-05-17,KFC,Food & Drink,59.73,Expense
2024-01-24,McDonalds,Food & Drink,73.53,Expense
2024-07-28,Clothes,Shopping,69.75,Expense
2024-09-10,Electricity Bill,Utilities,51.46,Expense
2024-06-26,Starbucks,Food & Drink,33.37,Expense
2023-06-17,KFC,Food & Drink,138.6,Expense
2023-07-09,Internet,Utilities,93.32,Expense
2024-01-09,Online Shop,Shopping,24.91,Expense
2022-07-25,Clothes,Shopping,62.81,Expense
2024-12-20,Cinema,Entertainment,36.53,Expense
2023-10-27,McDonalds,Food & Drink,8.32,Expense
2022-05-17,Cinema,Entertainment,52.2,Expense
2022-02-18,Online Shop,Shopping,21.44,Expense
2024-06-30,Cinema,Entertainment,116.29,Expense
2021-07-24,McDonalds,Food & Drink,28.17,Expense
2022-10-06,Netflix,Entertainment,47.06,Expense
2021-05-24,Clothes,Shopping,16.36,Expense
2023-12-20,Cinema,Entertainment,11.41,Expense
2024-11-04,Starbucks,Food & Drink,27.96,Expense
2020-05-09,Netflix,Entertainment,43.12,Expense
2022-01-07,Online Shop,Shopping,43.14,Expense
2020-01-20,Clothes,Shopping,71.83,Expense
2021-10-12,Netflix,Entertainment,51.91,Expense
2023-05-17,Internet,Utilities,15.83,Expense
2022-11-25,Online Shop,Shopping,34.2,Expense
2021-12-30,Electricity Bill,Utilities,19.88,Expense
2021-09-11,Cinema,Entertainment,85.3,Expense
2020-06-02,Clothes,Shopping,54.05,Expense
2020-05-23,Internet,Utilities,45.48,Expense
2024-01-02,Online Shop,Shopping,30.18,Expense
2023-01-19,Online Shop,Shopping,8.67,Expense
2023-03-03,Internet,Utilities,70.74,Expense
2021-02-25,Starbucks,Food & Drink,44.29,Expense
2020-12-06,Starbucks,Food & Drink,86.0,Expense
2022-02-09,McDonalds,Food & Drink,73.14,Expense
2022-06-07,Electricity Bill,Utilities,32.11,Expense
2021-07-20,Electricity Bill,Utilities,40.27,Expense
2022-11-08,Clothes,Shopping,72.7,Expense
2023-11-15,Cinema,Entertainment,65.57,Expense
2021-11-18,Electricity Bill,Utilities,5.58,Expense
2022-01-07,Internet,Utilities,30.02,Expense
2022-08-23,Starbucks,Food & Drink,34.62,Expense
2022-12-28,KFC,Food & Drink,31.68,Expense
2022-06-25,Clothes,Shopping,51.79,Expense
2023-06-11,McDonalds,Food & Drink,98.36,Expense
2023-10-02,Clothes,Shopping,49.2,Expense
2020-05-16,KFC,Food & Drink,36.04,Expense
2024-08-25,Cinema,Entertainment,54.84,Expense
2023-12-08,McDonalds,Food & Drink,34.61,Expense
2024-10-14,KFC,Food & Drink,34.18,Expense
2024-01-19,KFC,Food & Drink,70.67,Expense
2020-01-03,Electricity Bill,Utilities,16.77,Expense
2024-01-28,Online Shop,Shopping,135.7,Expense
2022-08-05,Online Shop,Shopping,22.26,Expense
2023-01-02,Netflix,Entertainment,19.77,Expense
2020-04-04,Cinema,Entertainment,112.96,Expense
2020-09-09,Electricity Bill,Utilities,16.52,Expense
2024-02-27,Online Shop,Shopping,70.37,Expense
2020-08-31,KFC,Food & Drink,25.18,Expense
2020-12-30,Netflix,Entertainment,60.66,Expense
2024-06-18,KFC,Food & Drink,74.06,Expense
2020-12-30,Internet,Utilities,49.03,Expense
2020-04-16,KFC,Food & Drink,77.89,Expense
2020-05-18,Online Shop,Shopping,65.46,Expense
2021-11-07,Online Shop,Shopping,45.47,Expense
2022-02-17,Netflix,Entertainment,20.63,Expense
2023-11-03,Online Shop,Shopping,25.78,Expense
2024-12-17,Electricity Bill,Utilities,28.05,Expense
2020-09-14,Internet,Utilities,44.08,Expense
2024-07-31,Netflix,Entertainment,44.2,Expense
2023-05-18,Internet,Utilities,11.6,Expense
2024-08-07,Online Shop,Shopping,24.5,Expense
2024-01-24,McDonalds,Food & Drink,56.93,Expense
2024-10-24,Netflix,Entertainment,33.69,Expense
2021-03-10,Cinema,Entertainment,47.88,Expense
2023-10-19,McDonalds,Food & Drink,44.52,Expense
2021-05-09,Internet,Utilities,74.22,Expense
2024-02-06,Internet,Utilities,14.92,Expense
2022-05-26,Clothes,Shopping,22.51,Expense
2022-02-28,Internet,Utilities,50.0,Expense
2021-05-04,Netflix,Entertainment,42.01,Expense
2021-12-23,Online Shop,Shopping,76.92,Expense
2023-07-14,Online Shop,Shopping,60.94,Expense
2024-02-09,KFC,Food & Drink,14.75,Expense
2020-06-27,Starbucks,Food & Drink,102.49,Expense
2024-08-09,Online Shop,Shopping,41.13,Expense
2023-06-08,Online Shop,Shopping,38.05,Expense
2020-01-23,Internet,Utilities,15.28,Expense
2021-06-17,Starbucks,Food & Drink,38.48,Expense
2023-11-29,Electricity Bill,Utilities,47.98,Expense
2022-03-30,Cinema,Entertainment,16.52,Expense
2022-05-25,Online Shop,Shopping,18.57,Expense
2021-04-26,McDonalds,Food & Drink,68.51,Expense
2020-09-29,KFC,Food & Drink,48.81,Expense
2020-07-14,Internet,Utilities,29.57,Expense
2024-02-05,Internet,Utilities,56.74,Expense
2023-07-16,Cinema,Entertainment,42.7,Expense
2023-03-21,KFC,Food & Drink,55.02,Expense
2022-10-05,Netflix,Entertainment,19.66,Expense
2022-07-06,Online Shop,Shopping,60.75,Expense
2023-06-20,KFC,Food & Drink,22.48,Expense
2021-06-21,Internet,Utilities,38.34,Expense
2020-01-14,Electricity Bill,Utilities,13.93,Expense
2022-06-12,Internet,Utilities,112.9,Expense
2023-03-24,McDonalds,Food & Drink,8.7,Expense
2022-10-16,Electricity Bill,Utilities,120.63,Expense
2022-02-27,Clothes,Shopping,78.57,Expense
2022-01-04,Netflix,Entertainment,47.6,Expense
2020-02-16,Cinema,Entertainment,112.6,Expense
2023-11-23,Cinema,Entertainment,27.54,Expense
2022-09-11,Cinema,Entertainment,112.84,Expense
2022-08-11,Internet,Utilities,14.05,Expense
2023-02-19,McDonalds,Food & Drink,130.03,Expense
2021-09-18,Electricity Bill,Utilities,74.17,Expense
2021-12-30,Starbucks,Food & Drink,52.16,Expense
2021-12-05,Starbucks,Food & Drink,74.76,Expense
2022-10-30,Internet,Utilities,133.38,Expense
2023-04-06,Netflix,Entertainment,6.01,Expense
2024-05-31,Clothes,Shopping,18.31,Expense
2024-02-18,Starbucks,Food & Drink,79.21,Expense
2021-01-22,McDonalds,Food & Drink,60.21,Expense
2021-05-15,Netflix,Entertainment,39.28,Expense
2021-08-28,Netflix,Entertainment,93.86,Expense
2023-06-08,Internet,Utilities,74.3,Expense
2020-02-09,Clothes,Shopping,77.47,Expense
2023-12-26,Netflix,Entertainment,68.43,Expense
2024-09-15,Netflix,Entertainment,81.3,Expense
2024-05-12,McDonalds,Food & Drink,86.42,Expense
2022-01-17,Online Shop,Shopping,38.58,Expense
2024-04-24,McDonalds,Food & Drink,43.53,Expense
2021-02-10,Starbucks,Food & Drink,42.22,Expense
2021-05-13,Clothes,Shopping,22.24,Expense
2020-03-26,Clothes,Shopping,32.15,Expense
2024-09-21,Internet,Utilities,54.24,Expense
2020-09-15,McDonalds,Food & Drink,22.37,Expense
2024-04-21,KFC,Food & Drink,124.12,Expense
2023-08-30,Online Shop,Shopping,67.69,Expense
2024-05-11,Cinema,Entertainment,91.91,Expense
2021-01-07,Clothes,Shopping,78.29,Expense
2020-09-16,Internet,Utilities,44.44,Expense
2024-10-22,Electricity Bill,Utilities,16.06,Expense
2024-08-21,Internet,Utilities,8.85,Expense
2024-11-19,Starbucks,Food & Drink,49.15,Expense
2022-02-26,Online Shop,Shopping,136.58,Expense
2021-10-30,Clothes,Shopping,134.69,Expense
2020-11-29,Electricity Bill,Utilities,95.58,Expense
2023-11-29,Electricity Bill,Utilities,20.5,Expense
2022-05-06,Cinema,Entertainment,35.44,Expense
2020-12-15,Electricity Bill,Utilities,23.75,Expense
2020-05-03,Online Shop,Shopping,57.14,Expense
2024-05-16,McDonalds,Food & Drink,10.11,Expense
2020-11-08,Cinema,Entertainment,133.32,Expense
2022-03-28,Netflix,Entertainment,60.17,Expense
2021-06-24,KFC,Food & Drink,58.09,Expense
2022-12-09,Clothes,Shopping,24.24,Expense
2024-09-30,KFC,Food & Drink,67.6,Expense
2024-07-02,Starbucks,Food & Drink,74.29,Expense
2023-06-06,Internet,Utilities,71.91,Expense
2020-04-16,Netflix,Entertainment,79.6,Expense
2021-06-22,Clothes,Shopping,15.3,Expense
2024-07-04,Netflix,Entertainment,79.29,Expense
2021-09-18,Internet,Utilities,82.84,Expense
2021-04-02,McDonalds,Food & Drink,65.07,Expense
2024-11-23,Electricity Bill,Utilities,123.1,Expense
2020-08-17,Netflix,Entertainment,23.35,Expense
2024-06-04,Clothes,Shopping,64.54,Expense
2020-11-19,Clothes,Shopping,7.44,Expense
2022-02-07,Electricity Bill,Utilities,48.89,Expense
2020-05-23,Internet,Utilities,59.49,Expense
2021-06-28,Starbucks,Food & Drink,41.46,Expense
2024-11-28,Online Shop,Shopping,70.47,Expense
2024-09-27,Internet,Utilities,45.04,Expense
2020-12-15,Electricity Bill,Utilities,29.41,Expense
2023-09-24,Internet,Utilities,87.1,Expense
2022-09-10,Clothes,Shopping,91.97,Expense
2021-12-20,Clothes,Shopping,25.66,Expense
2024-08-25,Internet,Utilities,126.34,Expense
2024-06-25,Cinema,Entertainment,67.33,Expense
2024-11-04,Netflix,Entertainment,35.42,Expense
2024-11-24,Electricity Bill,Utilities,43.73,Expense
2020-06-09,McDonalds,Food & Drink,11.86,Expense
2023-11-30,Electricity Bill,Utilities,78.52,Expense
2021-07-31,Clothes,Shopping,132.16,Expense
2021-10-23,Cinema,Entertainment,51.43,Expense
2020-01-03,Starbucks,Food & Drink,67.5,Expense
2024-01-04,Clothes,Shopping,31.81,Expense
2022-12-24,Cinema,Entertainment,91.2,Expense
2023-09-03,Online Shop,Shopping,39.15,Expense
2023-04-05,Clothes,Shopping,79.36,Expense
2021-02-19,Cinema,Entertainment,7.24,Expense
2021-12-18,Starbucks,Food & Drink,57.34,Expense
2023-05-27,Online Shop,Shopping,63.57,Expense
2022-05-14,Cinema,Entertainment,81.94,Expense
2023-05-21,Netflix,Entertainment,109.83,Expense
2021-06-22,Clothes,Shopping,71.18,Expense
2022-04-16,Cinema,Entertainment,135.35,Expense
2022-08-31,McDonalds,Food & Drink,27.7,Expense
2021-10-09,Cinema,Entertainment,78.61,Expense
2023-04-04,Internet,Utilities,60.66,Expense
2024-04-13,Starbucks,Food & Drink,57.52,Expense
2024-10-29,KFC,Food & Drink,7.65,Expense
2021-02-07,McDonalds,Food & Drink,88.72,Expense
2022-04-04,Cinema,Entertainment,47.6,Expense
2023-11-06,KFC,Food & Drink,59.66,Expense
2020-04-19,Internet,Utilities,124.48,Expense
2023-06-28,Starbucks,Food & Drink,30.39,Expense
2021-11-15,Electricity Bill,Utilities,23.09,Expense
2023-06-29,KFC,Food & Drink,24.16,Expense
2021-08-19,McDonalds,Food & Drink,26.57,Expense
2021-02-15,Online Shop,Shopping,20.39,Expense
2024-03-26,Cinema,Entertainment,72.8,Expense
2021-07-05,Internet,Utilities,43.32,Expense
2020-07-14,Cinema,Entertainment,26.94,Expense
2022-04-26,Netflix,Entertainment,66.28,Expense
2020-09-08,Clothes,Shopping,64.04,Expense
2021-06-29,Starbucks,Food & Drink,49.68,Expense
2022-02-07,Electricity Bill,Utilities,53.01,Expense
2023-05-14,Clothes,Shopping,122.82,Expense
2024-02-20,Internet,Utilities,35.47,Expense
2022-08-19,McDonalds,Food & Drink,41.41,Expense
2020-06-15,Netflix,Entertainment,49.2,Expense
2020-03-07,Netflix,Entertainment,61.27,Expense
2020-12-15,Online Shop,Shopping,41.24,Expense
2022-06-18,Internet,Utilities,37.16,Expense
2022-11-15,Netflix,Entertainment,21.82,Expense
2023-09-16,Starbucks,Food & Drink,85.53,Expense
2020-12-09,Electricity Bill,Utilities,71.76,Expense
2024-01-17,Electricity Bill,Utilities,9.19,Expense
2022-05-22,KFC,Food & Drink,118.51,Expense
2020-04-12,KFC,Food & Drink,104.98,Expense
2024-10-23,McDonalds,Food & Drink,40.49,Expense
2023-08-10,Cinema,Entertainment,47.65,Expense
2021-12-21,Electricity Bill,Utilities,41.46,Expense
2021-02-06,Starbucks,Food & Drink,45.95,Expense
2024-10-03,Online Shop,Shopping,54.36,Expense
2020-03-04,McDonalds,Food & Drink,62.73,Expense
2023-01-25,Electricity Bill,Utilities,42.05,Expense
2021-01-26,Netflix,Entertainment,78.66,Expense
2021-12-25,Cinema,Entertainment,129.67,Expense
2023-03-04,Starbucks,Food & Drink,108.9,Expense
2022-02-04,Electricity Bill,Utilities,47.49,Expense
2022-02-03,Netflix,Entertainment,62.86,Expense
2024-02-22,Internet,Utilities,10.27,Expense
2023-01-02,Cinema,Entertainment,12.15,Expense
2022-07-23,Internet,Utilities,36.69,Expense
2023-05-13,Netflix,Entertainment,98.47,Expense
2022-12-26,KFC,Food & Drink,75.73,Expense
2023-09-06,Electricity Bill,Utilities,6.39,Expense
2022-05-04,Cinema,Entertainment,32.52,Expense
2023-11-05,Internet,Utilities,81.38,Expense
2020-11-29,Clothes,Shopping,118.12,Expense
2023-08-05,Clothes,Shopping,88.93,Expense
2023-02-26,KFC,Food & Drink,114.59,Expense
2021-04-30,Internet,Utilities,19.27,Expense
2023-03-22,Netflix,Entertainment,45.88,Expense
2023-06-14,Online Shop,Shopping,15.14,Expense
2023-07-05,Clothes,Shopping,9.95,Expense
2021-01-10,Internet,Utilities,144.39,Expense
2021-12-10,Netflix,Entertainment,77.63,Expense
2020-04-29,Online Shop,Shopping,42.06,Expense
2021-07-14,Clothes,Shopping,59.06,Expense
2021-04-13,Online Shop,Shopping,12.7,Expense
2024-07-14,Online Shop,Shopping,98.33,Expense
2023-02-19,Electricity Bill,Utilities,131.27,Expense
2021-06-17,Electricity Bill,Utilities,48.43,Expense
2020-01-31,Clothes,Shopping,52.54,Expense
2020-09-28,Clothes,Shopping,39.05,Expense
2024-07-14,Online Shop,Shopping,77.92,Expense
2024-11-16,McDonalds,Food & Drink,124.48,Expense
2020-05-10,Starbucks,Food & Drink,47.33,Expense
2024-06-15,KFC,Food & Drink,127.47,Expense
2024-05-06,Electricity Bill,Utilities,61.52,Expense
2020-05-07,Electricity Bill,Utilities,73.85,Expense
2020-05-08,Electricity Bill,Utilities,72.57,Expense
2024-06-03,Electricity Bill,Utilities,21.18,Expense
2021-04-27,Clothes,Shopping,69.17,Expense
2021-02-20,Netflix,Entertainment,80.53,Expense
2023-11-25,Clothes,Shopping,41.12,Expense
2023-04-02,Clothes,Shopping,57.92,Expense
2023-05-05,Starbucks,Food & Drink,9.15,Expense
2021-06-11,Starbucks,Food & Drink,13.02,Expense
2022-03-24,Starbucks,Food & Drink,18.11,Expense
2021-05-02,Online Shop,Shopping,46.72,Expense
2022-10-15,Online Shop,Shopping,79.36,Expense
2020-04-18,McDonalds,Food & Drink,114.46,Expense
2021-06-27,Electricity Bill,Utilities,59.94,Expense
2024-11-10,Cinema,Entertainment,121.8,Expense
2023-06-09,Electricity Bill,Utilities,20.06,Expense
2024-11-20,Online Shop,Shopping,62.91,Expense
2020-10-10,Cinema,Entertainment,75.53,Expense
2022-03-30,McDonalds,Food & Drink,43.89,Expense
2020-07-03,Clothes,Shopping,60.11,Expense
2022-09-30,Online Shop,Shopping,8.94,Expense
2023-04-07,KFC,Food & Drink,38.26,Expense
2022-08-07,Clothes,Shopping,53.26,Expense
2022-07-17,Starbucks,Food & Drink,110.26,Expense
2020-08-15,Starbucks,Food & Drink,107.84,Expense
2024-12-02,Netflix,Entertainment,44.39,Expense
2021-10-07,Electricity Bill,Utilities,37.05,Expense
2023-01-04,Online Shop,Shopping,11.4,Expense
2024-07-02,Netflix,Entertainment,12.09,Expense
2022-01-11,Starbucks,Food & Drink,53.5,Expense
2024-09-03,Cinema,Entertainment,35.48,Expense
2021-09-07,Internet,Utilities,72.08,Expense
2021-05-14,McDonalds,Food & Drink,47.07,Expense
2020-03-03,Cinema,Entertainment,36.32,Expense
2024-06-06,Clothes,Shopping,6.95,Expense
2020-02-09,Online Shop,Shopping,94.27,Expense
2022-08-20,McDonalds,Food & Drink,100.4,Expense
2022-02-23,Electricity Bill,Utilities,63.53,Expense
2021-03-31,McDonalds,Food & Drink,72.8,Expense
2024-11-16,Clothes,Shopping,41.79,Expense
2020-10-25,Cinema,Entertainment,46.16,Expense
2021-04-13,Netflix,Entertainment,51.14,Expense
2022-01-23,Clothes,Shopping,93.12,Expense
2023-08-08,Electricity Bill,Utilities,70.98,Expense
2021-08-18,Electricity Bill,Utilities,12.75,Expense
2020-03-30,Starbucks,Food & Drink,52.33,Expense
2022-07-29,Clothes,Shopping,56.28,Expense
2023-11-03,Electricity Bill,Utilities,9.37,Expense
2023-05-09,Cinema,Entertainment,25.56,Expense
2024-04-22,McDonalds,Food & Drink,31.8,Expense
2022-02-11,McDonalds,Food & Drink,47.25,Expense
2021-05-11,Online Shop,Shopping,45.54,Expense
2021-05-16,Cinema,Entertainment,98.19,Expense
2024-08-29,Electricity Bill,Utilities,67.01,Expense
2024-07-30,Internet,Utilities,31.62,Expense
2023-10-03,Clothes,Shopping,26.59,Expense
2022-09-15,Online Shop,Shopping,45.35,Expense
2022-06-26,McDonalds,Food & Drink,56.39,Expense
2020-11-24,Clothes,Shopping,76.38,Expense
2023-02-03,Starbucks,Food & Drink,19.46,Expense
2022-11-23,Starbucks,Food & Drink,57.41,Expense
2024-09-29,Netflix,Entertainment,56.61,Expense
2022-02-04,Online Shop,Shopping,66.64,Expense
2023-11-17,Internet,Utilities,41.7,Expense
2024-01-30,Internet,Utilities,42.73,Expense
2024-10-23,KFC,Food & Drink,39.9,Expense
2024-05-08,Starbucks,Food & Drink,25.46,Expense
2021-02-16,Netflix,Entertainment,16.67,Expense
2020-01-17,Electricity Bill,Utilities,15.06,Expense
2024-03-06,Internet,Utilities,13.28,Expense
2023-02-09,Cinema,Entertainment,54.08,Expense
2021-05-26,Electricity Bill,Utilities,19.07,Expense
2021-07-27,Netflix,Entertainment,37.79,Expense
2023-09-15,Clothes,Shopping,65.93,Expense
2024-02-05,Internet,Utilities,67.96,Expense
2022-03-24,Cinema,Entertainment,11.53,Expense
2021-05-14,Clothes,Shopping,5.04,Expense
2021-05-12,Cinema,Entertainment,38.63,Expense
2023-10-26,Cinema,Entertainment,72.86,Expense
2020-01-25,Online Shop,Shopping,98.98,Expense
2024-05-29,Netflix,Entertainment,6.25,Expense
2024-02-09,Internet,Utilities,72.9,Expense
2023-08-07,Internet,Utilities,9.76,Expense
2024-07-25,Electricity Bill,Utilities,18.21,Expense
2023-07-31,Online Shop,Shopping,27.1,Expense
2022-10-28,Online Shop,Shopping,49.29,Expense
2020-11-03,Clothes,Shopping,9.99,Expense
2024-01-02,Cinema,Entertainment,43.98,Expense
2023-11-28,Clothes,Shopping,14.51,Expense
2024-05-08,Clothes,Shopping,5.26,Expense
2024-01-29,Electricity Bill,Utilities,34.28,Expense
2022-05-31,Internet,Utilities,62.85,Expense
2021-12-06,Internet,Utilities,73.26,Expense
2024-12-13,Internet,Utilities,32.9,Expense
2023-08-08,Starbucks,Food & Drink,42.87,Expense
2021-05-02,Internet,Utilities,89.67,Expense
2024-05-24,Clothes,Shopping,36.19,Expense
2021-12-22,Internet,Utilities,42.83,Expense
2024-10-29,McDonalds,Food & Drink,44.13,Expense
2021-12-12,Internet,Utilities,54.61,Expense
2023-11-11,Online Shop,Shopping,20.33,Expense
2023-08-19,McDonalds,Food & Drink,135.79,Expense
2021-02-08,Clothes,Shopping,29.19,Expense
2023-03-31,Clothes,Shopping,41.61,Expense
2021-03-24,Online Shop,Shopping,37.05,Expense
2024-11-18,Starbucks,Food & Drink,31.89,Expense
2020-05-17,Internet,Utilities,23.98,Expense
2021-10-10,Online Shop,Shopping,71.12,Expense
2022-06-26,KFC,Food & Drink,62.34,Expense
2022-11-12,Electricity Bill,Utilities,130.24,Expense
2021-10-09,McDonalds,Food & Drink,50.48,Expense
2023-09-05,McDonalds,Food & Drink,31.93,Expense
2022-07-19,Online Shop,Shopping,15.32,Expense
2022-11-17,KFC,Food & Drink,21.6,Expense
2022-11-08,Online Shop,Shopping,78.47,Expense
2020-11-21,Starbucks,Food & Drink,23.39,Expense
2022-11-06,Cinema,Entertainment,32.89,Expense
2023-07-03,McDonalds,Food & Drink,40.9,Expense
2021-04-13,Internet,Utilities,38.26,Expense
2020-08-05,Clothes,Shopping,40.24,Expense
2024-07-12,Netflix,Entertainment,10.94,Expense
2024-09-17,Cinema,Entertainment,79.63,Expense
2024-06-20,Starbucks,Food & Drink,59.1,Expense
2023-08-02,Starbucks,Food & Drink,18.08,Expense
2021-06-28,Clothes,Shopping,7.9,Expense
2023-03-18,Cinema,Entertainment,26.13,Expense
2022-08-10,Internet,Utilities,74.18,Expense
2021-08-05,Cinema,Entertainment,62.62,Expense
2022-08-16,Internet,Utilities,21.01,Expense
2020-10-20,KFC,Food & Drink,77.17,Expense
2023-10-13,Internet,Utilities,55.47,Expense
2024-12-28,Electricity Bill,Utilities,112.45,Expense
2022-09-03,Electricity Bill,Utilities,94.34,Expense
2024-03-14,Internet,Utilities,47.62,Expense
2021-09-15,Clothes,Shopping,26.29,Expense
2023-02-15,KFC,Food & Drink,57.21,Expense
2020-10-29,McDonalds,Food & Drink,58.98,Expense
2020-07-15,Clothes,Shopping,73.48,Expense
2021-02-20,KFC,Food & Drink,33.72,Expense
2023-04-08,Netflix,Entertainment,98.08,Expense
2024-10-31,Clothes,Shopping,29.88,Expense
2023-03-25,Starbucks,Food & Drink,84.73,Expense
2020-02-27,Internet,Utilities,78.9,Expense
2020-04-08,Internet,Utilities,59.06,Expense
2024-04-09,Cinema,Entertainment,58.13,Expense
2024-07-28,Electricity Bill,Utilities,126.18,Expense
2022-03-30,Cinema,Entertainment,64.77,Expense
2024-12-25,Clothes,Shopping,38.92,Expense
2024-08-15,Internet,Utilities,76.71,Expense
2023-10-06,Internet,Utilities,78.45,Expense
2020-02-16,KFC,Food & Drink,91.03,Expense
2023-10-04,Cinema,Entertainment,20.71,Expense
2020-01-22,Netflix,Entertainment,47.97,Expense
2021-05-02,Internet,Utilities,43.92,Expense
2022-09-30,Netflix,Entertainment,67.31,Expense
2023-12-12,Online Shop,Shopping,74.84,Expense
2023-11-23,Netflix,Entertainment,35.84,Expense
2024-11-08,Starbucks,Food & Drink,29.81,Expense
2021-04-20,Electricity Bill,Utilities,9.84,Expense
2024-04-27,Cinema,Entertainment,34.98,Expense
2024-09-11,McDonalds,Food & Drink,64.62,Expense
2023-03-07,Online Shop,Shopping,22.01,Expense
2023-12-16,Electricity Bill,Utilities,42.43,Expense
2024-07-21,Clothes,Shopping,27.24,Expense
2021-09-12,Internet,Utilities,35.36,Expense
2024-07-11,Internet,Utilities,76.33,Expense
2024-08-20,Netflix,Entertainment,18.93,Expense
2024-05-05,Netflix,Entertainment,88.69,Expense
2021-11-21,KFC,Food & Drink,137.4,Expense
2021-08-03,Starbucks,Food & Drink,52.07,Expense
2021-09-10,Cinema,Entertainment,31.75,Expense
2020-10-22,Starbucks,Food & Drink,53.85,Expense
2023-02-04,Netflix,Entertainment,55.86,Expense
2023-08-13,Netflix,Entertainment,144.8,Expense
2020-09-28,KFC,Food & Drink,56.03,Expense
2024-11-17,McDonalds,Food & Drink,109.29,Expense
2022-04-17,Starbucks,Food & Drink,89.83,Expense
2020-01-02,McDonalds,Food & Drink,77.67,Expense
2020-08-19,Internet,Utilities,77.83,Expense
2021-09-15,KFC,Food & Drink,47.82,Expense
2024-04-06,Starbucks,Food & Drink,26.81,Expense
2024-03-15,Online Shop,Shopping,53.14,Expense
2020-09-03,Electricity Bill,Utilities,5.97,Expense
2021-02-16,Clothes,Shopping,9.95,Expense
2020-03-23,Starbucks,Food & Drink,74.2,Expense
2022-04-13,Netflix,Entertainment,23.06,Expense
2020-10-11,KFC,Food & Drink,74.14,Expense
2020-08-20,McDonalds,Food & Drink,6.26,Expense
2023-07-13,Cinema,Entertainment,77.65,Expense
2021-05-15,Cinema,Entertainment,113.05,Expense
2024-05-26,Cinema,Entertainment,74.35,Expense
2024-02-23,Clothes,Shopping,60.75,Expense
2022-07-08,Electricity Bill,Utilities,33.28,Expense
2021-02-25,Clothes,Shopping,50.89,Expense
2020-12-21,Cinema,Entertainment,22.8,Expense
2020-11-21,Starbucks,Food & Drink,104.47,Expense
2024-07-16,Clothes,Shopping,44.16,Expense
2024-04-02,Cinema,Entertainment,24.31,Expense
2020-07-10,KFC,Food & Drink,18.68,Expense
2023-07-19,Netflix,Entertainment,8.68,Expense
2023-04-07,Electricity Bill,Utilities,25.57,Expense
2021-02-15,Online Shop,Shopping,69.96,Expense
2020-02-19,Netflix,Entertainment,25.79,Expense
2022-07-24,KFC,Food & Drink,92.49,Expense
2022-07-15,McDonalds,Food & Drink,57.91,Expense
2024-09-26,Netflix,Entertainment,64.11,Expense
2023-11-14,Cinema,Entertainment,62.2,Expense
2022-07-27,Internet,Utilities,68.51,Expense
2021-01-30,Electricity Bill,Utilities,136.67,Expense
2024-04-24,McDonalds,Food & Drink,52.79,Expense
2024-02-07,Netflix,Entertainment,44.92,Expense
2024-09-26,Netflix,Entertainment,77.48,Expense
2024-07-30,KFC,Food & Drink,60.02,Expense
2022-09-25,McDonalds,Food & Drink,92.32,Expense
2022-05-26,Internet,Utilities,63.77,Expense
2021-03-27,Netflix,Entertainment,41.78,Expense
2020-05-12,Starbucks,Food & Drink,6.97,Expense
2022-07-28,Starbucks,Food & Drink,63.52,Expense
2020-04-05,Cinema,Entertainment,42.13,Expense
2023-12-22,Internet,Utilities,76.37,Expense
2020-04-14,Internet,Utilities,23.23,Expense
2023-10-05,Internet,Utilities,54.67,Expense
2020-05-03,Netflix,Entertainment,70.42,Expense
2023-03-10,McDonalds,Food & Drink,67.61,Expense
2021-11-04,Netflix,Entertainment,56.18,Expense
2024-12-09,Netflix,Entertainment,20.93,Expense
2022-07-13,Online Shop,Shopping,79.24,Expense
2024-05-24,Netflix,Entertainment,67.15,Expense
2022-01-21,Internet,Utilities,48.82,Expense
2022-10-13,KFC,Food & Drink,17.46,Expense
2024-12-25,Online Shop,Shopping,45.19,Expense
2023-10-23,Clothes,Shopping,62.1,Expense
2024-11-16,Online Shop,Shopping,136.15,Expense
2020-04-11,Clothes,Shopping,127.04,Expense
2023-04-03,McDonalds,Food & Drink,27.49,Expense
2022-06-25,Internet,Utilities,23.35,Expense
2021-07-12,Internet,Utilities,20.68,Expense
2024-05-11,KFC,Food & Drink,75.88,Expense
2023-05-29,Starbucks,Food & Drink,44.93,Expense
2021-09-26,Cinema,Entertainment,112.57,Expense
2024-09-07,KFC,Food & Drink,129.54,Expense
2024-01-31,Starbucks,Food & Drink,50.88,Expense
2023-04-29,Cinema,Entertainment,138.15,Expense
2020-03-27,Online Shop,Shopping,50.02,Expense
2024-03-29,Clothes,Shopping,6.37,Expense
2024-01-04,Online Shop,Shopping,18.45,Expense
2024-07-15,Internet,Utilities,37.21,Expense
2022-07-11,Electricity Bill,Utilities,16.97,Expense
2022-05-02,Electricity Bill,Utilities,8.63,Expense
2020-09-15,Internet,Utilities,68.95,Expense
2024-06-23,Netflix,Entertainment,56.55,Expense
2021-03-03,Internet,Utilities,53.59,Expense
2021-12-23,Internet,Utilities,62.07,Expense
2023-04-26,Starbucks,Food & Drink,23.45,Expense
2022-02-19,Clothes,Shopping,69.58,Expense
2021-12-17,Netflix,Entertainment,36.3,Expense
2024-11-18,Electricity Bill,Utilities,67.69,Expense
2024-10-15,Starbucks,Food & Drink,68.13,Expense
2020-09-22,KFC,Food & Drink,47.6,Expense
2020-06-27,KFC,Food & Drink,144.53,Expense
2024-07-27,McDonalds,Food & Drink,143.43,Expense
2024-07-21,Netflix,Entertainment,123.99,Expense
2021-03-15,McDonalds,Food & Drink,75.62,Expense
2023-05-06,Starbucks,Food & Drink,45.56,Expense
2023-04-21,Netflix,Entertainment,16.19,Expense
2021-01-25,KFC,Food & Drink,45.41,Expense
2023-04-14,Clothes,Shopping,55.99,Expense
2020-07-14,Cinema,Entertainment,77.58,Expense
2024-07-11,Internet,Utilities,10.52,Expense
2023-08-18,Cinema,Entertainment,47.92,Expense
2022-02-17,Clothes,Shopping,49.13,Expense
2024-06-02,Internet,Utilities,23.21,Expense
2021-05-06,Online Shop,Shopping,63.01,Expense
2022-04-24,Online Shop,Shopping,72.32,Expense
2020-07-12,Internet,Utilities,64.83,Expense
2023-06-26,Internet,Utilities,50.43,Expense
2023-12-10,Cinema,Entertainment,39.88,Expense
2022-06-09,Netflix,Entertainment,29.94,Expense
2022-08-02,Electricity Bill,Utilities,16.33,Expense
2021-12-08,Clothes,Shopping,24.7,Expense
2022-09-04,Cinema,Entertainment,61.43,Expense
2023-02-17,Starbucks,Food & Drink,60.05,Expense
2021-08-26,Starbucks,Food & Drink,20.2,Expense
2022-05-26,Online Shop,Shopping,56.86,Expense
2022-08-16,McDonalds,Food & Drink,35.1,Expense
2024-11-03,Starbucks,Food & Drink,50.78,Expense
2020-02-27,Internet,Utilities,66.31,Expense
2023-03-20,Online Shop,Shopping,6.62,Expense
2021-05-24,Online Shop,Shopping,41.87,Expense
2023-07-08,Cinema,Entertainment,137.34,Expense
2023-03-04,Internet,Utilities,37.99,Expense
2020-07-24,Internet,Utilities,46.13,Expense
2023-01-07,Online Shop,Shopping,119.84,Expense
2024-05-09,KFC,Food & Drink,24.78,Expense
2022-08-10,Online Shop,Shopping,78.27,Expense
2023-04-08,Cinema,Entertainment,123.51,Expense
2021-07-07,Clothes,Shopping,52.97,Expense
2020-01-28,Electricity Bill,Utilities,73.43,Expense
2024-09-03,Internet,Utilities,65.1,Expense
2023-01-14,Starbucks,Food & Drink,68.73,Expense
2023-10-17,Online Shop,Shopping,74.84,Expense
2024-09-25,Starbucks,Food & Drink,72.26,Expense
2021-02-14,Clothes,Shopping,95.42,Expense
2021-04-25,Internet,Utilities,133.3,Expense
2023-05-08,Starbucks,Food & Drink,48.78,Expense
2021-11-29,Online Shop,Shopping,7.64,Expense
2023-05-06,McDonalds,Food & Drink,68.8,Expense
2023-04-20,KFC,Food & Drink,15.11,Expense
2020-09-17,Cinema,Entertainment,17.85,Expense
2021-02-14,Internet,Utilities,35.07,Expense
2021-03-24,Clothes,Shopping,21.12,Expense
2023-02-28,Cinema,Entertainment,45.14,Expense
2024-01-11,Cinema,Entertainment,71.79,Expense
2022-07-06,KFC,Food & Drink,5.77,Expense
2022-02-09,KFC,Food & Drink,42.83,Expense
2023-02-03,Clothes,Shopping,32.33,Expense
2022-12-07,Electricity Bill,Utilities,16.92,Expense
2020-04-16,McDonalds,Food & Drink,38.02,Expense
2023-09-07,Internet,Utilities,21.67,Expense
2021-02-20,Online Shop,Shopping,47.26,Expense
2024-05-23,Cinema,Entertainment,13.57,Expense
2023-06-17,Starbucks,Food & Drink,85.07,Expense
2022-01-05,Starbucks,Food & Drink,39.3,Expense
2021-07-22,Internet,Utilities,61.85,Expense
2023-11-19,Netflix,Entertainment,90.52,Expense
2020-02-11,Internet,Utilities,11.26,Expense
2020-06-06,Starbucks,Food & Drink,111.41,Expense
2021-06-10,Internet,Utilities,5.55,Expense
2022-02-27,Cinema,Entertainment,120.28,Expense
2020-06-22,Online Shop,Shopping,64.4,Expense
2024-11-20,Clothes,Shopping,71.75,Expense
2022-07-24,McDonalds,Food & Drink,118.51,Expense
2020-09-08,Electricity Bill,Utilities,6.94,Expense
2022-03-04,Netflix,Entertainment,37.66,Expense
2021-03-05,Electricity Bill,Utilities,65.46,Expense
2020-07-24,Electricity Bill,Utilities,78.08,Expense
2021-11-03,Netflix,Entertainment,40.35,Expense
2024-03-15,Internet,Utilities,44.19,Expense
2024-11-26,Netflix,Entertainment,49.04,Expense
2023-10-19,Electricity Bill,Utilities,16.64,Expense
2021-01-20,Clothes,Shopping,22.85,Expense
2022-10-27,Internet,Utilities,54.62,Expense
2024-10-10,McDonalds,Food & Drink,59.91,Expense
2022-06-02,Clothes,Shopping,24.14,Expense
2020-07-27,Clothes,Shopping,19.27,Expense
2023-02-17,Netflix,Entertainment,11.26,Expense
2021-01-11,Online Shop,Shopping,45.05,Expense
2024-03-23,Online Shop,Shopping,35.59,Expense
2024-02-14,Netflix,Entertainment,40.86,Expense
2021-10-20,Clothes,Shopping,55.56,Expense
2021-02-09,KFC,Food & Drink,55.92,Expense
2020-04-17,Clothes,Shopping,69.05,Expense
2021-05-15,Electricity Bill,Utilities,130.73,Expense
2022-01-12,Starbucks,Food & Drink,72.08,Expense
2021-11-07,McDonalds,Food & Drink,49.17,Expense
2022-07-27,Internet,Utilities,75.43,Expense
2022-09-14,Internet,Utilities,33.43,Expense
2022-10-11,Starbucks,Food & Drink,53.7,Expense
2024-09-09,KFC,Food & Drink,76.74,Expense
2021-09-04,Starbucks,Food & Drink,121.44,Expense
2021-08-15,Electricity Bill,Utilities,144.68,Expense
2023-12-04,Starbucks,Food & Drink,59.22,Expense
2023-01-04,Starbucks,Food & Drink,24.28,Expense
2021-07-28,Starbucks,Food & Drink,55.95,Expense
2024-06-14,Online Shop,Shopping,47.9,Expense
2020-04-07,KFC,Food & Drink,60.74,Expense
2021-02-22,Online Shop,Shopping,33.8,Expense
2021-08-17,KFC,Food & Drink,54.62,Expense
2022-10-04,McDonalds,Food & Drink,18.0,Expense
2020-05-11,Cinema,Entertainment,54.34,Expense
2022-01-27,Online Shop,Shopping,58.81,Expense
2022-06-13,Electricity Bill,Utilities,41.29,Expense
2021-01-26,KFC,Food & Drink,78.43,Expense
2022-09-11,Online Shop,Shopping,122.33,Expense
2020-02-17,Cinema,Entertainment,67.09,Expense
2023-04-16,Internet,Utilities,68.62,Expense
2022-04-14,Clothes,Shopping,79.78,Expense
2021-10-31,Cinema,Entertainment,70.47,Expense
2022-07-22,Online Shop,Shopping,78.48,Expense
2022-06-05,Starbucks,Food & Drink,48.02,Expense
2023-07-17,Internet,Utilities,42.08,Expense
2021-09-29,KFC,Food & Drink,61.08,Expense
2020-02-22,Electricity Bill,Utilities,35.05,Expense
2024-09-29,Clothes,Shopping,119.67,Expense
2024-04-08,Cinema,Entertainment,25.54,Expense
2024-07-08,Electricity Bill,Utilities,24.04,Expense
2022-06-10,Online Shop,Shopping,46.61,Expense
2022-11-27,Electricity Bill,Utilities,125.1,Expense
2022-07-27,Online Shop,Shopping,79.18,Expense
2022-09-14,Starbucks,Food & Drink,23.19,Expense
2020-12-16,McDonalds,Food & Drink,76.02,Expense
2023-11-19,Netflix,Entertainment,114.15,Expense
2021-03-03,KFC,Food & Drink,22.02,Expense
2020-01-31,Online Shop,Shopping,45.4,Expense
2021-05-29,Cinema,Entertainment,29.32,Expense
2022-08-09,Electricity Bill,Utilities,65.88,Expense
2022-07-17,Online Shop,Shopping,136.83,Expense
2022-09-07,Internet,Utilities,48.8,Expense
2022-12-09,Starbucks,Food & Drink,59.27,Expense
2024-01-21,KFC,Food & Drink,54.81,Expense
2021-02-16,Internet,Utilities,43.68,Expense
2024-07-21,Netflix,Entertainment,75.41,Expense
2021-12-15,Netflix,Entertainment,54.7,Expense
2020-08-31,KFC,Food & Drink,11.43,Expense
2022-09-21,Electricity Bill,Utilities,38.91,Expense
2023-01-29,Cinema,Entertainment,140.71,Expense
2020-04-18,Cinema,Entertainment,123.13,Expense
2024-03-12,McDonalds,Food & Drink,29.91,Expense
2024-04-20,Internet,Utilities,118.44,Expense
2022-06-07,Cinema,Entertainment,49.01,Expense
2022-04-14,Online Shop,Shopping,59.06,Expense
2024-01-14,Netflix,Entertainment,83.24,Expense
2024-05-20,Clothes,Shopping,67.01,Expense
2022-10-28,Internet,Utilities,72.02,Expense
2022-04-30,KFC,Food & Drink,120.55,Expense
2021-02-26,Electricity Bill,Utilities,6.64,Expense
2021-02-18,Electricity Bill,Utilities,38.47,Expense
2020-12-27,Clothes,Shopping,56.93,Expense
2021-11-05,Starbucks,Food & Drink,64.03,Expense
2022-03-18,Electricity Bill,Utilities,48.63,Expense
2024-06-21,Electricity Bill,Utilities,39.42,Expense
2022-02-20,Online Shop,Shopping,133.92,Expense
2023-02-06,KFC,Food & Drink,27.37,Expense
2020-02-21,Starbucks,Food & Drink,63.15,Expense
2020-12-30,Internet,Utilities,13.38,Expense
2022-03-24,Online Shop,Shopping,5.72,Expense
2024-04-04,Online Shop,Shopping,62.63,Expense
2024-05-14,Online Shop,Shopping,69.98,Expense
2023-09-25,Clothes,Shopping,43.22,Expense
2022-09-16,Internet,Utilities,21.93,Expense
2020-08-12,McDonalds,Food & Drink,73.71,Expense
2021-11-23,Cinema,Entertainment,19.04,Expense
2023-07-19,Netflix,Entertainment,59.96,Expense
2020-07-17,McDonalds,Food & Drink,58.03,Expense
2020-04-19,Starbucks,Food & Drink,134.18,Expense
2022-10-20,Cinema,Entertainment,39.63,Expense
2020-10-02,Cinema,Entertainment,58.9,Expense
2022-11-26,Internet,Utilities,102.87,Expense
2021-06-07,Online Shop,Shopping,58.29,Expense
2024-08-10,Electricity Bill,Utilities,101.06,Expense
2022-03-18,Netflix,Entertainment,57.41,Expense
2022-10-08,McDonalds,Food & Drink,23.28,Expense
2020-12-18,Netflix,Entertainment,31.58,Expense
2024-07-05,McDonalds,Food & Drink,70.56,Expense
2023-07-20,Electricity Bill,Utilities,9.8,Expense
2021-04-26,McDonalds,Food & Drink,64.86,Expense
2020-05-19,KFC,Food & Drink,27.98,Expense
2020-11-16,KFC,Food & Drink,29.99,Expense
2021-11-22,Netflix,Entertainment,66.36,Expense
2020-12-08,Internet,Utilities,44.24,Expense
2023-06-15,Online Shop,Shopping,44.29,Expense
2020-09-05,Netflix,Entertainment,37.93,Expense
2022-11-07,Starbucks,Food & Drink,72.52,Expense
2021-11-16,Netflix,Entertainment,42.35,Expense
2022-02-18,Clothes,Shopping,63.37,Expense
2022-11-08,Online Shop,Shopping,26.58,Expense
2021-11-29,Internet,Utilities,15.76,Expense
2020-06-07,McDonalds,Food & Drink,119.0,Expense
2020-12-16,Electricity Bill,Utilities,70.81,Expense
2021-10-25,KFC,Food & Drink,26.52,Expense
2020-04-13,McDonalds,Food & Drink,62.19,Expense
2023-10-30,Cinema,Entertainment,66.65,Expense
2023-10-18,Online Shop,Shopping,7.52,Expense
2022-11-25,KFC,Food & Drink,43.32,Expense
2021-10-09,Cinema,Entertainment,63.92,Expense
2022-05-26,Starbucks,Food & Drink,46.68,Expense
2020-10-14,Cinema,Entertainment,9.82,Expense
2024-02-23,Online Shop,Shopping,28.27,Expense
2022-06-29,Internet,Utilities,37.42,Expense
2024-07-23,Netflix,Entertainment,57.87,Expense
2021-07-19,Starbucks,Food & Drink,16.5,Expense
2022-08-23,McDonalds,Food & Drink,52.35,Expense
2022-09-07,Internet,Utilities,19.92,Expense
2024-11-18,Electricity Bill,Utilities,47.75,Expense
2022-01-09,Cinema,Entertainment,105.97,Expense
2024-01-05,Netflix,Entertainment,55.75,Expense
2023-04-11,Online Shop,Shopping,5.58,Expense
2024-04-06,McDonalds,Food & Drink,139.88,Expense
2024-08-27,Clothes,Shopping,44.87,Expense
2020-04-04,Electricity Bill,Utilities,81.26,Expense
2021-12-29,Online Shop,Shopping,52.47,Expense
2020-01-24,KFC,Food & Drink,39.57,Expense
2020-05-29,Internet,Utilities,18.14,Expense
2024-01-18,Internet,Utilities,29.47,Expense
2024-03-06,Clothes,Shopping,7.46,Expense
2023-01-29,Online Shop,Shopping,52.29,Expense
2021-12-09,Online Shop,Shopping,37.21,Expense
2023-09-21,Electricity Bill,Utilities,58.72,Expense
2022-04-25,Cinema,Entertainment,34.46,Expense
2020-05-09,Clothes,Shopping,129.32,Expense
2021-02-12,Online Shop,Shopping,79.06,Expense
2021-01-10,Online Shop,Shopping,100.17,Expense
2024-03-27,Online Shop,Shopping,73.62,Expense
2023-01-17,Internet,Utilities,63.27,Expense
2020-02-06,KFC,Food & Drink,33.39,Expense
2020-02-14,Cinema,Entertainment,19.57,Expense
2022-09-02,Netflix,Entertainment,18.06,Expense
2021-05-07,Netflix,Entertainment,79.63,Expense
2024-01-19,Clothes,Shopping,14.42,Expense
2021-11-27,Cinema,Entertainment,56.62,Expense
2021-04-24,McDonalds,Food & Drink,87.58,Expense
2023-02-10,Online Shop,Shopping,59.98,Expense
2020-08-13,Cinema,Entertainment,24.92,Expense
2021-04-29,Netflix,Entertainment,20.54,Expense
2020-09-26,Clothes,Shopping,42.0,Expense
2022-06-27,KFC,Food & Drink,53.26,Expense
2023-10-23,Cinema,Entertainment,7.74,Expense
2024-07-03,KFC,Food & Drink,5.54,Expense
2020-01-30,Cinema,Entertainment,66.88,Expense
2023-01-28,McDonalds,Food & Drink,31.93,Expense
2021-11-22,KFC,Food & Drink,79.01,Expense
2020-06-29,Starbucks,Food & Drink,26.17,Expense
2022-06-04,Netflix,Entertainment,37.33,Expense
2021-01-09,Cinema,Entertainment,58.6,Expense
2021-10-11,Netflix,Entertainment,29.66,Expense
2021-01-12,Starbucks,Food & Drink,18.81,Expense
2020-08-26,Clothes,Shopping,15.81,Expense
2024-10-28,Starbucks,Food & Drink,36.67,Expense
2021-11-30,Online Shop,Shopping,41.6,Expense
2023-01-30,Electricity Bill,Utilities,20.49,Expense
2022-04-03,Netflix,Entertainment,38.66,Expense
2023-12-24,Electricity Bill,Utilities,57.53,Expense
2023-07-18,KFC,Food & Drink,52.42,Expense
2021-09-29,Internet,Utilities,42.67,Expense
2021-08-19,McDonalds,Food & Drink,29.05,Expense
2023-03-23,Electricity Bill,Utilities,7.1,Expense
2023-12-13,Starbucks,Food & Drink,76.73,Expense
2020-09-06,Netflix,Entertainment,118.39,Expense
2023-12-23,Netflix,Entertainment,145.02,Expense
2024-12-09,Online Shop,Shopping,54.19,Expense
2023-11-26,Netflix,Entertainment,26.26,Expense
2022-12-26,Starbucks,Food & Drink,54.71,Expense
2022-07-02,Electricity Bill,Utilities,32.99,Expense
2024-01-04,Cinema,Entertainment,35.56,Expense
2020-05-03,Online Shop,Shopping,38.6,Expense
2024-03-11,Electricity Bill,Utilities,43.53,Expense
2021-03-15,McDonalds,Food & Drink,70.89,Expense
2021-12-19,Electricity Bill,Utilities,111.82,Expense
2024-10-23,Starbucks,Food & Drink,47.54,Expense
2021-02-07,Electricity Bill,Utilities,30.12,Expense
2024-01-08,Internet,Utilities,50.88,Expense
2020-01-19,Internet,Utilities,137.11,Expense
2024-04-20,Online Shop,Shopping,36.99,Expense
2022-05-26,Clothes,Shopping,77.04,Expense
2024-03-02,Clothes,Shopping,34.96,Expense
2024-07-24,Online Shop,Shopping,14.1,Expense
2024-02-19,McDonalds,Food & Drink,59.14,Expense
2021-04-08,Internet,Utilities,14.77,Expense
2023-06-28,Starbucks,Food & Drink,26.86,Expense
2023-08-12,Online Shop,Shopping,137.63,Expense
2023-07-18,Online Shop,Shopping,13.96,Expense
2021-10-11,Online Shop,Shopping,51.19,Expense
2022-12-24,Netflix,Entertainment,91.94,Expense
2022-02-15,Internet,Utilities,49.79,Expense
2020-10-28,Internet,Utilities,61.92,Expense
2023-12-15,Netflix,Entertainment,25.21,Expense
2023-01-13,Netflix,Entertainment,78.16,Expense
2023-06-19,Netflix,Entertainment,16.23,Expense
2020-11-08,Internet,Utilities,96.01,Expense
2024-10-06,McDonalds,Food & Drink,103.38,Expense
2022-05-11,Clothes,Shopping,63.22,Expense
2022-01-08,Internet,Utilities,80.84,Expense
2024-01-11,Netflix,Entertainment,60.86,Expense
2024-08-24,Netflix,Entertainment,48.72,Expense
2022-10-19,KFC,Food & Drink,66.54,Expense
2024-01-20,McDonalds,Food & Drink,98.45,Expense
2024-06-04,Electricity Bill,Utilities,22.18,Expense
2021-03-24,Starbucks,Food & Drink,75.8,Expense
2022-05-29,Electricity Bill,Utilities,20.01,Expense
2020-04-13,Online Shop,Shopping,33.22,Expense
2023-06-29,Online Shop,Shopping,34.77,Expense
2022-11-27,Cinema,Entertainment,137.27,Expense
2024-04-04,McDonalds,Food & Drink,45.11,Expense
2022-11-30,McDonalds,Food & Drink,36.74,Expense
2023-01-18,Starbucks,Food & Drink,67.44,Expense
2022-04-18,Clothes,Shopping,31.15,Expense
2020-03-24,KFC,Food & Drink,8.57,Expense
2022-07-06,Clothes,Shopping,78.36,Expense
2023-01-13,Netflix,Entertainment,8.31,Expense
2021-04-19,KFC,Food & Drink,43.83,Expense
2022-03-07,Starbucks,Food & Drink,31.88,Expense
2023-05-19,Electricity Bill,Utilities,39.96,Expense
2022-08-25,Online Shop,Shopping,68.12,Expense
2020-06-23,Starbucks,Food & Drink,44.42,Expense
2021-04-12,Cinema,Entertainment,22.98,Expense
2021-10-21,Netflix,Entertainment,14.25,Expense
2022-09-13,Clothes,Shopping,16.14,Expense
2021-12-18,Electricity Bill,Utilities,99.13,Expense
2023-01-02,Netflix,Entertainment,76.15,Expense
2023-04-24,Cinema,Entertainment,17.95,Expense
2023-07-20,KFC,Food & Drink,71.61,Expense
2020-09-29,Netflix,Entertainment,52.38,Expense
2023-07-23,Netflix,Entertainment,104.51,Expense
2022-02-03,Netflix,Entertainment,16.73,Expense
2024-01-31,Starbucks,Food & Drink,21.17,Expense
2024-04-02,Cinema,Entertainment,55.27,Expense
2022-07-28,Netflix,Entertainment,13.56,Expense
2024-01-16,Clothes,Shopping,65.92,Expense
2024-04-12,Netflix,Entertainment,47.44,Expense
2023-07-12,Netflix,Entertainment,11.73,Expense
2023-05-27,Clothes,Shopping,100.11,Expense
2024-09-11,Clothes,Shopping,39.94,Expense
2024-11-17,Electricity Bill,Utilities,49.92,Expense
2024-04-11,Electricity Bill,Utilities,30.51,Expense
2022-03-08,Online Shop,Shopping,60.96,Expense
2023-04-22,Online Shop,Shopping,135.81,Expense
2021-04-21,Starbucks,Food & Drink,54.94,Expense
2023-05-02,Online Shop,Shopping,16.41,Expense
2024-04-18,Clothes,Shopping,69.07,Expense
2021-08-23,Cinema,Entertainment,10.78,Expense
2023-07-08,Clothes,Shopping,98.23,Expense
2021-07-20,Electricity Bill,Utilities,24.6,Expense
2024-11-30,Starbucks,Food & Drink,107.24,Expense
2021-05-03,Online Shop,Shopping,5.32,Expense
2022-01-12,Online Shop,Shopping,74.91,Expense
2022-05-10,Electricity Bill,Utilities,65.69,Expense
2020-07-10,Internet,Utilities,28.35,Expense
2021-12-22,Cinema,Entertainment,53.83,Expense
2020-05-27,Electricity Bill,Utilities,76.61,Expense
2023-07-22,Electricity Bill,Utilities,71.15,Expense
2024-04-22,Online Shop,Shopping,54.47,Expense
2022-01-08,KFC,Food & Drink,115.23,Expense
2023-05-17,Netflix,Entertainment,46.3,Expense
2022-11-23,Internet,Utilities,68.84,Expense
2021-07-25,Starbucks,Food & Drink,91.04,Expense
2022-07-26,Clothes,Shopping,49.09,Expense
2023-05-23,Starbucks,Food & Drink,16.78,Expense
2022-11-14,KFC,Food & Drink,74.85,Expense
2024-12-10,Internet,Utilities,16.29,Expense
2020-03-11,Clothes,Shopping,44.45,Expense
2021-10-04,KFC,Food & Drink,60.31,Expense
2021-06-25,Starbucks,Food & Drink,43.78,Expense
2022-08-24,Cinema,Entertainment,65.42,Expense
2020-03-28,Clothes,Shopping,34.51,Expense
2020-07-12,Online Shop,Shopping,115.17,Expense
2021-11-29,Electricity Bill,Utilities,16.12,Expense
2021-12-27,Cinema,Entertainment,15.06,Expense
2020-09-26,Internet,Utilities,119.06,Expense
2020-05-19,Netflix,Entertainment,39.53,Expense
2020-02-18,Internet,Utilities,5.01,Expense
2021-04-09,Cinema,Entertainment,27.9,Expense
2022-02-03,Clothes,Shopping,50.91,Expense
2022-12-09,Electricity Bill,Utilities,56.61,Expense
2020-01-12,Starbucks,Food & Drink,39.55,Expense
2024-03-30,Netflix,Entertainment,111.48,Expense
2020-08-20,Clothes,Shopping,62.95,Expense
2021-10-15,Internet,Utilities,30.37,Expense
2020-09-16,Clothes,Shopping,52.53,Expense
2024-02-24,Clothes,Shopping,97.57,Expense
2022-05-31,McDonalds,Food & Drink,11.9,Expense
2023-06-22,Internet,Utilities,18.15,Expense
2023-09-17,Cinema,Entertainment,129.61,Expense
2024-06-25,Online Shop,Shopping,52.49,Expense
2020-07-14,Internet,Utilities,69.94,Expense
2020-11-10,KFC,Food & Drink,34.38,Expense
2021-02-08,Clothes,Shopping,25.79,Expense
2020-04-08,Online Shop,Shopping,57.21,Expense
2020-11-20,Internet,Utilities,11.59,Expense
2022-02-26,Cinema,Entertainment,77.96,Expense
2021-01-03,McDonalds,Food & Drink,126.12,Expense
2020-04-17,Cinema,Entertainment,41.94,Expense
2024-08-04,Electricity Bill,Utilities,37.56,Expense
2023-07-13,Online Shop,Shopping,21.77,Expense
2021-06-15,Internet,Utilities,50.32,Expense
2021-03-25,McDonalds,Food & Drink,24.86,Expense
2021-05-17,Clothes,Shopping,68.61,Expense
2020-06-22,Online Shop,Shopping,32.63,Expense
2021-02-24,McDonalds,Food & Drink,29.33,Expense
2022-07-12,Starbucks,Food & Drink,41.68,Expense
2023-11-18,Electricity Bill,Utilities,64.58,Expense
2021-08-21,KFC,Food & Drink,137.46,Expense
2024-01-10,Starbucks,Food & Drink,16.58,Expense
2022-11-18,Clothes,Shopping,30.24,Expense
2022-11-30,Electricity Bill,Utilities,74.96,Expense
2023-10-30,Online Shop,Shopping,14.33,Expense
2023-08-09,Cinema,Entertainment,27.89,Expense
2021-04-10,Clothes,Shopping,25.65,Expense
2024-11-18,Netflix,Entertainment,56.1,Expense
2020-09-12,Cinema,Entertainment,79.01,Expense
2022-07-17,Clothes,Shopping,144.05,Expense
2022-03-19,Netflix,Entertainment,91.31,Expense
2024-09-12,Internet,Utilities,6.35,Expense
2021-05-08,Electricity Bill,Utilities,118.45,Expense
2023-12-02,KFC,Food & Drink,50.58,Expense
2022-03-22,Electricity Bill,Utilities,55.96,Expense
2020-02-19,Electricity Bill,Utilities,54.58,Expense
2022-10-26,Netflix,Entertainment,52.41,Expense
2023-09-27,Starbucks,Food & Drink,16.05,Expense
2022-09-24,Online Shop,Shopping,69.05,Expense
2024-07-26,Electricity Bill,Utilities,27.46,Expense
2022-10-19,Internet,Utilities,60.09,Expense
2023-10-02,McDonalds,Food & Drink,8.16,Expense
2020-02-24,Clothes,Shopping,74.25,Expense
2020-12-30,McDonalds,Food & Drink,49.06,Expense
2024-11-06,Cinema,Entertainment,73.35,Expense
2021-01-11,Clothes,Shopping,48.41,Expense
2023-03-06,KFC,Food & Drink,21.96,Expense
2020-11-02,KFC,Food & Drink,6.0,Expense
2024-11-07,Internet,Utilities,38.04,Expense
2020-08-29,Clothes,Shopping,84.43,Expense
2022-04-04,Starbucks,Food & Drink,31.91,Expense
2022-01-10,Electricity Bill,Utilities,31.38,Expense
2023-04-23,Cinema,Entertainment,76.52,Expense
2024-02-09,Starbucks,Food & Drink,48.94,Expense
2021-08-27,Netflix,Entertainment,62.64,Expense
2022-01-29,Clothes,Shopping,45.76,Expense
2024-08-28,Clothes,Shopping,43.89,Expense
2023-09-07,KFC,Food & Drink,34.96,Expense
2020-06-23,Online Shop,Shopping,76.94,Expense
2021-05-10,KFC,Food & Drink,50.16,Expense
2023-04-19,KFC,Food & Drink,67.3,Expense
2020-01-06,Online Shop,Shopping,78.72,Expense
2022-06-17,Netflix,Entertainment,18.48,Expense
2020-10-02,Clothes,Shopping,35.78,Expense
2020-04-22,Electricity Bill,Utilities,58.15,Expense
2021-11-22,Internet,Utilities,24.69,Expense
2023-07-29,Electricity Bill,Utilities,125.84,Expense
2020-04-17,Electricity Bill,Utilities,30.06,Expense
2021-03-02,McDonalds,Food & Drink,46.98,Expense
2022-03-21,Cinema,Entertainment,66.72,Expense
2020-02-12,KFC,Food & Drink,21.25,Expense
2022-03-22,Electricity Bill,Utilities,27.04,Expense
2022-07-26,Clothes,Shopping,16.37,Expense
2024-07-24,Internet,Utilities,49.3,Expense
2021-09-30,Clothes,Shopping,6.79,Expense
2020-02-12,Electricity Bill,Utilities,39.43,Expense
2024-05-16,Electricity Bill,Utilities,59.25,Expense
2021-01-16,Electricity Bill,Utilities,84.99,Expense
2023-08-19,Online Shop,Shopping,125.44,Expense
2023-03-06,Online Shop,Shopping,42.15,Expense
2020-03-10,Internet,Utilities,15.86,Expense
2020-07-26,Netflix,Entertainment,108.27,Expense
2022-08-05,Online Shop,Shopping,78.81,Expense
2022-09-27,Online Shop,Shopping,23.8,Expense
2023-03-08,Starbucks,Food & Drink,22.88,Expense
2020-06-11,Netflix,Entertainment,56.44,Expense
2024-12-23,Internet,Utilities,25.59,Expense
2024-04-04,McDonalds,Food & Drink,28.13,Expense
2022-09-02,Internet,Utilities,38.52,Expense
2024-06-08,Starbucks,Food & Drink,91.88,Expense
2022-07-27,Clothes,Shopping,28.7,Expense
2022-01-10,Online Shop,Shopping,72.81,Expense
2023-05-10,Clothes,Shopping,62.13,Expense
2021-01-25,McDonalds,Food & Drink,32.25,Expense
2023-04-25,Clothes,Shopping,8.94,Expense
2021-02-23,Electricity Bill,Utilities,55.54,Expense
2022-07-27,Netflix,Entertainment,59.09,Expense
2023-01-31,Cinema,Entertainment,39.06,Expense
2022-11-05,Starbucks,Food & Drink,37.03,Expense
2021-09-16,McDonalds,Food & Drink,58.92,Expense
2024-01-17,KFC,Food & Drink,41.63,Expense
2022-06-06,Clothes,Shopping,65.98,Expense
2022-07-30,KFC,Food & Drink,142.12,Expense
2020-06-12,McDonalds,Food & Drink,60.59,Expense
2021-05-09,Internet,Utilities,132.98,Expense
2021-05-17,Cinema,Entertainment,70.48,Expense
2021-05-12,Clothes,Shopping,22.51,Expense
2023-06-29,Clothes,Shopping,19.67,Expense
2021-02-22,Starbucks,Food & Drink,12.63,Expense
2020-05-12,Electricity Bill,Utilities,74.82,Expense
2020-02-06,Cinema,Entertainment,39.97,Expense
2023-10-18,Cinema,Entertainment,52.5,Expense
2024-08-08,Online Shop,Shopping,35.58,Expense
2022-05-15,Clothes,Shopping,115.1,Expense
2023-01-20,Electricity Bill,Utilities,48.62,Expense
2020-02-12,Starbucks,Food & Drink,62.02,Expense
2022-04-08,Netflix,Entertainment,64.93,Expense
2023-10-23,Online Shop,Shopping,31.12,Expense
2022-12-08,Clothes,Shopping,42.53,Expense
2020-12-19,Online Shop,Shopping,137.92,Expense
2022-08-08,Internet,Utilities,14.84,Expense
2021-11-06,Online Shop,Shopping,32.82,Expense
2024-07-23,Cinema,Entertainment,63.78,Expense
2023-12-05,McDonalds,Food & Drink,63.63,Expense
2022-11-08,Electricity Bill,Utilities,65.6,Expense
2023-07-27,Starbucks,Food & Drink,50.65,Expense
2023-02-26,Online Shop,Shopping,37.6,Expense
2023-12-19,McDonalds,Food & Drink,59.65,Expense
2023-12-31,Starbucks,Food & Drink,121.7,Expense
2024-03-07,Electricity Bill,Utilities,40.99,Expense
2024-03-08,Cinema,Entertainment,51.26,Expense
2022-05-04,Online Shop,Shopping,6.29,Expense
2022-05-14,Online Shop,Shopping,85.24,Expense
2020-06-26,Electricity Bill,Utilities,74.14,Expense
2023-12-25,Starbucks,Food & Drink,16.06,Expense
2024-03-24,Netflix,Entertainment,124.87,Expense
2021-08-07,McDonalds,Food & Drink,96.92,Expense
2023-07-16,Internet,Utilities,71.16,Expense
2020-07-10,Internet,Utilities,27.96,Expense
2022-06-04,Internet,Utilities,142.46,Expense
2021-07-06,Clothes,Shopping,60.92,Expense
2024-09-06,Cinema,Entertainment,66.83,Expense
2022-11-22,KFC,Food & Drink,28.0,Expense
2021-11-16,Online Shop,Shopping,57.48,Expense
2023-09-17,Electricity Bill,Utilities,25.66,Expense
2024-11-10,Cinema,Entertainment,29.78,Expense
2024-03-02,Online Shop,Shopping,128.44,Expense
2022-02-21,Cinema,Entertainment,59.91,Expense
2022-03-11,Clothes,Shopping,76.54,Expense
2021-02-27,Internet,Utilities,62.74,Expense
2024-10-10,KFC,Food & Drink,78.71,Expense
2023-06-07,Clothes,Shopping,42.37,Expense
2021-08-15,Internet,Utilities,130.19,Expense
2022-09-04,Internet,Utilities,28.99,Expense
2023-03-31,Internet,Utilities,79.66,Expense
2024-04-13,Online Shop,Shopping,91.33,Expense
2024-07-25,McDonalds,Food & Drink,72.24,Expense
2022-11-11,Cinema,Entertainment,66.05,Expense
2023-03-18,Online Shop,Shopping,114.86,Expense
2020-08-18,Internet,Utilities,74.36,Expense
2023-12-05,Netflix,Entertainment,14.69,Expense
2020-01-16,Starbucks,Food & Drink,79.55,Expense
2020-10-19,McDonalds,Food & Drink,51.96,Expense
2021-09-07,Online Shop,Shopping,5.83,Expense
2020-06-08,Online Shop,Shopping,28.68,Expense
2022-08-10,Electricity Bill,Utilities,58.78,Expense
2022-05-10,Internet,Utilities,65.97,Expense
2021-07-02,Clothes,Shopping,78.41,Expense
2020-06-20,McDonalds,Food & Drink,119.65,Expense
2023-01-09,Cinema,Entertainment,72.19,Expense
2022-10-20,McDonalds,Food & Drink,66.01,Expense
2024-05-21,Electricity Bill,Utilities,13.58,Expense
2023-05-19,Electricity Bill,Utilities,70.84,Expense
2023-11-09,Starbucks,Food & Drink,47.69,Expense
2021-05-05,Internet,Utilities,44.83,Expense
2021-08-18,Cinema,Entertainment,35.93,Expense
2023-06-29,Online Shop,Shopping,60.27,Expense
2022-06-20,Clothes,Shopping,39.39,Expense
2021-06-28,Online Shop,Shopping,77.25,Expense
2021-03-15,Internet,Utilities,7.63,Expense
2021-07-14,Cinema,Entertainment,29.62,Expense
2021-06-26,Cinema,Entertainment,81.24,Expense
2024-06-15,Netflix,Entertainment,133.62,Expense
2023-04-10,Cinema,Entertainment,25.75,Expense
2020-06-26,Internet,Utilities,18.18,Expense
2021-08-17,KFC,Food & Drink,11.04,Expense
2023-12-10,Online Shop,Shopping,101.54,Expense
2022-04-07,Cinema,Entertainment,20.8,Expense
2020-11-04,Clothes,Shopping,49.46,Expense
2024-04-03,Clothes,Shopping,52.65,Expense
2023-11-30,Online Shop,Shopping,64.44,Expense
2024-11-30,Starbucks,Food & Drink,139.36,Expense
2021-11-06,KFC,Food & Drink,73.56,Expense
2022-11-09,Internet,Utilities,14.26,Expense
2024-12-16,KFC,Food & Drink,43.99,Expense
2021-11-24,Netflix,Entertainment,62.32,Expense
2021-01-20,Online Shop,Shopping,47.71,Expense
2021-09-25,Cinema,Entertainment,80.33,Expense
2024-10-12,Cinema,Entertainment,120.61,Expense
2020-11-15,Electricity Bill,Utilities,71.65,Expense
2021-07-21,Internet,Utilities,14.05,Expense
2024-07-02,McDonalds,Food & Drink,61.28,Expense
2021-01-29,Cinema,Entertainment,66.33,Expense
2021-09-20,Starbucks,Food & Drink,27.71,Expense
2022-05-17,Internet,Utilities,8.37,Expense
2022-08-15,KFC,Food & Drink,12.25,Expense
2020-07-27,Electricity Bill,Utilities,22.69,Expense
2022-03-02,Electricity Bill,Utilities,49.59,Expense
2024-07-26,Electricity Bill,Utilities,37.21,Expense
2024-03-18,Netflix,Entertainment,56.44,Expense
2020-04-29,Clothes,Shopping,11.34,Expense
2020-11-29,Internet,Utilities,93.39,Expense
2020-11-25,KFC,Food & Drink,45.19,Expense
2020-01-16,Online Shop,Shopping,40.7,Expense
2023-03-14,Cinema,Entertainment,74.93,Expense
2024-06-09,Cinema,Entertainment,79.25,Expense
2023-12-04,Clothes,Shopping,53.25,Expense
2023-02-04,KFC,Food & Drink,38.06,Expense
2023-03-05,Internet,Utilities,117.55,Expense
2023-02-21,KFC,Food & Drink,27.91,Expense
2023-04-18,Electricity Bill,Utilities,8.24,Expense
2020-08-06,Internet,Utilities,76.91,Expense
2023-11-19,Netflix,Entertainment,95.03,Expense
2023-01-22,Online Shop,Shopping,124.78,Expense
2023-07-17,McDonalds,Food & Drink,79.35,Expense
2023-11-18,Clothes,Shopping,67.0,Expense
2021-07-28,Netflix,Entertainment,12.01,Expense
2020-09-04,Clothes,Shopping,29.87,Expense
2021-03-17,Internet,Utilities,67.02,Expense
2022-02-19,KFC,Food & Drink,71.31,Expense
2022-09-09,Starbucks,Food & Drink,71.74,Expense
2022-07-12,Starbucks,Food & Drink,33.27,Expense
2023-09-14,KFC,Food & Drink,38.71,Expense
2022-09-16,Online Shop,Shopping,12.32,Expense
2020-04-13,Internet,Utilities,46.08,Expense
2022-03-14,Netflix,Entertainment,79.95,Expense
2020-09-05,Internet,Utilities,99.24,Expense
2022-09-13,Starbucks,Food & Drink,16.55,Expense
2024-02-08,McDonalds,Food & Drink,62.01,Expense
2020-06-20,KFC,Food & Drink,49.5,Expense
2021-02-04,Online Shop,Shopping,9.76,Expense
2021-10-18,KFC,Food & Drink,64.64,Expense
2023-06-26,McDonalds,Food & Drink,49.13,Expense
2024-02-23,McDonalds,Food & Drink,64.7,Expense
2024-12-19,McDonalds,Food & Drink,45.1,Expense
2024-10-29,Netflix,Entertainment,59.45,Expense
2023-06-09,Cinema,Entertainment,57.06,Expense
2021-04-08,Online Shop,Shopping,61.11,Expense
2021-08-12,Online Shop,Shopping,56.78,Expense
2024-11-13,Cinema,Entertainment,33.04,Expense
2021-05-07,Starbucks,Food & Drink,36.61,Expense
2024-02-25,Cinema,Entertainment,24.78,Expense
2023-06-20,Netflix,Entertainment,76.98,Expense
2020-01-23,Cinema,Entertainment,57.24,Expense
2024-09-03,Internet,Utilities,48.72,Expense
2020-09-13,Starbucks,Food & Drink,56.58,Expense
2022-04-17,Cinema,Entertainment,48.17,Expense
2021-02-26,Cinema,Entertainment,12.17,Expense
2020-09-26,Internet,Utilities,54.66,Expense
2023-07-05,McDonalds,Food & Drink,44.51,Expense
2022-12-12,Netflix,Entertainment,25.72,Expense
2023-12-04,Online Shop,Shopping,65.59,Expense
2020-03-27,Online Shop,Shopping,48.7,Expense
2024-09-09,Internet,Utilities,21.53,Expense
2020-12-03,Clothes,Shopping,74.31,Expense
2023-05-18,Netflix,Entertainment,51.56,Expense
2022-12-02,Starbucks,Food & Drink,8.85,Expense
2022-06-15,Clothes,Shopping,46.15,Expense
2021-05-11,Electricity Bill,Utilities,42.81,Expense
2021-09-19,KFC,Food & Drink,88.07,Expense
2020-07-09,Starbucks,Food & Drink,40.6,Expense
2024-09-02,Online Shop,Shopping,52.77,Expense
2023-07-20,McDonalds,Food & Drink,26.3,Expense
2024-02-16,Netflix,Entertainment,52.16,Expense
2020-01-18,KFC,Food & Drink,55.77,Expense
2021-01-14,Online Shop,Shopping,43.55,Expense
2023-07-18,Netflix,Entertainment,8.95,Expense
2021-10-22,Internet,Utilities,20.47,Expense
2021-01-30,Online Shop,Shopping,140.51,Expense
2023-09-17,Cinema,Entertainment,101.29,Expense
2020-11-27,Electricity Bill,Utilities,44.24,Expense
2023-07-09,Online Shop,Shopping,34.1,Expense
2020-10-15,Internet,Utilities,74.04,Expense
2021-06-24,Cinema,Entertainment,78.73,Expense
2022-11-10,Online Shop,Shopping,63.85,Expense
2021-12-02,Clothes,Shopping,62.03,Expense
2021-10-14,McDonalds,Food & Drink,16.32,Expense
2022-09-23,KFC,Food & Drink,18.55,Expense
2023-10-29,Electricity Bill,Utilities,37.44,Expense
2024-04-11,KFC,Food & Drink,77.04,Expense
2021-02-07,Cinema,Entertainment,63.03,Expense
2023-05-16,Clothes,Shopping,49.91,Expense
2021-05-03,Starbucks,Food & Drink,48.51,Expense
2023-10-05,KFC,Food & Drink,55.63,Expense
2020-03-03,Netflix,Entertainment,9.14,Expense
2024-02-03,Cinema,Entertainment,103.57,Expense
2024-02-11,Clothes,Shopping,98.27,Expense
2020-08-11,Online Shop,Shopping,73.55,Expense
2020-07-27,McDonalds,Food & Drink,79.05,Expense
2020-07-18,Starbucks,Food & Drink,79.48,Expense
2022-03-26,Internet,Utilities,123.42,Expense
2020-05-05,Cinema,Entertainment,71.39,Expense
2020-05-27,Internet,Utilities,32.32,Expense
2021-12-13,Online Shop,Shopping,36.05,Expense
2020-08-03,Online Shop,Shopping,56.85,Expense
2023-06-26,Internet,Utilities,46.45,Expense
2024-02-29,Clothes,Shopping,49.23,Expense
2021-09-02,Online Shop,Shopping,12.95,Expense
2021-09-05,Clothes,Shopping,90.7,Expense
2021-04-06,Netflix,Entertainment,10.97,Expense
2021-04-15,Online Shop,Shopping,79.88,Expense
2024-05-31,KFC,Food & Drink,42.45,Expense
2023-10-15,Netflix,Entertainment,102.49,Expense
2023-02-26,Cinema,Entertainment,106.98,Expense
2022-12-16,Online Shop,Shopping,49.7,Expense
2021-10-28,Electricity Bill,Utilities,25.28,Expense
2023-01-16,Internet,Utilities,49.81,Expense
2021-10-13,Cinema,Entertainment,71.38,Expense
2021-05-06,McDonalds,Food & Drink,15.92,Expense
2021-07-04,Online Shop,Shopping,59.11,Expense
2023-10-25,Electricity Bill,Utilities,24.3,Expense
2023-05-25,Cinema,Entertainment,50.67,Expense
2020-11-13,Starbucks,Food & Drink,48.44,Expense
2022-01-09,Internet,Utilities,80.89,Expense
2022-08-07,Electricity Bill,Utilities,88.52,Expense
2022-02-11,Cinema,Entertainment,6.27,Expense
2024-06-24,Electricity Bill,Utilities,15.7,Expense
2021-02-21,Cinema,Entertainment,133.84,Expense
2023-03-20,Netflix,Entertainment,69.26,Expense
2021-10-08,KFC,Food & Drink,79.37,Expense
2021-06-08,Clothes,Shopping,47.82,Expense
2022-09-21,Cinema,Entertainment,65.76,Expense
2023-11-20,Clothes,Shopping,58.62,Expense
2020-08-06,McDonalds,Food & Drink,17.73,Expense
2021-10-24,Electricity Bill,Utilities,55.08,Expense
2021-05-11,Online Shop,Shopping,78.62,Expense
2024-05-10,Cinema,Entertainment,40.15,Expense
2023-11-28,Clothes,Shopping,21.87,Expense
2022-09-16,Electricity Bill,Utilities,36.89,Expense
2020-08-07,KFC,Food & Drink,13.68,Expense
2023-07-19,Online Shop,Shopping,28.45,Expense
2020-02-10,Netflix,Entertainment,35.2,Expense
2024-01-13,Internet,Utilities,24.63,Expense
2023-11-29,Clothes,Shopping,25.68,Expense
2021-09-25,KFC,Food & Drink,141.28,Expense
2021-10-28,Online Shop,Shopping,55.84,Expense
2022-12-21,KFC,Food & Drink,22.12,Expense
2021-11-07,McDonalds,Food & Drink,88.72,Expense
2020-01-06,Netflix,Entertainment,35.51,Expense
2022-01-28,Netflix,Entertainment,25.43,Expense
2023-07-29,Clothes,Shopping,105.84,Expense
2020-02-12,Clothes,Shopping,47.63,Expense
2021-03-17,KFC,Food & Drink,40.75,Expense
2023-08-02,Netflix,Entertainment,10.8,Expense
2024-06-30,Online Shop,Shopping,104.86,Expense
2022-04-30,Cinema,Entertainment,76.54,Expense
2023-05-21,KFC,Food & Drink,107.76,Expense
2022-09-28,Cinema,Entertainment,65.73,Expense
2024-01-07,Online Shop,Shopping,30.97,Expense
2021-03-26,Netflix,Entertainment,40.19,Expense
2021-05-20,KFC,Food & Drink,68.5,Expense
2020-08-31,McDonalds,Food & Drink,45.81,Expense
2022-01-28,McDonalds,Food & Drink,16.33,Expense
2023-11-22,Electricity Bill,Utilities,76.64,Expense
2023-10-26,Online Shop,Shopping,40.66,Expense
2022-01-13,Internet,Utilities,21.84,Expense
2020-06-25,Cinema,Entertainment,75.01,Expense
2021-10-19,McDonalds,Food & Drink,76.66,Expense
2020-06-20,Cinema,Entertainment,71.95,Expense
2022-02-23,Clothes,Shopping,73.84,Expense
2024-10-28,Clothes,Shopping,76.67,Expense
2023-11-02,Online Shop,Shopping,31.39,Expense
2020-12-30,Internet,Utilities,35.92,Expense
2021-11-27,Online Shop,Shopping,124.47,Expense
2023-04-11,Netflix,Entertainment,34.97,Expense
2023-10-21,Clothes,Shopping,131.85,Expense
2023-01-21,Internet,Utilities,38.35,Expense
2021-12-21,KFC,Food & Drink,7.5,Expense
2022-12-13,Electricity Bill,Utilities,67.03,Expense
2022-08-27,KFC,Food & Drink,28.62,Expense
2023-10-10,Internet,Utilities,78.28,Expense
2022-07-11,Starbucks,Food & Drink,74.54,Expense
2023-10-25,Cinema,Entertainment,33.01,Expense
2023-12-16,Online Shop,Shopping,138.95,Expense
2023-03-27,Internet,Utilities,9.91,Expense
2022-03-21,McDonalds,Food & Drink,18.94,Expense
2022-10-12,Starbucks,Food & Drink,20.99,Expense
2020-08-06,Electricity Bill,Utilities,61.15,Expense
2020-11-08,Cinema,Entertainment,83.28,Expense
2024-08-05,Clothes,Shopping,64.96,Expense
2020-12-02,Clothes,Shopping,47.26,Expense
2022-04-14,KFC,Food & Drink,26.2,Expense
2023-07-04,Online Shop,Shopping,40.07,Expense
2023-07-05,McDonalds,Food & Drink,76.81,Expense
2023-10-12,Cinema,Entertainment,16.44,Expense
2020-10-29,Clothes,Shopping,53.55,Expense
2023-05-10,Online Shop,Shopping,79.2,Expense
2024-08-25,Electricity Bill,Utilities,72.56,Expense
2024-03-11,KFC,Food & Drink,64.03,Expense
2020-04-29,KFC,Food & Drink,11.13,Expense
2024-07-21,Netflix,Entertainment,85.67,Expense
2020-01-30,Netflix,Entertainment,24.37,Expense
2021-05-29,Cinema,Entertainment,109.26,Expense
2020-06-09,Starbucks,Food & Drink,24.74,Expense
2021-05-19,Netflix,Entertainment,18.39,Expense
2021-10-12,Online Shop,Shopping,41.46,Expense
2022-03-13,Starbucks,Food & Drink,38.5,Expense
2021-04-11,Netflix,Entertainment,51.57,Expense
2023-06-08,KFC,Food & Drink,46.97,Expense
2020-12-31,Online Shop,Shopping,48.82,Expense
2021-12-21,Netflix,Entertainment,31.12,Expense
2022-05-14,Internet,Utilities,20.36,Expense
2021-01-07,Electricity Bill,Utilities,46.84,Expense
2024-03-18,Internet,Utilities,23.59,Expense
2020-03-07,KFC,Food & Drink,77.42,Expense
2020-08-11,Netflix,Entertainment,47.54,Expense
2020-06-12,Internet,Utilities,70.75,Expense
2023-09-30,Electricity Bill,Utilities,101.59,Expense
2021-08-23,Cinema,Entertainment,40.35,Expense
2021-04-07,Online Shop,Shopping,8.47,Expense
2022-09-15,Electricity Bill,Utilities,64.29,Expense
2023-06-25,Clothes,Shopping,136.81,Expense
2023-08-10,Electricity Bill,Utilities,66.83,Expense
2021-02-24,Internet,Utilities,16.32,Expense
2022-05-11,Starbucks,Food & Drink,28.39,Expense
2021-08-24,Starbucks,Food & Drink,25.88,Expense
2021-12-17,KFC,Food & Drink,21.38,Expense
2024-05-31,Starbucks,Food & Drink,64.75,Expense
2020-04-08,Online Shop,Shopping,52.69,Expense
2023-03-06,Cinema,Entertainment,66.11,Expense
2023-07-12,Netflix,Entertainment,41.94,Expense
2022-05-21,Starbucks,Food & Drink,138.88,Expense
2022-10-26,Netflix,Entertainment,41.2,Expense
2024-11-12,Online Shop,Shopping,28.64,Expense
2021-12-18,Starbucks,Food & Drink,30.7,Expense
2022-09-20,Starbucks,Food & Drink,16.16,Expense
2023-01-11,Internet,Utilities,66.43,Expense
2023-05-26,Clothes,Shopping,42.06,Expense
2023-10-12,Clothes,Shopping,71.62,Expense
2024-06-18,Electricity Bill,Utilities,5.39,Expense
2023-09-08,Netflix,Entertainment,47.9,Expense
2020-11-26,Electricity Bill,Utilities,66.99,Expense
2023-07-05,Electricity Bill,Utilities,42.79,Expense
2023-08-19,Cinema,Entertainment,111.45,Expense
2024-01-13,Cinema,Entertainment,102.9,Expense
2020-06-23,Clothes,Shopping,61.68,Expense
2020-01-14,Clothes,Shopping,53.63,Expense
2022-06-22,Internet,Utilities,38.76,Expense
2023-09-15,Cinema,Entertainment,50.79,Expense
2020-11-30,Cinema,Entertainment,16.84,Expense
2023-03-18,Electricity Bill,Utilities,79.84,Expense
2021-11-24,Clothes,Shopping,29.08,Expense
2022-03-07,Netflix,Entertainment,35.51,Expense
2022-12-04,KFC,Food & Drink,62.48,Expense
2021-08-12,McDonalds,Food & Drink,17.99,Expense
2024-04-23,KFC,Food & Drink,11.56,Expense
2023-03-07,KFC,Food & Drink,22.42,Expense
2023-07-28,Cinema,Entertainment,54.49,Expense
2020-07-15,Cinema,Entertainment,40.51,Expense
2020-12-24,Clothes,Shopping,25.24,Expense
2020-07-23,Online Shop,Shopping,28.59,Expense
2020-06-30,Online Shop,Shopping,49.13,Expense
2022-09-29,Netflix,Entertainment,28.29,Expense
2023-10-22,Cinema,Entertainment,27.62,Expense
2022-07-02,Cinema,Entertainment,83.55,Expense
2023-09-20,Cinema,Entertainment,68.98,Expense
2021-08-09,Online Shop,Shopping,59.0,Expense
2023-09-22,Cinema,Entertainment,17.09,Expense
2024-06-27,Electricity Bill,Utilities,22.33,Expense
2023-01-16,Cinema,Entertainment,32.0,Expense
2023-03-07,Clothes,Shopping,62.53,Expense
2023-09-22,Online Shop,Shopping,57.58,Expense
2024-06-11,KFC,Food & Drink,28.83,Expense
2022-04-07,Internet,Utilities,13.24,Expense
2022-04-09,Starbucks,Food & Drink,64.83,Expense
2022-06-08,Internet,Utilities,50.17,Expense
2024-11-25,Clothes,Shopping,18.73,Expense
2020-03-06,Starbucks,Food & Drink,7.34,Expense
2021-07-19,Online Shop,Shopping,49.01,Expense
2020-12-07,McDonalds,Food & Drink,11.26,Expense
2024-03-04,Electricity Bill,Utilities,39.44,Expense
2021-03-09,Clothes,Shopping,70.3,Expense
2022-03-16,Electricity Bill,Utilities,32.06,Expense
2020-12-31,Online Shop,Shopping,61.59,Expense
2022-09-23,Cinema,Entertainment,79.01,Expense
2021-10-13,Electricity Bill,Utilities,74.35,Expense
2024-03-17,KFC,Food & Drink,140.3,Expense
2024-10-04,Clothes,Shopping,41.02,Expense
2023-09-28,KFC,Food & Drink,52.44,Expense
2022-04-09,Cinema,Entertainment,57.8,Expense
2022-12-23,Clothes,Shopping,71.8,Expense
2020-07-15,Electricity Bill,Utilities,38.87,Expense
2023-02-02,Netflix,Entertainment,61.74,Expense
2020-03-15,Internet,Utilities,65.49,Expense
2024-02-12,Internet,Utilities,68.25,Expense
2021-01-12,Electricity Bill,Utilities,76.18,Expense
2023-04-19,Electricity Bill,Utilities,20.24,Expense
2024-10-30,Electricity Bill,Utilities,20.77,Expense
2021-02-23,Netflix,Entertainment,77.55,Expense
2022-06-14,Internet,Utilities,38.78,Expense
2024-04-03,Internet,Utilities,31.76,Expense
2021-12-30,Electricity Bill,Utilities,53.5,Expense
2020-01-10,Cinema,Entertainment,36.0,Expense
2024-07-29,Internet,Utilities,58.77,Expense
2021-07-31,Electricity Bill,Utilities,78.95,Expense
2020-08-16,Internet,Utilities,123.74,Expense
2024-07-19,McDonalds,Food & Drink,45.01,Expense
2020-01-25,McDonalds,Food & Drink,78.97,Expense
2021-01-08,KFC,Food & Drink,11.71,Expense
2021-07-05,KFC,Food & Drink,67.44,Expense
2020-02-14,Netflix,Entertainment,44.19,Expense
2022-07-12,KFC,Food & Drink,11.18,Expense
2022-05-31,Online Shop,Shopping,22.27,Expense
2023-09-22,Netflix,Entertainment,63.12,Expense
2024-12-25,Starbucks,Food & Drink,44.43,Expense
2021-12-16,Starbucks,Food & Drink,53.74,Expense
2020-07-11,Clothes,Shopping,38.58,Expense
2021-07-20,Online Shop,Shopping,44.03,Expense
2023-08-18,Electricity Bill,Utilities,41.02,Expense
2022-10-28,KFC,Food & Drink,45.5,Expense
2024-05-18,Starbucks,Food & Drink,128.96,Expense
2024-12-06,Cinema,Entertainment,32.12,Expense
2024-10-17,KFC,Food & Drink,62.44,Expense
2021-06-09,Starbucks,Food & Drink,54.2,Expense
2023-04-12,Clothes,Shopping,19.44,Expense
2021-09-25,Internet,Utilities,145.06,Expense
2023-02-13,Cinema,Entertainment,5.33,Expense
2021-12-15,KFC,Food & Drink,15.82,Expense
2020-08-07,Electricity Bill,Utilities,16.81,Expense
2023-04-17,Cinema,Entertainment,26.56,Expense
2020-10-11,Cinema,Entertainment,120.1,Expense
2020-11-26,Online Shop,Shopping,48.88,Expense
2022-10-04,Online Shop,Shopping,66.08,Expense
2022-09-03,McDonalds,Food & Drink,23.29,Expense
2022-11-19,Internet,Utilities,39.14,Expense
2021-03-19,Electricity Bill,Utilities,53.83,Expense
2023-06-14,Electricity Bill,Utilities,16.47,Expense
2020-09-12,Cinema,Entertainment,105.17,Expense
2020-03-31,McDonalds,Food & Drink,43.14,Expense
2023-04-07,Internet,Utilities,30.68,Expense
2020-07-12,Starbucks,Food & Drink,63.08,Expense
2023-03-22,Cinema,Entertainment,17.41,Expense
2024-09-16,Internet,Utilities,39.8,Expense
2022-10-10,Netflix,Entertainment,15.38,Expense
2024-01-26,Cinema,Entertainment,60.87,Expense
2021-07-30,Internet,Utilities,23.45,Expense
2021-02-19,McDonalds,Food & Drink,18.53,Expense
2023-08-06,Cinema,Entertainment,144.28,Expense
2021-10-17,Online Shop,Shopping,124.78,Expense
2021-07-28,KFC,Food & Drink,41.82,Expense
2021-11-28,Internet,Utilities,121.2,Expense
2022-09-19,Internet,Utilities,19.49,Expense
2024-03-11,KFC,Food & Drink,25.41,Expense
2023-03-27,McDonalds,Food & Drink,6.01,Expense
2024-09-09,Cinema,Entertainment,28.0,Expense
2023-09-28,Online Shop,Shopping,62.68,Expense
2023-08-31,Netflix,Entertainment,78.59,Expense
2023-11-20,Clothes,Shopping,76.56,Expense
2024-02-09,KFC,Food & Drink,73.92,Expense
2024-11-02,Internet,Utilities,88.85,Expense
2021-03-09,Electricity Bill,Utilities,18.58,Expense
2022-07-12,Internet,Utilities,50.7,Expense
2020-07-05,Internet,Utilities,142.49,Expense
2020-07-07,Netflix,Entertainment,33.84,Expense
2023-10-09,Netflix,Entertainment,14.37,Expense
2022-04-08,Netflix,Entertainment,71.52,Expense
2023-05-31,Cinema,Entertainment,29.64,Expense
2021-02-20,Netflix,Entertainment,111.15,Expense
2020-02-19,Netflix,Entertainment,38.48,Expense
2023-09-28,Online Shop,Shopping,51.84,Expense
2020-10-25,Online Shop,Shopping,80.87,Expense
2023-11-05,Internet,Utilities,39.51,Expense
2020-06-21,Cinema,Entertainment,142.87,Expense
2022-03-13,Netflix,Entertainment,84.63,Expense
2020-08-28,Electricity Bill,Utilities,7.5,Expense
2022-07-14,Electricity Bill,Utilities,46.93,Expense
2023-08-24,Netflix,Entertainment,34.7,Expense
2021-10-02,McDonalds,Food & Drink,144.49,Expense
2023-10-11,Netflix,Entertainment,47.51,Expense
2021-08-04,Netflix,Entertainment,52.99,Expense
2022-08-29,Netflix,Entertainment,38.59,Expense
2020-01-02,Netflix,Entertainment,50.59,Expense
2020-04-06,McDonalds,Food & Drink,22.12,Expense
2020-04-28,Cinema,Entertainment,56.57,Expense
2021-12-21,Online Shop,Shopping,79.84,Expense
2023-04-04,Clothes,Shopping,69.77,Expense
2021-06-10,Clothes,Shopping,71.71,Expense
2023-04-20,Internet,Utilities,19.29,Expense
2023-12-28,KFC,Food & Drink,76.46,Expense
2020-07-30,Electricity Bill,Utilities,19.15,Expense
2020-07-20,Netflix,Entertainment,14.49,Expense
2024-07-23,Internet,Utilities,24.66,Expense
2024-06-03,McDonalds,Food & Drink,49.75,Expense
2020-10-31,KFC,Food & Drink,68.74,Expense
2024-08-22,Cinema,Entertainment,10.48,Expense
2021-08-26,Netflix,Entertainment,48.7,Expense
2024-05-02,Cinema,Entertainment,45.34,Expense
2020-12-04,Electricity Bill,Utilities,43.94,Expense
2021-10-14,Clothes,Shopping,39.84,Expense
2021-03-07,Internet,Utilities,118.31,Expense
2020-01-27,Electricity Bill,Utilities,40.41,Expense
2022-09-17,McDonalds,Food & Drink,63.92,Expense
2023-03-02,Online Shop,Shopping,66.51,Expense
2023-06-18,Starbucks,Food & Drink,20.41,Expense
2021-02-03,Online Shop,Shopping,15.93,Expense
2023-08-19,Cinema,Entertainment,39.25,Expense
2022-07-15,Electricity Bill,Utilities,60.09,Expense
2020-03-13,Cinema,Entertainment,51.92,Expense
2024-11-12,KFC,Food & Drink,54.75,Expense
2020-07-20,Netflix,Entertainment,45.82,Expense
2022-09-16,Internet,Utilities,17.23,Expense
2022-02-11,KFC,Food & Drink,37.84,Expense
2021-08-23,Clothes,Shopping,73.46,Expense
2022-03-05,Electricity Bill,Utilities,140.76,Expense
2022-01-28,Electricity Bill,Utilities,79.28,Expense
2024-03-09,Internet,Utilities,49.99,Expense
2024-12-07,Cinema,Entertainment,44.13,Expense
2021-09-23,Internet,Utilities,39.52,Expense
2021-03-10,Internet,Utilities,20.9,Expense
2021-03-12,Electricity Bill,Utilities,34.17,Expense
2020-03-30,Starbucks,Food & Drink,9.55,Expense
2021-12-09,Online Shop,Shopping,71.74,Expense
2021-05-23,Internet,Utilities,54.08,Expense
2023-12-15,Electricity Bill,Utilities,60.02,Expense
2023-01-26,Internet,Utilities,24.45,Expense
2020-01-12,Cinema,Entertainment,100.88,Expense
2022-09-23,KFC,Food & Drink,27.94,Expense
2020-09-20,Internet,Utilities,129.46,Expense
2021-10-08,Online Shop,Shopping,20.98,Expense
2024-01-14,Cinema,Entertainment,133.37,Expense
2023-06-05,Cinema,Entertainment,7.5,Expense
2024-09-06,Electricity Bill,Utilities,38.76,Expense
2020-01-04,Starbucks,Food & Drink,55.88,Expense
2021-02-24,Cinema,Entertainment,6.66,Expense
2021-02-03,KFC,Food & Drink,68.08,Expense
2020-02-19,Starbucks,Food & Drink,37.73,Expense
2024-07-13,Netflix,Entertainment,114.41,Expense
2024-11-28,Online Shop,Shopping,59.55,Expense
2021-08-06,McDonalds,Food & Drink,65.49,Expense
2023-03-09,Electricity Bill,Utilities,25.67,Expense
2021-03-11,KFC,Food & Drink,79.5,Expense
2024-11-02,McDonalds,Food & Drink,54.87,Expense
2022-09-09,Internet,Utilities,61.79,Expense
2020-09-23,Online Shop,Shopping,67.07,Expense
2021-03-14,McDonalds,Food & Drink,60.33,Expense
2021-01-24,Starbucks,Food & Drink,142.01,Expense
2023-10-16,Clothes,Shopping,32.9,Expense
2024-01-15,Cinema,Entertainment,77.76,Expense
2023-04-06,Clothes,Shopping,60.74,Expense
2024-10-03,Electricity Bill,Utilities,19.63,Expense
2023-10-16,Starbucks,Food & Drink,37.71,Expense
2020-06-22,McDonalds,Food & Drink,79.91,Expense
2022-03-08,KFC,Food & Drink,23.69,Expense
2020-05-21,Clothes,Shopping,38.76,Expense
2023-03-29,Electricity Bill,Utilities,26.59,Expense
2023-04-05,Netflix,Entertainment,48.25,Expense
2022-09-02,KFC,Food & Drink,67.42,Expense
2021-08-30,Internet,Utilities,64.14,Expense
2022-08-14,Clothes,Shopping,29.55,Expense
2020-07-12,Online Shop,Shopping,111.45,Expense
2024-10-14,McDonalds,Food & Drink,66.29,Expense
2020-10-31,Netflix,Entertainment,75.26,Expense
2021-06-16,Electricity Bill,Utilities,28.82,Expense
2023-10-20,Starbucks,Food & Drink,21.4,Expense
2020-09-27,Netflix,Entertainment,42.65,Expense
2022-02-22,Internet,Utilities,69.51,Expense
2022-04-27,Clothes,Shopping,31.5,Expense
2020-07-15,Cinema,Entertainment,65.61,Expense
2020-08-28,Electricity Bill,Utilities,70.03,Expense
2020-12-12,Online Shop,Shopping,72.28,Expense
2023-08-07,Internet,Utilities,57.32,Expense
2020-05-22,McDonalds,Food & Drink,22.57,Expense
2020-10-06,McDonalds,Food & Drink,69.05,Expense
2021-09-05,Electricity Bill,Utilities,130.64,Expense
2024-12-03,Electricity Bill,Utilities,47.2,Expense
2020-01-12,Internet,Utilities,130.22,Expense
2024-10-07,Clothes,Shopping,10.43,Expense
2022-03-18,Internet,Utilities,41.87,Expense
2021-09-17,Starbucks,Food & Drink,41.5,Expense
2020-11-10,Electricity Bill,Utilities,34.14,Expense
2024-06-04,Clothes,Shopping,39.15,Expense
2023-01-22,McDonalds,Food & Drink,82.49,Expense
2022-04-04,Netflix,Entertainment,8.05,Expense
2020-10-16,Electricity Bill,Utilities,56.72,Expense
2023-07-10,Netflix,Entertainment,24.16,Expense
2021-08-30,Netflix,Entertainment,38.08,Expense
2024-06-12,Electricity Bill,Utilities,22.23,Expense
2020-08-08,Internet,Utilities,45.98,Expense
2020-11-25,Electricity Bill,Utilities,71.28,Expense
2020-11-13,Internet,Utilities,16.54,Expense
2021-03-15,Clothes,Shopping,47.47,Expense
2021-07-30,Cinema,Entertainment,69.61,Expense
2022-10-14,Online Shop,Shopping,61.44,Expense
2022-08-25,Netflix,Entertainment,64.4,Expense
2022-12-20,Netflix,Entertainment,22.19,Expense
2022-11-09,Internet,Utilities,67.31,Expense
2022-08-28,McDonalds,Food & Drink,26.56,Expense
2020-06-12,KFC,Food & Drink,19.38,Expense
2023-05-09,Cinema,Entertainment,26.09,Expense
2024-05-19,Cinema,Entertainment,109.6,Expense
2020-11-27,Electricity Bill,Utilities,24.66,Expense
2021-06-15,Cinema,Entertainment,10.29,Expense
2023-12-15,Internet,Utilities,78.37,Expense
2023-05-03,Netflix,Entertainment,43.35,Expense
2022-08-11,McDonalds,Food & Drink,14.8,Expense
2021-12-05,Electricity Bill,Utilities,142.6,Expense
2022-04-25,Starbucks,Food & Drink,50.0,Expense
2023-10-02,Internet,Utilities,10.58,Expense
2024-01-24,McDonalds,Food & Drink,71.11,Expense
2024-05-11,Starbucks,Food & Drink,92.09,Expense
2020-10-20,Online Shop,Shopping,64.79,Expense
2023-09-20,Electricity Bill,Utilities,60.09,Expense
2021-04-04,Starbucks,Food & Drink,129.79,Expense
2024-01-06,Cinema,Entertainment,81.93,Expense
2024-05-13,KFC,Food & Drink,29.82,Expense
2023-01-19,Clothes,Shopping,45.55,Expense
2020-01-24,Electricity Bill,Utilities,14.27,Expense
2021-07-25,Electricity Bill,Utilities,88.87,Expense
2020-12-30,Starbucks,Food & Drink,64.23,Expense
2024-09-26,Starbucks,Food & Drink,23.91,Expense
2021-08-07,Online Shop,Shopping,114.84,Expense
2021-04-04,KFC,Food & Drink,52.43,Expense
2021-05-13,Cinema,Entertainment,44.56,Expense
2022-06-17,Online Shop,Shopping,55.02,Expense
2022-11-11,Internet,Utilities,14.77,Expense
2020-06-09,Clothes,Shopping,11.66,Expense
2022-04-28,Internet,Utilities,46.29,Expense
2020-06-13,Starbucks,Food & Drink,87.33,Expense
2024-04-24,Clothes,Shopping,63.25,Expense
2021-04-11,Internet,Utilities,98.26,Expense
2024-08-13,Cinema,Entertainment,14.7,Expense
2020-07-13,Internet,Utilities,64.33,Expense
2023-08-14,Electricity Bill,Utilities,31.65,Expense
2023-03-25,Cinema,Entertainment,56.57,Expense
2020-03-07,Starbucks,Food & Drink,93.3,Expense
2020-02-20,Starbucks,Food & Drink,53.85,Expense
2022-12-21,Cinema,Entertainment,37.22,Expense
2022-08-03,Clothes,Shopping,61.09,Expense
2024-04-16,McDonalds,Food & Drink,31.53,Expense
2023-12-29,Clothes,Shopping,79.34,Expense
2021-08-10,Electricity Bill,Utilities,28.36,Expense
2024-11-10,Internet,Utilities,69.08,Expense
2020-12-16,Clothes,Shopping,29.92,Expense
2024-12-16,Online Shop,Shopping,56.52,Expense
2024-04-16,Starbucks,Food & Drink,71.47,Expense
2023-02-13,McDonalds,Food & Drink,30.86,Expense
2022-11-10,Clothes,Shopping,68.49,Expense
2023-10-02,Electricity Bill,Utilities,23.7,Expense
2022-06-15,Internet,Utilities,6.65,Expense
2020-11-28,Netflix,Entertainment,58.9,Expense
2020-04-16,Netflix,Entertainment,65.55,Expense
2021-05-18,Internet,Utilities,36.26,Expense
2024-10-27,Online Shop,Shopping,51.15,Expense
2020-04-28,Clothes,Shopping,8.47,Expense
2024-09-18,Internet,Utilities,17.28,Expense
2021-01-22,Clothes,Shopping,70.75,Expense
2022-03-27,Netflix,Entertainment,114.0,Expense
2021-06-26,Electricity Bill,Utilities,58.72,Expense
2021-06-14,Internet,Utilities,10.52,Expense
2021-10-12,Clothes,Shopping,7.49,Expense
2021-03-05,Internet,Utilities,31.42,Expense
2021-12-26,Netflix,Entertainment,106.39,Expense
2023-10-20,Cinema,Entertainment,5.98,Expense
2024-04-02,Netflix,Entertainment,20.87,Expense
2024-10-05,Clothes,Shopping,46.03,Expense
2024-12-09,Clothes,Shopping,56.24,Expense
2024-10-19,Electricity Bill,Utilities,125.98,Expense
2021-12-02,KFC,Food & Drink,26.57,Expense
2023-09-06,Online Shop,Shopping,59.24,Expense
2022-12-21,Starbucks,Food & Drink,7.85,Expense
2021-10-18,KFC,Food & Drink,75.66,Expense
2022-05-04,Online Shop,Shopping,37.39,Expense
2020-11-07,Internet,Utilities,58.61,Expense
2024-11-30,Electricity Bill,Utilities,63.01,Expense
2024-06-26,KFC,Food & Drink,74.46,Expense
2024-04-30,KFC,Food & Drink,36.62,Expense
2022-12-03,Electricity Bill,Utilities,87.28,Expense
2024-03-27,Internet,Utilities,54.01,Expense
2023-06-30,McDonalds,Food & Drink,22.79,Expense
2024-06-10,Netflix,Entertainment,65.68,Expense
2020-02-21,Netflix,Entertainment,29.54,Expense
2021-01-09,Electricity Bill,Utilities,69.75,Expense
2023-04-08,Online Shop,Shopping,26.96,Expense
2022-03-04,Online Shop,Shopping,16.35,Expense
2023-12-03,Netflix,Entertainment,42.83,Expense
2023-05-06,Internet,Utilities,48.07,Expense
2022-04-12,Clothes,Shopping,71.94,Expense
2021-05-31,Cinema,Entertainment,34.79,Expense
2022-11-04,Online Shop,Shopping,34.01,Expense
2023-03-31,Electricity Bill,Utilities,47.02,Expense
2024-04-19,Internet,Utilities,17.34,Expense
2022-12-16,Online Shop,Shopping,53.79,Expense
2021-04-02,Cinema,Entertainment,71.75,Expense
2021-12-26,Cinema,Entertainment,120.75,Expense
2022-12-08,Online Shop,Shopping,48.37,Expense
2020-04-08,Netflix,Entertainment,40.87,Expense
2024-05-15,Online Shop,Shopping,5.16,Expense
2021-08-27,Internet,Utilities,54.67,Expense
2021-03-30,Internet,Utilities,55.82,Expense
2021-12-06,Cinema,Entertainment,67.82,Expense
2020-09-22,Electricity Bill,Utilities,38.18,Expense
2021-11-02,Cinema,Entertainment,61.51,Expense
2022-06-10,Electricity Bill,Utilities,18.84,Expense
2022-06-21,Internet,Utilities,63.61,Expense
2022-06-13,Internet,Utilities,68.7,Expense
2021-05-31,Starbucks,Food & Drink,35.68,Expense
2024-02-03,Starbucks,Food & Drink,80.1,Expense
2022-02-23,Online Shop,Shopping,5.75,Expense
2023-10-20,Netflix,Entertainment,42.9,Expense
2020-10-26,Internet,Utilities,47.28,Expense
2022-11-28,Cinema,Entertainment,36.09,Expense
2020-09-04,Electricity Bill,Utilities,37.29,Expense
2023-03-13,Online Shop,Shopping,78.19,Expense
2021-06-16,Electricity Bill,Utilities,55.49,Expense
2021-04-04,Netflix,Entertainment,55.16,Expense
2023-01-05,Electricity Bill,Utilities,41.13,Expense
2023-07-10,Clothes,Shopping,16.12,Expense
2021-06-18,McDonalds,Food & Drink,12.17,Expense
2024-06-14,Electricity Bill,Utilities,26.93,Expense
2020-11-20,Netflix,Entertainment,27.64,Expense
2024-10-31,Cinema,Entertainment,43.23,Expense
2021-04-04,Online Shop,Shopping,143.43,Expense
2020-10-04,Cinema,Entertainment,117.22,Expense
2022-03-30,KFC,Food & Drink,16.42,Expense
2020-12-19,McDonalds,Food & Drink,56.73,Expense
2022-05-04,Internet,Utilities,27.96,Expense
2020-03-04,Clothes,Shopping,53.35,Expense
2024-11-06,Cinema,Entertainment,72.97,Expense
2024-10-14,Netflix,Entertainment,35.32,Expense
2022-09-04,Starbucks,Food & Drink,130.77,Expense
2024-08-13,Cinema,Entertainment,36.46,Expense
2020-01-25,Internet,Utilities,105.48,Expense
2023-09-02,Online Shop,Shopping,136.86,Expense
2021-08-23,Online Shop,Shopping,46.57,Expense
2024-08-04,KFC,Food & Drink,115.22,Expense
2021-11-16,Online Shop,Shopping,19.07,Expense
2024-07-31,Online Shop,Shopping,72.48,Expense
2020-04-04,Online Shop,Shopping,141.5,Expense
2020-05-18,Online Shop,Shopping,38.43,Expense
2024-07-21,Clothes,Shopping,58.27,Expense
2024-08-28,Cinema,Entertainment,54.09,Expense
2021-09-04,Electricity Bill,Utilities,130.77,Expense
2021-07-04,KFC,Food & Drink,87.41,Expense
2022-01-03,Electricity Bill,Utilities,21.62,Expense
2023-01-13,Netflix,Entertainment,14.88,Expense
2020-04-07,Cinema,Entertainment,71.46,Expense
2022-08-04,Clothes,Shopping,31.98,Expense
2021-11-04,Netflix,Entertainment,76.09,Expense
2024-07-14,McDonalds,Food & Drink,29.83,Expense
2022-10-13,KFC,Food & Drink,6.05,Expense
2023-05-23,Electricity Bill,Utilities,8.44,Expense
2024-09-10,Online Shop,Shopping,13.29,Expense
2022-09-20,Starbucks,Food & Drink,55.1,Expense
2021-07-28,McDonalds,Food & Drink,48.38,Expense
2022-01-31,Netflix,Entertainment,41.9,Expense
2022-11-13,Cinema,Entertainment,133.69,Expense
2021-08-02,Electricity Bill,Utilities,12.59,Expense
2021-06-19,Internet,Utilities,107.06,Expense
2020-01-04,Instead ahead despite measure ago.,Rent,1185.08,Expense
2020-01-05,Information last everything thank serve.,Investment,2291.0,Income
2020-01-19,Court attorney product significant world.,Other,3287.0,Income
2020-01-25,Have decide environment.,Rent,766.06,Expense
2020-01-25,Play move each left establish.,Health & Fitness,1211.41,Expense
2020-01-26,Range successful simply.,Salary,1077.09,Expense
2020-01-30,Tree note responsibility.,Health & Fitness,1158.93,Expense
2020-01-31,Much section investment on gun.,Rent,1712.08,Expense
2020-02-02,As high you more wife.,Health & Fitness,333.68,Expense
2020-02-04,Race mr.,Travel,1406.62,Expense
2020-02-05,Born itself law west.,Rent,1222.17,Expense
2020-02-05,Seven medical blood personal.,Investment,1838.0,Income
2020-02-07,Current hear claim well two.,Travel,1979.15,Expense
2020-02-08,Staff within mouth call.,Other,3786.0,Income
2020-02-11,Human public health.,Health & Fitness,433.13,Expense
2020-02-13,Building different full open.,Salary,294.31,Expense
2020-02-15,Detail audience piece director town.,Other,4009.0,Income
2020-02-18,Drug list imagine behind.,Investment,1398.0,Income
2020-02-19,Interest level rock pull.,Investment,3958.0,Income
2020-02-26,Court movie cell.,Travel,1942.45,Expense
2020-02-28,Anything yourself.,Other,3286.0,Income
2020-02-28,Unit support.,Other,1795.0,Income
2020-02-29,Magazine degree husband around.,Travel,1944.06,Expense
2020-03-03,World enter.,Rent,1742.33,Expense
2020-03-09,Security arm.,Rent,1858.91,Expense
2020-03-09,Me system church whether.,Travel,486.51,Expense
2020-03-11,Attention attack technology.,Rent,180.45,Expense
2020-03-11,Walk now often.,Rent,1956.19,Expense
2020-03-18,Value thing these.,Health & Fitness,881.82,Expense
2020-03-21,Citizen street region.,Rent,503.33,Expense
2020-03-23,Property never.,Investment,2385.0,Income
2020-03-28,Major town suffer begin.,Other,1080.0,Income
2020-04-01,Analysis four capital.,Travel,1341.27,Expense
2020-04-06,Away third.,Salary,493.56,Expense
2020-04-10,Together decide.,Other,3402.0,Income
2020-04-17,Government nice.,Salary,1729.04,Expense
2020-04-17,See understand door class son.,Investment,996.0,Income
2020-04-18,Agent say forward us.,Health & Fitness,1603.18,Expense
2020-04-22,City red him.,Investment,2058.0,Income
2020-04-26,Go meeting quickly.,Investment,914.0,Income
2020-04-30,Hair attorney professional.,Travel,1853.77,Expense
2020-05-01,Finish summer rest feel finally.,Travel,851.78,Expense
2020-05-03,I fast camera inside.,Salary,318.05,Expense
2020-05-05,Expert involve oil.,Health & Fitness,123.76,Expense
2020-05-07,Stand seem.,Investment,3807.0,Income
2020-05-11,Southern challenge animal.,Investment,825.0,Income
2020-05-13,Hundred challenge reach throughout.,Health & Fitness,1870.07,Expense
2020-05-14,Despite sound receive let.,Health & Fitness,484.99,Expense
2020-05-15,True building card.,Travel,919.88,Expense
2020-05-16,Write other wear through partner.,Rent,28.54,Expense
2020-05-17,Store natural today season.,Rent,155.79,Expense
2020-05-19,Else easy point she.,Travel,273.59,Expense
2020-05-20,Phone ever back experience.,Rent,1759.75,Expense
2020-05-25,Ask imagine my.,Travel,1227.24,Expense
2020-05-28,Task she.,Rent,1878.47,Expense
2020-05-29,Accept goal send table.,Investment,1376.0,Income
2020-05-31,Ahead from quickly identify.,Health & Fitness,415.16,Expense
2020-05-31,Try wonder move trade.,Travel,1015.76,Expense
2020-06-02,Anyone here deep.,Travel,97.73,Expense
2020-06-06,Like see.,Salary,1107.84,Expense
2020-06-09,Paper white responsibility.,Other,826.0,Income
2020-06-10,Walk cup option store.,Health & Fitness,1562.43,Expense
2020-06-14,Whether player stock religious.,Other,3872.0,Income
2020-06-18,Let stay or focus.,Rent,771.26,Expense
2020-06-18,Everything late.,Other,2322.0,Income
2020-06-18,Particular her agreement surface consider.,Other,3364.0,Income
2020-06-21,Position make society behavior.,Travel,708.78,Expense
2020-06-21,Reality fill ok list.,Health & Fitness,1879.08,Expense
2020-06-22,International second former reflect.,Other,1962.0,Income
2020-06-22,Edge building court.,Travel,86.13,Expense
2020-06-24,Week real course school everybody.,Health & Fitness,1459.8,Expense
2020-06-30,Executive beyond create dinner conference.,Rent,776.54,Expense
2020-06-30,Call animal approach factor want.,Travel,98.33,Expense
2020-07-03,Key continue anything wait.,Other,3071.0,Income
2020-07-04,State husband.,Rent,1442.31,Expense
2020-07-05,Picture approach chance none fight.,Travel,1337.12,Expense
2020-07-06,Newspaper indicate other.,Travel,1113.28,Expense
2020-07-06,Herself training father open investment.,Other,1925.0,Income
2020-07-08,Art whether between several personal.,Travel,818.09,Expense
2020-07-11,Church community.,Travel,580.96,Expense
2020-07-12,Able late order.,Health & Fitness,935.33,Expense
2020-07-17,Boy different chance enter.,Health & Fitness,195.84,Expense
2020-07-21,Matter management ball.,Other,1096.0,Income
2020-07-23,Why like impact fly.,Rent,1559.06,Expense
2020-07-24,Form really explain.,Salary,109.93,Expense
2020-07-28,Already because education break significant.,Rent,918.36,Expense
2020-07-28,Price my.,Health & Fitness,1900.58,Expense
2020-07-31,Ahead picture son.,Travel,1506.04,Expense
2020-08-01,Nearly need behavior.,Travel,1533.97,Expense
2020-08-01,Relate indeed lot line lead.,Other,2420.0,Income
2020-08-02,Course out second carry.,Health & Fitness,1787.12,Expense
2020-08-03,Significant take future.,Investment,2394.0,Income
2020-08-04,Your majority chance mrs generation.,Other,3210.0,Income
2020-08-08,Them key.,Travel,1509.42,Expense
2020-08-13,System teacher here first.,Salary,67.76,Expense
2020-08-18,Hear certainly most not.,Rent,1289.07,Expense
2020-08-19,Company participant him.,Other,1988.0,Income
2020-08-20,Tree central leave effect.,Other,3181.0,Income
2020-08-21,Together let.,Health & Fitness,681.63,Expense
2020-08-21,Citizen kid generation onto police.,Travel,1506.5,Expense
2020-08-22,Lead few yourself.,Travel,1671.47,Expense
2020-08-26,Yeah far within.,Rent,1564.65,Expense
2020-08-27,Seat strategy total simply discover.,Investment,1748.0,Income
2020-08-29,Pm per question.,Salary,1342.22,Expense
2020-08-31,Bed far section.,Health & Fitness,343.9,Expense
2020-09-01,Car much will.,Rent,1557.81,Expense
2020-09-05,Tree store either station.,Other,1385.0,Income
2020-09-05,Second full boy.,Travel,1155.84,Expense
2020-09-07,Hand so add mr lawyer.,Rent,1188.27,Expense
2020-09-11,Trip determine as statement.,Rent,1594.49,Expense
2020-09-11,Doctor mr.,Health & Fitness,147.22,Expense
2020-09-17,Those pressure street.,Rent,872.71,Expense
2020-09-17,Allow have kitchen.,Salary,1417.54,Expense
2020-09-18,Between rate name within.,Travel,1235.67,Expense
2020-09-18,Huge couple.,Salary,935.1,Expense
2020-09-22,Begin deep police wife.,Travel,651.39,Expense
2020-09-22,During call north attention.,Rent,565.07,Expense
2020-09-22,Only spend do.,Salary,1144.0,Expense
2020-09-23,Able teach certain candidate economy.,Health & Fitness,67.11,Expense
2020-09-25,So draw food company.,Travel,687.27,Expense
2020-09-27,Score moment second.,Travel,1116.02,Expense
2020-09-27,Feeling poor all your suggest.,Salary,1114.8,Expense
2020-09-29,Make travel.,Salary,1295.35,Expense
2020-10-03,Most law painting between reduce.,Salary,1111.41,Expense
2020-10-04,Involve thousand including.,Health & Fitness,710.1,Expense
2020-10-07,Indeed believe interview professor.,Travel,510.29,Expense
2020-10-07,Rather listen before.,Investment,3084.0,Income
2020-10-07,It season.,Investment,2069.0,Income
2020-10-08,News only no.,Salary,560.23,Expense
2020-10-08,Improve them wait.,Travel,1961.22,Expense
2020-10-10,Why outside.,Travel,462.69,Expense
2020-10-10,Official defense.,Investment,4875.0,Income
2020-10-10,Suggest glass news.,Investment,946.0,Income
2020-10-14,Participant price.,Rent,1746.71,Expense
2020-10-15,Congress reflect.,Salary,962.64,Expense
2020-10-16,Scientist will begin.,Rent,1646.01,Expense
2020-10-16,Heavy law church.,Rent,1158.27,Expense
2020-10-19,Anyone bank kitchen interest parent.,Travel,179.51,Expense
2020-10-26,Determine worker.,Salary,601.73,Expense
2020-10-27,Face build market.,Rent,1895.7,Expense
2020-10-28,Author technology amount affect.,Investment,1923.0,Income
2020-10-30,Again foot soon peace.,Salary,589.61,Expense
2020-10-31,Join black.,Travel,1408.95,Expense
2020-11-04,Bill eight community.,Rent,128.68,Expense
2020-11-06,Concern significant.,Travel,883.92,Expense
2020-11-07,Senior service large under.,Travel,1402.47,Expense
2020-11-09,Follow wife firm key light.,Salary,881.14,Expense
2020-11-12,Training occur could painting.,Travel,1156.73,Expense
2020-11-14,Mean common.,Travel,371.16,Expense
2020-11-14,Yard model particular hair.,Salary,1938.42,Expense
2020-11-15,Edge surface who.,Travel,1328.54,Expense
2020-11-16,Organization visit finally.,Health & Fitness,240.68,Expense
2020-11-22,Guy congress.,Salary,1254.56,Expense
2020-11-25,Such big side.,Other,4089.0,Income
2020-11-25,Product then.,Salary,251.64,Expense
2020-11-27,Doctor dream whole six.,Investment,4280.0,Income
2020-12-01,Month whom stage soon.,Travel,836.83,Expense
2020-12-05,Appear lose he.,Salary,495.02,Expense
2020-12-10,Agreement us stuff.,Travel,1642.89,Expense
2020-12-11,Case expert stop.,Travel,1676.58,Expense
2020-12-12,Large accept bad eight.,Salary,1731.87,Expense
2020-12-13,Vote participant institution simply down.,Salary,696.8,Expense
2020-12-18,Wonder effect administration small.,Other,1322.0,Income
2020-12-20,Run pick sign.,Salary,208.43,Expense
2020-12-23,Fall analysis.,Travel,683.74,Expense
2020-12-23,Firm financial.,Rent,1705.01,Expense
2020-12-25,Event son join hundred.,Salary,1746.04,Expense
2020-12-26,Fund cost reality happen.,Investment,2423.0,Income
2020-12-28,Song risk bad.,Travel,1994.88,Expense
2020-12-31,Ready goal amount.,Rent,892.92,Expense
2021-01-06,Message seek civil all.,Travel,723.34,Expense
2021-01-10,Know baby case happen.,Other,2472.0,Income
2021-01-11,Hit no energy employee land.,Salary,518.1,Expense
2021-01-12,Customer career available common.,Other,2856.0,Income
2021-01-13,Remember nearly face feel.,Travel,1281.49,Expense
2021-01-14,Soldier meeting building.,Travel,919.1,Expense
2021-01-15,Level work candidate this.,Other,3440.0,Income
2021-01-15,Huge response long.,Travel,53.66,Expense
2021-01-19,Item treat area.,Travel,1553.72,Expense
2021-01-20,Check clearly follow remember generation.,Health & Fitness,445.82,Expense
2021-01-24,Suffer economy play.,Other,1620.0,Income
2021-01-27,Option oil commercial.,Health & Fitness,1467.4,Expense
2021-01-27,American tell ball we side.,Other,3176.0,Income
2021-01-27,Nation politics few each southern.,Health & Fitness,1066.4,Expense
2021-02-02,Less future century technology.,Salary,1935.09,Expense
2021-02-05,Wish candidate have no.,Health & Fitness,1610.42,Expense
2021-02-05,Letter environment easy.,Rent,290.11,Expense
2021-02-08,While total spend.,Health & Fitness,189.7,Expense
2021-02-09,Couple city you level.,Travel,1077.78,Expense
2021-02-09,Age war measure whom.,Travel,1173.27,Expense
2021-02-11,Good anything manager think pressure.,Health & Fitness,225.61,Expense
2021-02-13,Shake hand hundred now.,Health & Fitness,1831.36,Expense
2021-02-16,Network available mean share.,Rent,1274.45,Expense
2021-02-18,Quite budget window hour some.,Travel,1301.99,Expense
2021-02-19,Voice sense current meeting matter.,Investment,804.0,Income
2021-02-20,Case four.,Salary,241.08,Expense
2021-02-28,Listen whose situation simply officer.,Health & Fitness,442.37,Expense
2021-03-02,Occur red.,Other,4960.0,Income
2021-03-02,Kid industry.,Health & Fitness,130.49,Expense
2021-03-04,Improve simple turn.,Rent,1898.53,Expense
2021-03-05,Million night your.,Rent,1328.91,Expense
2021-03-09,Here woman stand west source.,Investment,2771.0,Income
2021-03-15,Race case.,Other,929.0,Income
2021-03-16,Imagine various there.,Other,4809.0,Income
2021-03-16,Sense expert experience.,Investment,4401.0,Income
2021-03-17,Present discussion.,Health & Fitness,1031.34,Expense
2021-03-17,Individual study value.,Investment,855.0,Income
2021-03-18,Small control see the.,Travel,921.5,Expense
2021-03-21,Life cover both class.,Salary,156.25,Expense
2021-03-22,Responsibility add front.,Investment,1038.0,Income
2021-03-22,Purpose cover particularly police if.,Other,3620.0,Income
2021-03-22,Foreign husband believe word local.,Travel,912.89,Expense
2021-03-23,End dog.,Rent,1588.26,Expense
2021-03-23,Few reveal activity president.,Investment,4023.0,Income
2021-03-26,Happen determine whatever.,Other,3060.0,Income
2021-03-27,Lawyer writer health.,Health & Fitness,1907.65,Expense
2021-03-28,Serious soon stay seven.,Salary,143.6,Expense
2021-03-29,Land region back nor article.,Rent,869.43,Expense
2021-03-30,Dark mr clearly take.,Health & Fitness,1625.42,Expense
2021-04-01,Quite response.,Health & Fitness,1343.33,Expense
2021-04-03,Car indeed nor next.,Travel,1204.82,Expense
2021-04-03,Authority interest red must art.,Rent,706.73,Expense
2021-04-08,All important shoulder she.,Rent,1527.59,Expense
2021-04-11,President girl condition.,Travel,67.62,Expense
2021-04-11,More road development about.,Travel,1843.86,Expense
2021-04-19,Scientist i doctor.,Health & Fitness,630.16,Expense
2021-04-19,Cell year.,Rent,1767.85,Expense
2021-04-19,Five our pull fly few.,Investment,1168.0,Income
2021-04-23,Quickly new another general poor.,Travel,438.98,Expense
2021-04-23,Five indicate chance heavy senior.,Health & Fitness,865.53,Expense
2021-04-24,Support feeling remain.,Salary,1058.6,Expense
2021-04-30,Help painting always.,Rent,25.38,Expense
2021-05-04,While bring yourself.,Health & Fitness,153.43,Expense
2021-05-07,Focus executive letter possible final.,Rent,1725.6,Expense
2021-05-07,Have including none.,Rent,816.01,Expense
2021-05-11,Charge form here.,Health & Fitness,185.38,Expense
2021-05-12,Leave run goal cause.,Rent,797.58,Expense
2021-05-14,Contain threat wrong whatever.,Health & Fitness,450.93,Expense
2021-05-14,Stuff avoid.,Rent,1025.86,Expense
2021-05-15,Include successful.,Investment,3362.0,Income
2021-05-19,Health pay project pattern.,Investment,1921.0,Income
2021-05-22,Administration mother in admit.,Rent,362.52,Expense
2021-05-23,Within admit spend purpose south.,Salary,933.27,Expense
2021-05-24,Truth modern.,Salary,1365.46,Expense
2021-05-24,People education great.,Health & Fitness,1729.85,Expense
2021-05-25,Wrong difficult range.,Travel,1594.7,Expense
2021-05-25,Behavior here.,Health & Fitness,1019.6,Expense
2021-05-27,Argue act commercial matter.,Salary,84.84,Expense
2021-05-27,Not teach believe month.,Travel,162.69,Expense
2021-05-29,Deep test thought.,Rent,1233.87,Expense
2021-05-30,Another avoid understand.,Salary,1164.86,Expense
2021-06-02,Approach join stuff future.,Health & Fitness,1964.95,Expense
2021-06-03,Ahead event yeah make.,Investment,820.0,Income
2021-06-06,Wait it quickly produce beat.,Salary,1982.06,Expense
2021-06-11,Mention billion bed never others.,Rent,666.08,Expense
2021-06-20,Result many pattern.,Rent,626.07,Expense
2021-06-20,Career according.,Health & Fitness,1628.24,Expense
2021-06-22,Success here television key.,Rent,1295.59,Expense
2021-06-23,Carry fly water cut fire.,Health & Fitness,46.28,Expense
2021-06-27,Or nation race.,Investment,2923.0,Income
2021-06-28,Well left.,Rent,1020.3,Expense
2021-06-28,Available wrong look husband.,Investment,1856.0,Income
2021-07-04,Worker quality hundred sell whole.,Salary,475.67,Expense
2021-07-04,Action else.,Salary,1808.91,Expense
2021-07-06,Newspaper reach determine hear leg.,Other,4282.0,Income
2021-07-10,Just recent.,Other,3540.0,Income
2021-07-10,Feel special.,Rent,1425.69,Expense
2021-07-11,Support possible.,Rent,577.28,Expense
2021-07-11,Might necessary former.,Travel,904.15,Expense
2021-07-12,Ahead pass culture or.,Salary,1770.41,Expense
2021-07-15,Month police others particularly.,Investment,730.0,Income
2021-07-19,Girl suddenly.,Rent,1679.96,Expense
2021-07-23,Draw bring health.,Salary,1395.18,Expense
2021-07-23,Home others offer institution main.,Other,4174.0,Income
2021-07-24,Never majority cell.,Rent,47.82,Expense
2021-08-02,Major bar air set.,Travel,252.48,Expense
2021-08-06,Ever mrs.,Salary,134.99,Expense
2021-08-07,Not significant manager member.,Salary,1197.51,Expense
2021-08-07,Environmental myself.,Investment,1676.0,Income
2021-08-11,Keep yes.,Health & Fitness,144.68,Expense
2021-08-16,Environment teach world quickly believe.,Investment,1349.0,Income
2021-08-18,Yeah term.,Health & Fitness,275.49,Expense
2021-08-20,Economic represent stock.,Health & Fitness,1628.88,Expense
2021-08-21,Central plan physical heart.,Other,4420.0,Income
2021-08-22,Wear force able similar.,Salary,83.6,Expense
2021-08-24,Why station manager.,Travel,1035.61,Expense
2021-08-25,Front official not.,Salary,514.09,Expense
2021-09-05,A when dark read.,Rent,1600.69,Expense
2021-09-09,Personal rise sense investment.,Other,3509.0,Income
2021-09-09,Ability live.,Travel,1604.28,Expense
2021-09-10,Difficult quite act receive stage.,Rent,866.91,Expense
2021-09-11,Finish thing.,Rent,662.56,Expense
2021-09-11,Similar send card year.,Salary,1209.22,Expense
2021-09-11,Most across.,Salary,709.58,Expense
2021-09-15,Goal defense security turn.,Other,4063.0,Income
2021-09-16,White fire cause everybody.,Health & Fitness,1031.04,Expense
2021-09-17,Day parent country.,Other,785.0,Income
2021-09-19,Position six soldier.,Investment,3500.0,Income
2021-09-19,Value car team nothing.,Health & Fitness,750.31,Expense
2021-09-20,Energy always.,Travel,506.73,Expense
2021-09-21,Media pick may indeed.,Investment,4588.0,Income
2021-09-28,Policy mrs.,Rent,530.94,Expense
2021-10-01,Base bad tv.,Salary,437.0,Expense
2021-10-07,Force only shake power poor.,Salary,408.35,Expense
2021-10-08,Role suffer around beat.,Investment,4203.0,Income
2021-10-13,Law participant.,Other,1219.0,Income
2021-10-13,Budget remain reduce.,Health & Fitness,1339.0,Expense
2021-10-13,Well mission situation result.,Travel,1783.75,Expense
2021-10-20,Southern evening ask republican.,Rent,1970.41,Expense
2021-10-22,Effort bill off.,Other,4328.0,Income
2021-10-24,Animal hair turn.,Other,3761.0,Income
2021-10-27,Need trial.,Salary,1056.13,Expense
2021-10-27,Focus indicate result.,Rent,259.4,Expense
2021-10-30,Number budget.,Rent,905.45,Expense
2021-11-03,Development middle animal.,Health & Fitness,265.39,Expense
2021-11-05,Beat lead hard factor.,Investment,1517.0,Income
2021-11-05,Drug happy will young simply.,Travel,337.67,Expense
2021-11-07,Player really act friend.,Travel,1693.41,Expense
2021-11-10,Billion morning draw.,Travel,259.09,Expense
2021-11-15,Win central.,Rent,1010.12,Expense
2021-11-16,Analysis discuss.,Investment,1902.0,Income
2021-11-17,Red head window be.,Health & Fitness,1686.63,Expense
2021-11-18,Door end fire.,Travel,1305.75,Expense
2021-11-21,Choice clearly.,Other,2974.0,Income
2021-11-21,Enter build citizen rather.,Investment,1794.0,Income
2021-11-23,Structure foreign before.,Salary,934.24,Expense
2021-11-27,Weight take.,Health & Fitness,1950.99,Expense
2021-11-28,Economic left sound cause activity.,Other,4718.0,Income
2021-12-01,Cup hundred rather.,Health & Fitness,491.06,Expense
2021-12-02,Only true avoid young cup.,Other,2530.0,Income
2021-12-03,Begin suggest speak.,Investment,2877.0,Income
2021-12-09,Democrat cost evidence third.,Health & Fitness,387.77,Expense
2021-12-09,People early far include nearly.,Other,4585.0,Income
2021-12-11,Evidence case.,Salary,56.12,Expense
2021-12-12,Eat yes myself affect him.,Salary,1933.71,Expense
2021-12-13,Name machine tree maybe.,Health & Fitness,106.83,Expense
2021-12-13,Conference five despite.,Salary,578.64,Expense
2021-12-15,Speak line.,Investment,4030.0,Income
2021-12-15,Yourself wind beyond prevent entire.,Other,3496.0,Income
2021-12-16,Offer work home.,Health & Fitness,100.03,Expense
2021-12-19,Door fish scene.,Investment,3469.0,Income
2021-12-20,Agreement red way nor none.,Rent,778.83,Expense
2021-12-20,My compare also argue.,Travel,1652.37,Expense
2021-12-23,Money a.,Rent,266.04,Expense
2021-12-24,Future concern sort.,Other,3277.0,Income
2021-12-26,Against only.,Health & Fitness,1512.38,Expense
2021-12-28,Suffer team.,Other,4596.0,Income
2021-12-31,Relate product only from.,Investment,1622.0,Income
2022-01-01,Wish run join.,Salary,1043.47,Expense
2022-01-03,Company why really up.,Investment,3186.0,Income
2022-01-03,Program sport her.,Health & Fitness,333.38,Expense
2022-01-03,Concern ability reduce.,Travel,1191.51,Expense
2022-01-04,Surface side nothing consider.,Salary,1420.39,Expense
2022-01-18,Order party lot all.,Salary,1746.91,Expense
2022-01-21,Enter example down anyone occur.,Health & Fitness,1996.26,Expense
2022-01-22,Best deal point.,Other,4975.0,Income
2022-01-23,Such final however major.,Travel,1224.05,Expense
2022-01-24,Politics hold.,Investment,2785.0,Income
2022-02-01,Nor character recent.,Travel,1412.75,Expense
2022-02-02,Property space.,Salary,640.91,Expense
2022-02-05,Dinner article hit mission whole.,Travel,582.7,Expense
2022-02-06,Too song quality per build.,Health & Fitness,1909.67,Expense
2022-02-08,We cold deep.,Travel,93.71,Expense
2022-02-08,Amount bad raise.,Rent,699.26,Expense
2022-02-09,Challenge organization floor road southern.,Travel,1497.2,Expense
2022-02-10,News need task mind.,Travel,1866.72,Expense
2022-02-11,Pressure occur list common.,Other,3205.0,Income
2022-02-14,Peace race i.,Rent,1365.57,Expense
2022-02-17,Real any little environmental.,Investment,3833.0,Income
2022-02-17,Full soldier.,Salary,960.12,Expense
2022-02-17,Successful teach range.,Other,3131.0,Income
2022-02-18,Rock painting become.,Investment,4883.0,Income
2022-02-22,Start middle city find.,Investment,797.0,Income
2022-02-25,Student economic lead.,Other,806.0,Income
2022-02-27,Ever statement measure.,Investment,3244.0,Income
2022-03-01,Drop major.,Salary,1779.63,Expense
2022-03-02,Whether listen necessary.,Other,2735.0,Income
2022-03-04,Study else store.,Investment,3208.0,Income
2022-03-05,Agree anyone take.,Other,2607.0,Income
2022-03-14,Time surface learn design.,Rent,807.66,Expense
2022-03-17,Station however bill memory production.,Investment,4411.0,Income
2022-03-18,Technology end represent throughout.,Salary,1509.98,Expense
2022-03-18,Change she tonight.,Travel,1169.1,Expense
2022-03-18,Race return pretty young.,Travel,1310.83,Expense
2022-03-22,Feel color price next.,Travel,1383.68,Expense
2022-03-23,Likely scientist.,Travel,741.41,Expense
2022-03-24,Development the inside thought.,Health & Fitness,837.53,Expense
2022-03-25,One less brother.,Salary,1517.13,Expense
2022-03-27,Fear approach take case customer.,Rent,1055.76,Expense
2022-03-28,Throughout would century television congress.,Health & Fitness,165.42,Expense
2022-03-28,Size sister can its.,Other,4762.0,Income
2022-03-29,Throughout series.,Salary,1619.3,Expense
2022-03-31,Fine bill me fill.,Other,3024.0,Income
2022-04-01,Model its rather card you.,Investment,1098.0,Income
2022-04-01,Seek close trade speech.,Other,1022.0,Income
2022-04-01,Mean but represent society heart.,Other,759.0,Income
2022-04-03,Listen check receive.,Salary,1740.54,Expense
2022-04-09,Chance bed memory rich.,Salary,1350.26,Expense
2022-04-10,Anyone spend them system.,Health & Fitness,318.69,Expense
2022-04-16,International break surface three.,Investment,763.0,Income
2022-04-21,Even history surface son.,Investment,4157.0,Income
2022-04-22,Indeed opportunity.,Other,2419.0,Income
2022-04-29,Actually than modern season.,Health & Fitness,1159.17,Expense
2022-04-30,Within prove full.,Health & Fitness,481.44,Expense
2022-05-03,Poor church.,Salary,103.3,Expense
2022-05-07,Include news a before.,Salary,1830.33,Expense
2022-05-08,Forward should outside respond.,Investment,2588.0,Income
2022-05-08,Box service develop game.,Rent,1845.23,Expense
2022-05-09,Miss reduce animal clearly cell.,Rent,1075.91,Expense
2022-05-13,Unit study.,Investment,4427.0,Income
2022-05-13,Leader operation mean white.,Health & Fitness,613.34,Expense
2022-05-19,Community spring billion price paper.,Rent,1496.29,Expense
2022-05-20,Include record security.,Travel,767.52,Expense
2022-05-22,Team republican very plan cut.,Health & Fitness,623.76,Expense
2022-05-23,Tv car report window.,Salary,937.35,Expense
2022-05-24,My pm report set.,Salary,1525.64,Expense
2022-05-27,Herself apply.,Other,2918.0,Income
2022-05-28,Environment size worker.,Other,2384.0,Income
2022-05-29,Grow laugh.,Health & Fitness,522.08,Expense
2022-05-30,Score night down.,Salary,927.05,Expense
2022-05-30,Unit hold.,Health & Fitness,346.84,Expense
2022-05-31,Approach season data than team.,Salary,376.26,Expense
2022-06-01,Cultural right cover large work.,Rent,1890.92,Expense
2022-06-06,Letter visit always up.,Investment,4642.0,Income
2022-06-07,Detail contain attention measure indeed.,Salary,1321.98,Expense
2022-06-11,Begin determine degree forward.,Other,597.0,Income
2022-06-11,Despite sell most.,Other,4888.0,Income
2022-06-12,Either rich agency might.,Rent,1836.92,Expense
2022-06-17,Way cold.,Health & Fitness,541.98,Expense
2022-06-17,Account assume prove similar ten.,Health & Fitness,1919.0,Expense
2022-06-19,Section child.,Rent,1310.93,Expense
2022-06-21,Start treat imagine later identify.,Salary,121.67,Expense
2022-06-21,Hope brother.,Investment,1177.0,Income
2022-06-23,Face rate.,Rent,1790.63,Expense
2022-06-25,Choose detail section someone.,Salary,549.48,Expense
2022-06-26,Whether century quality.,Travel,1799.63,Expense
2022-07-04,Surface usually.,Health & Fitness,773.85,Expense
2022-07-04,Popular available public economy.,Rent,1006.58,Expense
2022-07-05,Fish late pattern.,Rent,687.78,Expense
2022-07-13,Size republican political.,Travel,1569.26,Expense
2022-07-18,If operation trade necessary myself.,Investment,3612.0,Income
2022-07-20,Let member however.,Rent,192.13,Expense
2022-07-22,Production summer.,Salary,726.24,Expense
2022-07-27,Doctor protect military social.,Investment,3157.0,Income
2022-07-27,Plant event score official now.,Rent,1452.44,Expense
2022-07-28,Might good test.,Other,1888.0,Income
2022-07-29,Thought according think key.,Other,2698.0,Income
2022-07-30,Method exactly.,Rent,342.74,Expense
2022-07-31,Church own stage.,Travel,973.62,Expense
2022-08-02,Specific result loss long.,Other,2520.0,Income
2022-08-02,Claim street against amount of.,Salary,1191.67,Expense
2022-08-03,Picture always occur.,Investment,1609.0,Income
2022-08-06,These road.,Health & Fitness,886.04,Expense
2022-08-13,Process enough right garden law.,Other,3114.0,Income
2022-08-15,Her car admit.,Salary,1935.85,Expense
2022-08-15,Range step painting concern.,Health & Fitness,758.35,Expense
2022-08-19,Exist theory.,Rent,1639.74,Expense
2022-08-21,Brother according pressure reach firm.,Other,2482.0,Income
2022-08-22,Talk interest hand.,Rent,903.64,Expense
2022-08-26,Security land record.,Health & Fitness,1406.25,Expense
2022-08-26,Democrat hundred.,Rent,227.65,Expense
2022-08-28,Pass range appear home player.,Health & Fitness,341.01,Expense
2022-08-31,Prevent expert white arm similar.,Investment,4683.0,Income
2022-09-02,College already dream a church.,Investment,2920.0,Income
2022-09-03,Good house only military.,Rent,240.98,Expense
2022-09-04,Above company media next me.,Rent,881.95,Expense
2022-09-04,Sort what.,Health & Fitness,143.68,Expense
2022-09-05,Economic kind help low during.,Investment,685.0,Income
2022-09-06,Race to television loss.,Rent,1357.51,Expense
2022-09-07,Him small.,Investment,4727.0,Income
2022-09-08,Son include good.,Investment,3211.0,Income
2022-09-10,Red enjoy.,Salary,471.39,Expense
2022-09-15,Strong student green.,Rent,1158.92,Expense
2022-09-17,When summer he firm together.,Investment,2649.0,Income
2022-09-18,Make worker trouble.,Salary,1060.15,Expense
2022-09-19,Allow girl team simply lead.,Health & Fitness,710.45,Expense
2022-09-23,Party employee nature down.,Travel,1838.18,Expense
2022-09-26,Evidence conference capital office.,Rent,374.26,Expense
2022-09-29,Task cultural son school.,Other,3965.0,Income
2022-09-29,Computer matter.,Investment,1866.0,Income
2022-10-02,Stuff benefit seat employee.,Salary,281.7,Expense
2022-10-03,Newspaper special general in go.,Salary,824.18,Expense
2022-10-04,Office power company sister great.,Salary,982.51,Expense
2022-10-04,Simple land bad party.,Investment,2306.0,Income
2022-10-05,What than political up instead.,Travel,457.44,Expense
2022-10-08,Support author class direction.,Salary,1135.64,Expense
2022-10-10,Report painting house.,Salary,1103.96,Expense
2022-10-12,Security minute late cold.,Investment,2694.0,Income
2022-10-12,Road product wait.,Health & Fitness,1088.67,Expense
2022-10-13,Cold billion as.,Salary,1097.24,Expense
2022-10-19,Approach side model you billion.,Rent,1474.62,Expense
2022-10-20,Easy exist phone.,Salary,533.0,Expense
2022-10-21,Stuff agreement professional team foot.,Rent,883.75,Expense
2022-10-23,Opportunity lead see.,Health & Fitness,1723.49,Expense
2022-10-28,Source kind hand.,Investment,2195.0,Income
2022-10-30,Field a spring.,Health & Fitness,1069.24,Expense
2022-11-03,Across involve fall.,Travel,1149.74,Expense
2022-11-04,Nature country.,Rent,279.82,Expense
2022-11-07,Possible mother especially.,Investment,3138.0,Income
2022-11-10,Laugh red man fly charge.,Travel,1259.35,Expense
2022-11-13,Control bill.,Rent,1270.92,Expense
2022-11-14,Resource road do.,Rent,811.67,Expense
2022-11-14,Management game.,Health & Fitness,914.84,Expense
2022-11-17,Entire hotel.,Rent,1464.55,Expense
2022-11-17,Consider time economic high.,Health & Fitness,1701.71,Expense
2022-11-21,Program decade home which view.,Travel,682.13,Expense
2022-11-22,Rock seat near business loss.,Salary,1578.72,Expense
2022-11-26,Plan foot cold.,Salary,42.4,Expense
2022-11-28,Choice side eat matter rather.,Other,2157.0,Income
2022-12-03,First next popular.,Travel,195.75,Expense
2022-12-04,Run again help right.,Rent,749.97,Expense
2022-12-07,Trial never attention choice fast.,Investment,508.0,Income
2022-12-12,Happen a point here control.,Rent,274.07,Expense
2022-12-13,Task simply draw return probably.,Salary,28.48,Expense
2022-12-15,Couple raise she child.,Rent,1976.43,Expense
2022-12-18,Condition all blood.,Rent,1464.22,Expense
2022-12-22,All politics.,Other,3511.0,Income
2022-12-31,Life police.,Rent,1065.71,Expense
2023-01-03,Sea three state some around.,Investment,4105.0,Income
2023-01-04,Rise mother.,Other,4124.0,Income
2023-01-06,Moment eat personal.,Rent,1794.22,Expense
2023-01-09,See indeed black police group.,Investment,3645.0,Income
2023-01-11,Move outside value.,Other,1190.0,Income
2023-01-13,Yard foot he share issue.,Travel,1560.15,Expense
2023-01-15,Drive nation heart nearly season.,Travel,418.84,Expense
2023-01-19,Memory number occur behind leave.,Other,1081.0,Income
2023-01-19,Organization feel.,Salary,1909.36,Expense
2023-01-21,Us building side section.,Investment,826.0,Income
2023-01-23,Energy huge its recently.,Other,3700.0,Income
2023-01-24,Nice maintain present cultural.,Rent,627.24,Expense
2023-01-24,Both including.,Other,1450.0,Income
2023-01-25,Science drug.,Travel,342.26,Expense
2023-01-26,Add really born.,Other,1467.0,Income
2023-01-27,Nature performance yeah.,Rent,533.27,Expense
2023-01-28,On professional analysis color.,Rent,997.33,Expense
2023-01-29,Home even.,Health & Fitness,323.05,Expense
2023-01-30,Affect test.,Rent,464.52,Expense
2023-01-31,Term mother cost may.,Investment,4364.0,Income
2023-02-06,Election hit yourself wrong want.,Health & Fitness,549.8,Expense
2023-02-07,Charge today prevent.,Other,1478.0,Income
2023-02-08,My deal catch must.,Other,2812.0,Income
2023-02-09,Finally relate model.,Travel,661.33,Expense
2023-02-13,Attack mouth rest contain.,Travel,1481.76,Expense
2023-02-15,She they.,Health & Fitness,1187.46,Expense
2023-02-22,System man case.,Other,3019.0,Income
2023-02-22,Allow share address.,Investment,3939.0,Income
2023-02-26,Term majority foot leader.,Other,1262.0,Income
2023-02-26,If among save herself.,Investment,4757.0,Income
2023-02-26,Particularly score order modern.,Health & Fitness,922.33,Expense
2023-02-28,Body lead there there early.,Rent,1015.8,Expense
2023-03-05,Coach family try ready.,Other,2638.0,Income
2023-03-05,Career including late condition opportunity.,Health & Fitness,910.99,Expense
2023-03-08,Before relationship plant.,Rent,319.27,Expense
2023-03-08,Religious risk window partner civil.,Other,3072.0,Income
2023-03-08,Analysis color friend the.,Health & Fitness,1929.62,Expense
2023-03-08,Than condition republican.,Travel,932.06,Expense
2023-03-10,Finally shoulder land.,Rent,323.65,Expense
2023-03-13,Part management.,Health & Fitness,798.53,Expense
2023-03-13,Process law kind over according.,Other,2631.0,Income
2023-03-15,Challenge president already.,Salary,1116.35,Expense
2023-03-15,Study fear turn any indicate.,Rent,929.47,Expense
2023-03-16,Concern lay often use behavior.,Investment,1570.0,Income
2023-03-18,Happy her attack interview.,Other,3549.0,Income
2023-03-18,Fall care.,Rent,1168.82,Expense
2023-03-21,Money modern receive partner.,Rent,53.38,Expense
2023-03-22,Role pick would low read.,Other,1555.0,Income
2023-03-23,Participant first moment yet.,Other,1503.0,Income
2023-03-23,Pass market role.,Other,914.0,Income
2023-03-23,Space this discussion fact.,Other,3735.0,Income
2023-03-27,Son yourself increase.,Investment,2033.0,Income
2023-03-29,Night point action cut.,Salary,1768.01,Expense
2023-03-30,So film media.,Investment,2917.0,Income
2023-03-31,Box four.,Salary,131.35,Expense
2023-04-04,North question new.,Health & Fitness,964.57,Expense
2023-04-07,Officer forward trouble.,Health & Fitness,1826.23,Expense
2023-04-09,Worker phone success number.,Investment,740.0,Income
2023-04-10,Organization ten seem.,Travel,126.6,Expense
2023-04-10,Even beautiful.,Health & Fitness,1536.02,Expense
2023-04-15,Size sing tree kitchen.,Travel,1072.04,Expense
2023-04-21,About usually.,Health & Fitness,1828.82,Expense
2023-04-22,Level animal minute probably.,Other,1664.0,Income
2023-04-23,Customer expert mother significant.,Salary,1088.83,Expense
2023-04-24,Chance event address.,Investment,1239.0,Income
2023-04-25,Bill my near even wall.,Investment,663.0,Income
2023-05-03,Approach interview condition other.,Other,987.0,Income
2023-05-05,Green forward cup serve speak.,Investment,1408.0,Income
2023-05-05,Nothing behavior sort recognize.,Health & Fitness,1921.51,Expense
2023-05-07,Technology pay tree.,Health & Fitness,281.54,Expense
2023-05-12,Record professor small.,Other,4491.0,Income
2023-05-14,Should page camera.,Health & Fitness,454.24,Expense
2023-05-15,Leave opportunity draw during city.,Travel,263.42,Expense
2023-05-18,Final image our.,Other,1652.0,Income
2023-05-19,Management produce bed stage.,Rent,483.61,Expense
2023-05-20,Factor past language day theory.,Health & Fitness,898.79,Expense
2023-05-22,Old particularly.,Rent,1443.62,Expense
2023-05-22,Summer system artist too.,Other,3937.0,Income
2023-05-29,Nation production little could.,Investment,2915.0,Income
2023-05-29,Style child young prove.,Other,1357.0,Income
2023-05-30,Author administration.,Investment,3575.0,Income
2023-06-02,Window career case south.,Investment,4981.0,Income
2023-06-03,Us perhaps lawyer interest star.,Rent,682.52,Expense
2023-06-04,Difficult interesting account marriage.,Salary,1411.96,Expense
2023-06-09,Line score whether.,Travel,1324.59,Expense
2023-06-09,Something fine apply gas sing.,Rent,108.77,Expense
2023-06-10,Mention light safe inside.,Salary,315.64,Expense
2023-06-13,Employee picture official of prevent.,Salary,407.35,Expense
2023-06-15,Agree machine camera baby six.,Investment,2890.0,Income
2023-06-16,Past every either.,Salary,1689.1,Expense
2023-06-17,Machine son television.,Travel,191.36,Expense
2023-06-21,Official success approach.,Salary,534.17,Expense
2023-06-22,Live way two.,Rent,180.56,Expense
2023-06-25,Particular present evening establish.,Salary,1149.7,Expense
2023-06-26,Pressure hospital significant.,Travel,167.12,Expense
2023-07-05,Begin voice prevent structure wear.,Investment,2078.0,Income
2023-07-05,Beat painting heavy.,Other,1141.0,Income
2023-07-07,Realize property show either.,Rent,183.18,Expense
2023-07-10,Since him four.,Health & Fitness,1714.68,Expense
2023-07-10,Shoulder despite poor tree resource.,Investment,1365.0,Income
2023-07-11,Authority number.,Rent,1573.63,Expense
2023-07-13,Affect marriage present a.,Health & Fitness,1757.01,Expense
2023-07-15,Entire record toward off.,Salary,1148.33,Expense
2023-07-15,Difficult his ready sister building.,Other,817.0,Income
2023-07-15,Four field area young.,Health & Fitness,1384.12,Expense
2023-07-15,Movement which ball least.,Other,2700.0,Income
2023-07-17,Receive to piece.,Travel,567.89,Expense
2023-07-18,Be plan same cause.,Rent,1945.27,Expense
2023-07-19,Rest or.,Travel,1948.7,Expense
2023-07-19,As music film move.,Health & Fitness,546.15,Expense
2023-07-20,Already argue.,Rent,383.99,Expense
2023-07-23,Scientist do author.,Health & Fitness,1643.82,Expense
2023-07-30,Source international.,Salary,110.61,Expense
2023-08-05,Center indeed recent.,Investment,2481.0,Income
2023-08-07,Just understand american.,Salary,363.39,Expense
2023-08-07,Partner sing administration main according.,Health & Fitness,695.06,Expense
2023-08-09,Religious order.,Travel,1500.43,Expense
2023-08-09,Really society live camera.,Travel,64.63,Expense
2023-08-10,Mission include visit.,Investment,2313.0,Income
2023-08-17,Apply both chance.,Investment,569.0,Income
2023-08-17,Computer prove amount population.,Travel,1428.35,Expense
2023-08-21,Itself free source.,Travel,853.38,Expense
2023-08-22,Bit appear.,Health & Fitness,923.41,Expense
2023-08-23,Citizen ahead method.,Travel,1357.62,Expense
2023-08-27,Discover body direction down.,Other,2815.0,Income
2023-08-30,Heart determine likely.,Rent,968.66,Expense
2023-08-30,Three certain.,Travel,1284.78,Expense
2023-08-30,Hold carry rest.,Travel,1315.68,Expense
2023-08-30,Dark camera realize.,Travel,384.84,Expense
2023-09-04,List leg address into their.,Travel,1814.75,Expense
2023-09-07,Almost most look something.,Salary,1813.99,Expense
2023-09-10,Manager bar send really.,Travel,1692.38,Expense
2023-09-11,Look fight.,Travel,1453.12,Expense
2023-09-12,Smile have less.,Rent,452.28,Expense
2023-09-13,Audience throw four allow international.,Travel,846.74,Expense
2023-09-14,My some skin ball thing.,Health & Fitness,528.51,Expense
2023-09-14,War push thousand book half.,Rent,946.37,Expense
2023-09-14,Hand possible relate night.,Rent,949.72,Expense
2023-09-15,Wonder draw box.,Investment,3626.0,Income
2023-09-16,Money but report question.,Salary,295.02,Expense
2023-09-23,When baby clearly.,Other,2740.0,Income
2023-09-28,Indicate radio use.,Investment,1560.0,Income
2023-10-04,Pretty skin main program.,Health & Fitness,1900.64,Expense
2023-10-05,Machine wife show.,Investment,2353.0,Income
2023-10-06,Good lay coach.,Health & Fitness,631.06,Expense
2023-10-08,Expect win stuff realize project.,Other,1868.0,Income
2023-10-08,Draw american first.,Investment,2942.0,Income
2023-10-08,Employee continue none alone.,Salary,1458.39,Expense
2023-10-09,Challenge large wish move.,Health & Fitness,872.99,Expense
2023-10-11,Until choose wife national.,Health & Fitness,1502.73,Expense
2023-10-13,Positive far time wide.,Other,656.0,Income
2023-10-14,Rule too.,Investment,1508.0,Income
2023-10-16,Sit short cultural.,Investment,661.0,Income
2023-10-17,Support quality whatever wish hour.,Investment,3914.0,Income
2023-10-17,Owner memory argue project.,Rent,1099.09,Expense
2023-10-29,Democratic thousand.,Travel,1249.37,Expense
2023-10-30,Structure our century.,Investment,2815.0,Income
2023-11-04,Write moment friend value.,Investment,4577.0,Income
2023-11-05,According police.,Investment,2654.0,Income
2023-11-09,Conference trade population agreement.,Rent,1672.11,Expense
2023-11-11,Than physical live reason.,Rent,1449.89,Expense
2023-11-13,Mention offer suddenly clear.,Other,2393.0,Income
2023-11-14,Floor there career.,Travel,535.61,Expense
2023-11-14,Evening information.,Investment,823.0,Income
2023-11-15,Face morning.,Health & Fitness,1605.18,Expense
2023-11-17,Create physical share out cold.,Rent,199.05,Expense
2023-11-21,Move goal.,Investment,3192.0,Income
2023-11-21,Carry example.,Salary,1910.63,Expense
2023-11-22,Future treat bill choice.,Rent,751.52,Expense
2023-11-23,Somebody next ready.,Rent,807.55,Expense
2023-11-23,Republican reduce sort individual trouble.,Travel,1673.06,Expense
2023-11-26,Type look find.,Salary,1601.8,Expense
2023-11-26,Task central dinner.,Rent,837.9,Expense
2023-11-27,Candidate bad real.,Salary,370.71,Expense
2023-11-27,Affect machine.,Health & Fitness,1226.6,Expense
2023-11-29,Turn day top.,Other,601.0,Income
2023-12-05,Goal talk sit party.,Health & Fitness,1043.01,Expense
2023-12-06,Attention standard shake more respond.,Rent,871.37,Expense
2023-12-08,Top mr wind.,Salary,698.04,Expense
2023-12-10,Method imagine seven.,Salary,1705.22,Expense
2023-12-11,Letter mind many.,Rent,1505.35,Expense
2023-12-13,News american foreign.,Health & Fitness,1940.59,Expense
2023-12-14,Exist outside find wish.,Investment,3601.0,Income
2023-12-18,Thus sort.,Salary,185.16,Expense
2023-12-20,Actually purpose public.,Health & Fitness,246.23,Expense
2023-12-23,Do interesting material.,Travel,1781.32,Expense
2023-12-25,Event smile popular hundred live.,Salary,1901.21,Expense
2023-12-27,Discuss wall ahead scene.,Health & Fitness,1124.7,Expense
2023-12-29,Question will him quickly.,Salary,1436.15,Expense
2023-12-29,Perform benefit baby.,Salary,236.91,Expense
2024-01-02,Gas teacher national weight all.,Travel,1099.9,Expense
2024-01-02,Himself fire heavy.,Rent,101.1,Expense
2024-01-04,Allow news.,Investment,3852.0,Income
2024-01-04,Man care resource.,Investment,2036.0,Income
2024-01-07,Notice make.,Other,2266.0,Income
2024-01-09,Wife pay good within fly.,Other,880.0,Income
2024-01-10,And student give score agree.,Rent,1546.57,Expense
2024-01-11,Doctor fine be.,Investment,4045.0,Income
2024-01-11,Boy college mrs.,Salary,1849.5,Expense
2024-01-13,Onto worry help hope.,Investment,1348.0,Income
2024-01-14,Space beyond.,Health & Fitness,1013.18,Expense
2024-01-16,Wide cut player wind.,Travel,911.16,Expense
2024-01-16,Degree enter father of source.,Other,4696.0,Income
2024-01-16,Behind front attack song little.,Health & Fitness,1426.63,Expense
2024-01-19,Finish increase economy middle public.,Travel,1376.36,Expense
2024-01-19,Table trade various risk art.,Health & Fitness,1423.6,Expense
2024-01-20,Leg drive second she.,Salary,1169.78,Expense
2024-01-23,Statement position either.,Travel,1756.18,Expense
2024-01-25,Magazine yard instead town.,Investment,934.0,Income
2024-01-26,Compare system white magazine after.,Travel,1369.95,Expense
2024-01-26,Own test too imagine.,Investment,2917.0,Income
2024-02-01,Forget once hope security.,Travel,1388.94,Expense
2024-02-06,Design blood degree ever.,Other,3674.0,Income
2024-02-07,Television argue mouth.,Health & Fitness,1932.01,Expense
2024-02-07,Nation little east everyone.,Other,2163.0,Income
2024-02-10,Little happy final population.,Salary,1661.67,Expense
2024-02-10,Real small.,Health & Fitness,1512.66,Expense
2024-02-14,Movement door kind.,Travel,903.14,Expense
2024-02-14,Until truth feeling view.,Rent,382.08,Expense
2024-02-15,Decision three trouble.,Investment,3590.0,Income
2024-02-16,Smile ever bag single.,Other,2664.0,Income
2024-02-17,Say unit four institution.,Other,546.0,Income
2024-02-21,Able customer figure.,Travel,986.2,Expense
2024-02-21,Book economic.,Health & Fitness,155.03,Expense
2024-02-23,Increase consider.,Rent,705.31,Expense
2024-02-24,Difference way type positive phone.,Health & Fitness,668.82,Expense
2024-02-24,Cup red collection husband.,Salary,1993.3,Expense
2024-02-27,High issue deal democratic.,Health & Fitness,768.93,Expense
2024-02-28,Industry impact certainly.,Rent,777.89,Expense
2024-02-29,Dog late eat.,Travel,59.16,Expense
2024-03-02,Beat light the window.,Health & Fitness,1033.48,Expense
2024-03-03,Require remain save.,Salary,97.26,Expense
2024-03-05,Likely great paper.,Investment,1871.0,Income
2024-03-06,College manage fund.,Rent,419.1,Expense
2024-03-11,Stop unit might job close.,Other,1077.0,Income
2024-03-15,Country approach.,Salary,1264.13,Expense
2024-03-18,Break time manager kid.,Investment,1018.0,Income
2024-03-27,Data exist.,Investment,2874.0,Income
2024-03-28,State none production defense your.,Travel,1217.07,Expense
2024-03-29,Short congress turn east marriage.,Salary,769.01,Expense
2024-04-03,Western order accept wide prevent.,Travel,1920.67,Expense
2024-04-04,Water yourself trade someone.,Other,591.0,Income
2024-04-07,Natural own.,Other,4900.0,Income
2024-04-08,Effort drive side human.,Rent,616.34,Expense
2024-04-09,Clear single expect.,Health & Fitness,431.36,Expense
2024-04-10,Capital program story mention majority.,Travel,396.71,Expense
2024-04-10,Environmental outside bed institution.,Investment,4996.0,Income
2024-04-11,Control piece behavior message wind.,Rent,588.4,Expense
2024-04-13,Us money positive.,Investment,2117.0,Income
2024-04-16,Life bad soon.,Salary,1903.56,Expense
2024-04-17,Including let result spend.,Travel,1389.98,Expense
2024-04-18,One shoulder administration.,Other,3091.0,Income
2024-04-22,Space game truth special decision.,Travel,1681.82,Expense
2024-04-23,Else pull its adult house.,Other,4431.0,Income
2024-04-25,Pretty least if.,Health & Fitness,1551.79,Expense
2024-04-26,Peace wind guess.,Rent,359.78,Expense
2024-04-26,Because career course.,Travel,1718.84,Expense
2024-04-30,Teacher decide possible.,Investment,2656.0,Income
2024-05-02,Success teach mrs beat.,Rent,1457.58,Expense
2024-05-04,Notice street anything.,Salary,1311.28,Expense
2024-05-05,Piece require.,Other,2329.0,Income
2024-05-05,Say other never fact.,Travel,276.42,Expense
2024-05-14,Main opportunity particularly question.,Rent,799.6,Expense
2024-05-20,Recently again explain court.,Investment,1967.0,Income
2024-05-23,Third rich hospital.,Health & Fitness,90.44,Expense
2024-05-27,Paper beyond indeed.,Health & Fitness,782.31,Expense
2024-05-31,Ground city still.,Rent,1410.44,Expense
2024-06-01,Southern front.,Travel,1671.4,Expense
2024-06-02,Environment character real middle prove.,Rent,1038.16,Expense
2024-06-04,Among black picture that treat.,Health & Fitness,978.85,Expense
2024-06-07,Positive free case.,Investment,2384.0,Income
2024-06-09,Wide shoulder according strong.,Other,2232.0,Income
2024-06-10,Expert commercial entire resource.,Investment,3467.0,Income
2024-06-12,Picture early send morning.,Rent,1325.61,Expense
2024-06-13,Soon including important.,Health & Fitness,1443.31,Expense
2024-06-13,Some gun ahead certainly act.,Salary,963.25,Expense
2024-06-15,Article service produce political.,Investment,1603.0,Income
2024-06-17,Information though red.,Investment,2615.0,Income
2024-06-22,Thought sit identify culture.,Travel,1895.04,Expense
2024-06-23,Already free.,Salary,1735.93,Expense
2024-06-23,Yeah exist behavior necessary miss.,Other,1669.0,Income
2024-06-23,Rule success.,Salary,1197.1,Expense
2024-07-01,Medical buy series walk large.,Other,3657.0,Income
2024-07-05,Law work.,Investment,2157.0,Income
2024-07-07,Better republican stock bank.,Rent,195.45,Expense
2024-07-16,Certain camera represent.,Salary,1581.22,Expense
2024-07-20,Tell brother defense list second.,Rent,856.72,Expense
2024-07-22,Face mission brother figure hear.,Other,2611.0,Income
2024-07-23,Agreement central six instead.,Investment,4780.0,Income
2024-07-23,Democratic standard major.,Investment,3572.0,Income
2024-07-25,Give that individual of not.,Health & Fitness,823.6,Expense
2024-07-26,Little result paper seven.,Other,2577.0,Income
2024-07-26,Position tend religious.,Salary,365.65,Expense
2024-07-27,Someone religious night buy nice.,Salary,515.02,Expense
2024-07-27,My serious whatever miss seek.,Health & Fitness,1550.65,Expense
2024-07-29,Future congress.,Health & Fitness,1603.7,Expense
2024-07-30,Arrive which consider.,Salary,1852.46,Expense
2024-07-30,Hope floor include.,Rent,533.55,Expense
2024-08-03,Ahead plant trial affect.,Salary,883.55,Expense
2024-08-03,Push east never size fight.,Travel,397.55,Expense
2024-08-09,World site mr interest treatment.,Health & Fitness,486.12,Expense
2024-08-11,A let.,Investment,1211.0,Income
2024-08-14,Claim move.,Rent,1839.16,Expense
2024-08-15,Bed recognize store.,Health & Fitness,701.48,Expense
2024-08-23,Play woman remain event.,Other,538.0,Income
2024-08-25,Participant above.,Travel,686.53,Expense
2024-08-25,Including time reflect.,Other,4906.0,Income
2024-08-27,Ball theory prepare much throughout.,Travel,1391.44,Expense
2024-08-27,Good spend still.,Salary,1542.23,Expense
2024-08-28,Concern should recent across.,Salary,1366.37,Expense
2024-09-01,Decide cultural start how thank.,Health & Fitness,1037.84,Expense
2024-09-02,Management necessary process not.,Other,2533.0,Income
2024-09-05,Talk thing rock ever summer.,Rent,1113.56,Expense
2024-09-05,Pass quite third ability interview.,Other,3396.0,Income
2024-09-05,Item yet ever quite.,Travel,373.74,Expense
2024-09-07,Mother first hot free.,Investment,2674.0,Income
2024-09-10,True culture.,Health & Fitness,320.43,Expense
2024-09-13,As personal agreement.,Investment,4535.0,Income
2024-09-16,East list when.,Health & Fitness,989.76,Expense
2024-09-17,Mind door authority outside.,Travel,986.7,Expense
2024-09-17,Personal often.,Travel,801.78,Expense
2024-09-18,Artist sort area.,Salary,1879.91,Expense
2024-09-21,Big argue.,Other,3725.0,Income
2024-09-23,Ten skin perhaps.,Other,3085.0,Income
2024-09-25,Military onto blue activity.,Rent,657.62,Expense
2024-09-26,Smile cover of pm eight.,Travel,382.43,Expense
2024-09-26,Right know during someone.,Travel,947.98,Expense
2024-09-27,Find job where.,Health & Fitness,375.99,Expense
2024-10-01,Price certain down standard nice.,Investment,2372.0,Income
2024-10-02,Gas with policy cut.,Travel,1610.13,Expense
2024-10-04,Detail about development discover.,Other,4592.0,Income
2024-10-04,Lose shoulder spring.,Other,4486.0,Income
2024-10-09,Key place tree.,Rent,905.21,Expense
2024-10-10,Wish current.,Health & Fitness,727.01,Expense
2024-10-10,Despite energy company.,Travel,694.84,Expense
2024-10-11,Condition again successful.,Health & Fitness,1736.06,Expense
2024-10-17,With young think there assume.,Health & Fitness,1349.65,Expense
2024-10-17,Some court her.,Salary,1780.37,Expense
2024-10-18,Outside with each animal.,Travel,932.87,Expense
2024-10-21,Why though decide bank likely.,Rent,167.43,Expense
2024-10-21,Meet seem population.,Health & Fitness,640.59,Expense
2024-10-21,Material less focus hear.,Travel,1214.72,Expense
2024-10-23,Listen ok point so.,Salary,1564.14,Expense
2024-10-24,Detail data tell.,Salary,833.84,Expense
2024-10-28,Fill thousand number.,Investment,1524.0,Income
2024-11-01,Nearly care base.,Travel,1881.47,Expense
2024-11-02,Goal once let perform international.,Rent,429.04,Expense
2024-11-03,Important source first him.,Rent,136.95,Expense
2024-11-11,National back everybody direction budget.,Rent,216.82,Expense
2024-11-11,National free.,Rent,1313.12,Expense
2024-11-12,Few spring raise.,Travel,466.42,Expense
2024-11-13,Relationship your your.,Salary,1256.7,Expense
2024-11-13,Across federal state.,Investment,734.0,Income
2024-11-13,State serious activity pressure.,Other,3164.0,Income
2024-11-13,Dinner rich decide do.,Salary,1950.21,Expense
2024-11-14,Serious reveal left social fine.,Travel,1101.61,Expense
2024-11-14,Show recently decide last.,Investment,4240.0,Income
2024-11-17,Wall act special.,Travel,1818.76,Expense
2024-11-17,For age size.,Health & Fitness,830.29,Expense
2024-11-17,With yes nothing.,Investment,500.0,Income
2024-11-19,Bit need allow.,Salary,606.22,Expense
2024-11-20,Cost attorney.,Travel,1198.04,Expense
2024-11-20,Day fact modern.,Health & Fitness,385.26,Expense
2024-11-23,Hospital writer can industry.,Other,3599.0,Income
2024-11-24,Western tend candidate day.,Rent,850.26,Expense
2024-11-24,City offer financial data.,Travel,576.51,Expense
2024-11-24,Cut yard knowledge.,Travel,831.68,Expense
2024-11-25,Say explain.,Other,4209.0,Income
2024-11-25,Red republican father party.,Salary,383.7,Expense
2024-11-26,Eat tonight run leader.,Investment,4882.0,Income
2024-11-29,Believe recognize analysis those citizen.,Investment,2811.0,Income
2024-11-30,Project at risk.,Salary,1456.94,Expense
2024-12-06,Left available.,Health & Fitness,932.73,Expense
2024-12-09,Gas human create also.,Health & Fitness,169.64,Expense
2024-12-12,Leave bar prevent require.,Rent,1090.95,Expense
2024-12-12,Likely evidence claim.,Other,3625.0,Income
2024-12-15,Beyond family movement hospital back.,Rent,1949.45,Expense
2024-12-19,Real know our any.,Rent,1047.07,Expense
2024-12-21,Up hear draw.,Salary,784.35,Expense
2024-12-23,Instead writer.,Health & Fitness,325.64,Expense
2024-12-28,Quite as when.,Rent,514.09,Expense
2024-12-28,No couple debate must.,Investment,1425.0,Income
2024-12-29,Pressure activity defense detail.,Other,1480.0,Income
2023-01-01,Salary,Salary,4500.0,Income
2023-01-05,Grab,Transport,29.74,Expense
2023-01-11,Gojek,Transport,27.81,Expense
2023-01-12,Grab,Transport,64.6,Expense
2023-01-17,Gojek,Transport,67.37,Expense
2023-01-22,Grab,Transport,143.71,Expense
2023-01-24,Grab,Transport,22.03,Expense
2023-01-27,Gojek,Transport,20.86,Expense
2023-02-01,Salary,Salary,4500.0,Income
2023-02-02,Gojek,Transport,20.35,Expense
2023-02-09,Grab,Transport,53.29,Expense
2023-02-11,Gojek,Transport,101.29,Expense
2023-02-19,Grab,Transport,43.04,Expense
2023-02-21,Freelance,Salary,660.0,Income
2023-02-27,Freelance,Salary,512.0,Income
2023-03-01,Salary,Salary,4500.0,Income
2023-03-03,Grab,Transport,29.79,Expense
2023-03-04,Grab,Transport,93.76,Expense
2023-03-05,Freelance,Salary,409.0,Income
2023-03-06,Grab,Transport,64.53,Expense
2023-03-09,Grab,Transport,39.35,Expense
2023-03-12,Freelance,Salary,908.0,Income
2023-03-15,Gojek,Transport,61.63,Expense
2023-03-27,Grab,Transport,36.35,Expense
2023-03-28,Grab,Transport,12.7,Expense
2023-03-30,Grab,Transport,66.14,Expense
2023-03-31,Gojek,Transport,20.09,Expense
2023-04-01,Salary,Salary,4500.0,Income
2023-04-04,Gojek,Transport,68.92,Expense
2023-04-07,Freelance,Salary,331.0,Income
2023-04-08,Grab,Transport,124.54,Expense
2023-04-13,Gojek,Transport,45.28,Expense
2023-04-18,Grab,Transport,76.67,Expense
2023-04-20,Gojek,Transport,52.71,Expense
2023-04-29,Grab,Transport,68.54,Expense
2023-05-01,Salary,Salary,4500.0,Income
2023-05-07,Grab,Transport,110.75,Expense
2023-05-18,Freelance,Salary,708.0,Income
2023-05-25,Grab,Transport,9.9,Expense
2023-05-26,Grab,Transport,57.33,Expense
2023-06-01,Salary,Salary,4500.0,Income
2023-06-04,Grab,Transport,112.4,Expense
2023-06-10,Freelance,Salary,928.0,Income
2023-06-12,Gojek,Transport,44.4,Expense
2023-06-16,Gojek,Transport,75.97,Expense
2023-06-19,Grab,Transport,33.05,Expense
2023-06-28,Grab,Transport,57.92,Expense
2023-06-30,Gojek,Transport,60.02,Expense
2023-07-01,Salary,Salary,4500.0,Income
2023-07-02,Gojek,Transport,89.77,Expense
2023-07-06,Grab,Transport,48.22,Expense
2023-07-07,Gojek,Transport,61.87,Expense
2023-07-09,Freelance,Salary,225.0,Income
2023-07-10,Grab,Transport,55.81,Expense
2023-07-15,Grab,Transport,36.46,Expense
2023-07-18,Grab,Transport,12.58,Expense
2023-07-27,Gojek,Transport,20.41,Expense
2023-08-01,Salary,Salary,4500.0,Income
2023-08-02,Grab,Transport,77.25,Expense
2023-08-05,Grab,Transport,142.18,Expense
2023-08-06,Grab,Transport,109.59,Expense
2023-08-22,Grab,Transport,79.98,Expense
2023-08-28,Grab,Transport,60.07,Expense
2023-09-01,Salary,Salary,4500.0,Income
2023-09-02,Grab,Transport,147.92,Expense
2023-09-04,Freelance,Salary,733.0,Income
2023-09-05,Freelance,Salary,318.0,Income
2023-09-09,Gojek,Transport,37.69,Expense
2023-09-20,Freelance,Salary,809.0,Income
2023-09-24,Gojek,Transport,122.25,Expense
2023-09-29,Freelance,Salary,820.0,Income
2023-10-01,Salary,Salary,4500.0,Income
2023-10-04,Grab,Transport,63.25,Expense
2023-10-08,Gojek,Transport,25.07,Expense
2023-10-10,Grab,Transport,59.41,Expense
2023-10-13,Grab,Transport,38.32,Expense
2023-10-17,Grab,Transport,60.51,Expense
2023-10-23,Freelance,Salary,662.0,Income
2023-10-25,Grab,Transport,67.72,Expense
2023-10-26,Gojek,Transport,64.7,Expense
2023-11-01,Salary,Salary,4500.0,Income
2023-11-05,Freelance,Salary,253.0,Income
2023-11-15,Gojek,Transport,31.49,Expense
2023-11-21,Grab,Transport,62.13,Expense
2023-11-24,Gojek,Transport,55.98,Expense
2023-11-27,Grab,Transport,43.34,Expense
2023-12-01,Salary,Salary,4500.0,Income
2023-12-08,Freelance,Salary,716.0,Income
2023-12-09,Freelance,Salary,384.0,Income
2023-12-19,Grab,Transport,63.67,Expense
2023-12-25,Gojek,Transport,66.67,Expense
2023-12-28,Freelance,Salary,329.0,Income
2023-12-31,Freelance,Salary,348.0,Income
2022-07-18,Grab,Transport,64.8,Expense
2024-06-21,Gojek,Transport,72.36,Expense
2020-03-01,Salary,Salary,5000.0,Income
2024-10-06,Freelance,Salary,631.0,Income
2023-04-13,Freelance,Salary,584.0,Income
2021-06-21,Gojek,Transport,76.81,Expense
2023-12-15,Gojek,Transport,9.91,Expense
2023-12-28,Gojek,Transport,31.26,Expense
2023-03-20,Freelance,Salary,532.0,Income
2022-10-25,Gojek,Transport,59.15,Expense
2020-01-24,Gojek,Transport,61.15,Expense
2024-04-23,Gojek,Transport,70.63,Expense
2023-03-23,Freelance,Salary,756.0,Income
2022-12-19,Gojek,Transport,47.82,Expense
2023-10-19,Gojek,Transport,36.93,Expense
2023-07-02,Freelance,Salary,744.0,Income
2021-05-28,Gojek,Transport,53.92,Expense
2022-05-19,Grab,Transport,45.19,Expense
2020-02-09,Freelance,Salary,533.0,Income
2024-09-20,Gojek,Transport,14.55,Expense
2021-04-22,Freelance,Salary,435.0,Income
2020-05-01,Salary,Salary,5000.0,Income
2024-10-30,Gojek,Transport,78.04,Expense
2024-02-01,Salary,Salary,5000.0,Income
2020-08-20,Gojek,Transport,61.31,Expense
2024-08-29,Grab,Transport,62.34,Expense
2022-03-12,Gojek,Transport,115.65,Expense
2020-02-01,Salary,Salary,5000.0,Income
2023-02-24,Gojek,Transport,63.74,Expense
2023-11-28,Grab,Transport,61.0,Expense
2021-08-06,Freelance,Salary,521.0,Income
2020-09-09,Grab,Transport,66.65,Expense
2024-05-07,Gojek,Transport,31.49,Expense
2020-03-05,Gojek,Transport,6.68,Expense
2023-05-31,Grab,Transport,75.09,Expense
2024-05-03,Gojek,Transport,10.91,Expense
2020-08-27,Gojek,Transport,68.3,Expense
2023-11-29,Freelance,Salary,986.0,Income
2024-11-01,Salary,Salary,5000.0,Income
2021-08-16,Grab,Transport,48.85,Expense
2024-05-17,Grab,Transport,57.05,Expense
2020-02-29,Grab,Transport,101.1,Expense
2023-01-01,Salary,Salary,5000.0,Income
2024-03-20,Grab,Transport,42.23,Expense
2023-03-08,Grab,Transport,55.84,Expense
2022-03-09,Grab,Transport,11.67,Expense
2023-10-12,Gojek,Transport,76.57,Expense
2021-09-11,Freelance,Salary,542.0,Income
2022-05-07,Grab,Transport,90.02,Expense
2023-07-01,Salary,Salary,5000.0,Income
2024-01-17,Grab,Transport,64.18,Expense
2021-11-01,Salary,Salary,5000.0,Income
2023-04-08,Gojek,Transport,103.38,Expense
2022-05-30,Gojek,Transport,48.97,Expense
2021-02-12,Gojek,Transport,68.32,Expense
2022-12-05,Grab,Transport,17.14,Expense
2021-04-12,Gojek,Transport,45.51,Expense
2024-07-18,Grab,Transport,26.46,Expense
2021-09-25,Gojek,Transport,26.28,Expense
2021-03-13,Gojek,Transport,126.4,Expense
2023-02-22,Grab,Transport,50.76,Expense
2024-02-16,Grab,Transport,5.32,Expense
2020-01-04,Freelance,Salary,223.0,Income
2024-06-03,Gojek,Transport,9.68,Expense
2024-06-01,Salary,Salary,5000.0,Income
2022-05-31,Gojek,Transport,11.75,Expense
2023-09-20,Grab,Transport,69.31,Expense
2021-01-10,Freelance,Salary,753.0,Income
2021-09-14,Gojek,Transport,67.04,Expense
2020-11-10,Gojek,Transport,36.01,Expense
2024-03-31,Freelance,Salary,560.0,Income
2023-05-15,Freelance,Salary,573.0,Income
2020-09-26,Gojek,Transport,133.39,Expense
2021-01-01,Salary,Salary,5000.0,Income
2022-08-16,Grab,Transport,34.81,Expense
2022-01-11,Grab,Transport,34.21,Expense
2024-12-03,Grab,Transport,52.11,Expense
2022-11-15,Grab,Transport,15.82,Expense
2023-11-01,Salary,Salary,5000.0,Income
2023-10-14,Grab,Transport,73.85,Expense
2020-06-14,Freelance,Salary,346.0,Income
2024-09-27,Gojek,Transport,57.73,Expense
2022-08-30,Freelance,Salary,240.0,Income
2021-11-26,Gojek,Transport,29.4,Expense
2022-05-30,Grab,Transport,34.43,Expense
2021-05-23,Freelance,Salary,339.0,Income
2022-08-01,Salary,Salary,5000.0,Income
2024-10-31,Gojek,Transport,33.42,Expense
2021-01-05,Grab,Transport,63.82,Expense
2020-01-28,Grab,Transport,56.35,Expense
2020-07-30,Grab,Transport,71.29,Expense
2021-02-25,Grab,Transport,53.44,Expense
2024-05-18,Freelance,Salary,371.0,Income
2023-03-01,Salary,Salary,5000.0,Income
2023-06-20,Gojek,Transport,57.86,Expense
2021-09-03,Freelance,Salary,381.0,Income
2021-05-03,Freelance,Salary,466.0,Income
2020-12-24,Grab,Transport,29.17,Expense
2024-07-01,Salary,Salary,5000.0,Income
2023-02-11,Grab,Transport,90.34,Expense
2023-12-01,Salary,Salary,5000.0,Income
2022-02-26,Freelance,Salary,969.0,Income
2022-02-04,Grab,Transport,56.58,Expense
2021-08-27,Gojek,Transport,28.94,Expense
2020-04-12,Freelance,Salary,895.0,Income
2024-03-16,Grab,Transport,87.64,Expense
2020-07-01,Salary,Salary,5000.0,Income
2023-07-15,Freelance,Salary,432.0,Income
2020-01-26,Grab,Transport,100.22,Expense
2022-07-07,Gojek,Transport,78.55,Expense
2021-02-01,Salary,Salary,5000.0,Income
2023-11-16,Freelance,Salary,777.0,Income
2022-06-13,Gojek,Transport,62.81,Expense
2022-09-14,Gojek,Transport,39.26,Expense
2024-06-10,Gojek,Transport,77.14,Expense
2020-07-02,Gojek,Transport,79.6,Expense
2023-02-17,Gojek,Transport,68.59,Expense
2021-11-08,Gojek,Transport,44.52,Expense
2021-11-12,Grab,Transport,20.43,Expense
2022-10-22,Gojek,Transport,23.9,Expense
2022-01-28,Gojek,Transport,79.68,Expense
2023-09-07,Grab,Transport,25.82,Expense
2021-05-16,Gojek,Transport,106.23,Expense
2024-08-21,Gojek,Transport,43.34,Expense
2024-01-04,Gojek,Transport,25.39,Expense
2023-06-26,Freelance,Salary,939.0,Income
2021-01-10,Gojek,Transport,52.68,Expense
2024-06-29,Freelance,Salary,754.0,Income
2020-06-17,Freelance,Salary,217.0,Income
2022-08-29,Freelance,Salary,456.0,Income
2020-01-21,Gojek,Transport,19.21,Expense
2023-02-19,Grab,Transport,68.91,Expense
2024-05-01,Salary,Salary,5000.0,Income
2024-09-02,Grab,Transport,33.92,Expense
2020-12-01,Salary,Salary,5000.0,Income
2020-08-28,Grab,Transport,59.22,Expense
2023-05-23,Grab,Transport,37.7,Expense
2021-03-29,Grab,Transport,26.49,Expense
2021-11-09,Gojek,Transport,45.57,Expense
2024-08-20,Grab,Transport,5.4,Expense
2023-11-12,Gojek,Transport,67.79,Expense
2023-01-22,Freelance,Salary,313.0,Income
2020-07-28,Grab,Transport,32.74,Expense
2021-09-04,Gojek,Transport,144.61,Expense
2024-03-16,Gojek,Transport,78.86,Expense
2023-05-31,Grab,Transport,17.33,Expense
2021-09-24,Gojek,Transport,40.27,Expense
2021-02-24,Gojek,Transport,74.76,Expense
2024-05-06,Gojek,Transport,74.01,Expense
2021-01-16,Gojek,Transport,140.73,Expense
2024-11-13,Grab,Transport,49.23,Expense
2021-07-15,Freelance,Salary,681.0,Income
2021-10-01,Salary,Salary,5000.0,Income
2024-08-18,Grab,Transport,83.37,Expense
2023-04-03,Freelance,Salary,323.0,Income
2024-01-19,Grab,Transport,50.28,Expense
2022-05-14,Gojek,Transport,134.14,Expense
2020-06-01,Salary,Salary,5000.0,Income
2024-01-28,Gojek,Transport,106.78,Expense
2021-10-11,Gojek,Transport,22.05,Expense
2024-12-27,Grab,Transport,48.11,Expense
2024-06-10,Grab,Transport,29.96,Expense
2020-06-06,Grab,Transport,99.36,Expense
2024-12-21,Freelance,Salary,669.0,Income
2021-01-09,Grab,Transport,35.04,Expense
2023-12-12,Grab,Transport,69.64,Expense
2020-01-28,Grab,Transport,42.61,Expense
2020-03-04,Grab,Transport,45.33,Expense
2020-05-20,Gojek,Transport,14.93,Expense
2022-11-23,Gojek,Transport,55.51,Expense
2021-05-18,Freelance,Salary,719.0,Income
2020-03-29,Freelance,Salary,978.0,Income
2024-06-19,Grab,Transport,60.12,Expense
2021-01-02,Grab,Transport,110.18,Expense
2022-07-08,Gojek,Transport,72.09,Expense
2024-09-08,Gojek,Transport,122.16,Expense
2024-06-13,Gojek,Transport,26.22,Expense
2024-09-14,Gojek,Transport,126.94,Expense
2023-09-18,Gojek,Transport,12.4,Expense
2023-08-01,Salary,Salary,5000.0,Income
2021-10-09,Grab,Transport,106.82,Expense
2021-03-30,Freelance,Salary,814.0,Income
2022-04-11,Gojek,Transport,78.55,Expense
2022-09-27,Freelance,Salary,860.0,Income
2024-04-21,Grab,Transport,91.14,Expense
2022-01-19,Gojek,Transport,11.53,Expense
2024-05-14,Grab,Transport,10.71,Expense
2023-08-02,Grab,Transport,35.89,Expense
2022-03-09,Gojek,Transport,40.03,Expense
2021-05-01,Salary,Salary,5000.0,Income
2020-09-28,Grab,Transport,41.25,Expense
2022-11-07,Grab,Transport,30.89,Expense
2022-03-01,Salary,Salary,5000.0,Income
2022-07-09,Freelance,Salary,477.0,Income
2023-05-27,Freelance,Salary,632.0,Income
2023-06-08,Freelance,Salary,645.0,Income
2023-03-22,Gojek,Transport,50.18,Expense
2020-01-18,Gojek,Transport,121.53,Expense
2024-01-19,Freelance,Salary,885.0,Income
2022-04-10,Freelance,Salary,725.0,Income
2024-03-06,Freelance,Salary,394.0,Income
2024-03-19,Gojek,Transport,72.75,Expense
2021-03-09,Grab,Transport,27.11,Expense
2020-08-28,Gojek,Transport,17.41,Expense
2023-12-07,Grab,Transport,34.46,Expense
2022-01-21,Grab,Transport,54.62,Expense
2024-08-20,Grab,Transport,56.18,Expense
2023-12-12,Gojek,Transport,27.14,Expense
2021-03-13,Grab,Transport,20.51,Expense
2020-02-17,Freelance,Salary,350.0,Income
2023-01-21,Grab,Transport,25.83,Expense
2020-11-01,Salary,Salary,5000.0,Income
2023-11-19,Grab,Transport,143.27,Expense
2022-05-21,Grab,Transport,33.13,Expense
2020-04-01,Salary,Salary,5000.0,Income
2022-03-20,Freelance,Salary,752.0,Income
2021-08-13,Grab,Transport,12.02,Expense
2023-07-12,Gojek,Transport,74.89,Expense
2021-12-10,Grab,Transport,70.63,Expense
2024-12-07,Freelance,Salary,721.0,Income
2020-10-01,Salary,Salary,5000.0,Income
2023-09-08,Grab,Transport,27.99,Expense
2023-05-11,Grab,Transport,13.95,Expense
2022-02-15,Gojek,Transport,29.95,Expense
2022-07-06,Gojek,Transport,36.05,Expense
2024-11-29,Gojek,Transport,77.15,Expense
2023-01-24,Grab,Transport,6.04,Expense
2020-10-29,Gojek,Transport,75.89,Expense
2021-03-12,Gojek,Transport,67.92,Expense
2024-06-16,Freelance,Salary,773.0,Income
2022-12-21,Grab,Transport,53.24,Expense
2024-10-12,Gojek,Transport,41.84,Expense
2020-06-03,Freelance,Salary,248.0,Income
2024-08-29,Gojek,Transport,77.82,Expense
2022-08-16,Grab,Transport,28.62,Expense
2021-05-22,Freelance,Salary,934.0,Income
2021-03-17,Grab,Transport,33.65,Expense
2022-06-13,Freelance,Salary,301.0,Income
2021-10-31,Gojek,Transport,64.54,Expense
2022-10-19,Grab,Transport,33.72,Expense
2023-08-28,Grab,Transport,11.72,Expense
2022-12-07,Freelance,Salary,855.0,Income
2023-02-25,Gojek,Transport,72.0,Expense
2022-06-20,Gojek,Transport,7.82,Expense
2024-12-06,Gojek,Transport,25.48,Expense
2024-10-29,Grab,Transport,57.04,Expense
2020-01-27,Gojek,Transport,68.01,Expense
2020-12-13,Gojek,Transport,129.09,Expense
2023-04-28,Freelance,Salary,351.0,Income
2020-12-07,Grab,Transport,74.97,Expense
2020-11-14,Gojek,Transport,30.59,Expense
2024-03-08,Freelance,Salary,527.0,Income
2021-05-14,Freelance,Salary,509.0,Income
2022-01-27,Grab,Transport,32.54,Expense
2023-07-22,Freelance,Salary,356.0,Income
2023-11-05,Gojek,Transport,140.16,Expense
2024-03-11,Grab,Transport,29.93,Expense
2024-08-10,Gojek,Transport,98.4,Expense
2020-07-20,Gojek,Transport,41.05,Expense
2020-10-12,Gojek,Transport,54.36,Expense
2022-04-22,Grab,Transport,31.9,Expense
2024-05-04,Grab,Transport,61.38,Expense
2024-06-18,Grab,Transport,19.47,Expense
2023-05-10,Freelance,Salary,602.0,Income
2022-10-19,Grab,Transport,74.03,Expense
2022-12-02,Grab,Transport,61.32,Expense
2020-03-24,Gojek,Transport,56.19,Expense
2024-03-15,Freelance,Salary,626.0,Income
2022-07-23,Grab,Transport,131.21,Expense
2023-06-01,Salary,Salary,5000.0,Income
2023-06-13,Freelance,Salary,430.0,Income
2020-05-21,Grab,Transport,69.18,Expense
2021-12-25,Grab,Transport,58.15,Expense
2022-06-18,Gojek,Transport,59.17,Expense
2022-11-08,Gojek,Transport,60.5,Expense
2021-05-19,Gojek,Transport,42.2,Expense
2022-07-02,Gojek,Transport,68.64,Expense
2022-04-19,Grab,Transport,25.09,Expense
2022-02-11,Gojek,Transport,13.82,Expense
2022-08-12,Gojek,Transport,5.68,Expense
2023-10-31,Gojek,Transport,63.95,Expense
2024-06-03,Gojek,Transport,9.03,Expense
2023-09-20,Freelance,Salary,578.0,Income
2020-11-02,Gojek,Transport,32.58,Expense
2022-02-11,Grab,Transport,43.59,Expense
2022-07-16,Gojek,Transport,97.24,Expense
2022-07-06,Gojek,Transport,78.69,Expense
2022-01-18,Grab,Transport,44.69,Expense
2023-02-07,Grab,Transport,22.16,Expense
2022-02-01,Salary,Salary,5000.0,Income
2022-01-11,Freelance,Salary,672.0,Income
2020-03-22,Gojek,Transport,72.79,Expense
2022-03-28,Grab,Transport,61.5,Expense
2022-02-11,Freelance,Salary,393.0,Income
2022-12-06,Grab,Transport,36.05,Expense
2024-03-19,Grab,Transport,78.44,Expense
2024-10-01,Salary,Salary,5000.0,Income
2020-06-06,Grab,Transport,53.91,Expense
2022-08-14,Freelance,Salary,483.0,Income
2022-08-19,Freelance,Salary,780.0,Income
2020-08-16,Grab,Transport,108.08,Expense
2021-10-24,Grab,Transport,27.28,Expense
2020-08-20,Grab,Transport,37.41,Expense
2022-02-25,Freelance,Salary,297.0,Income
2024-01-07,Gojek,Transport,116.17,Expense
2024-01-14,Grab,Transport,56.16,Expense
2021-08-07,Gojek,Transport,143.62,Expense
2024-07-30,Freelance,Salary,518.0,Income
2023-03-28,Gojek,Transport,10.5,Expense
2022-06-13,Freelance,Salary,746.0,Income
2022-08-18,Gojek,Transport,51.71,Expense
2024-05-27,Grab,Transport,15.93,Expense
2021-09-09,Gojek,Transport,38.32,Expense
2021-06-17,Freelance,Salary,240.0,Income
2020-07-30,Grab,Transport,74.82,Expense
2022-11-01,Salary,Salary,5000.0,Income
2024-10-17,Freelance,Salary,760.0,Income
2023-09-17,Freelance,Salary,892.0,Income
2020-07-15,Freelance,Salary,699.0,Income
2021-10-21,Grab,Transport,6.37,Expense
2024-04-08,Freelance,Salary,604.0,Income
2023-03-19,Gojek,Transport,136.54,Expense
2022-04-18,Grab,Transport,40.09,Expense
2021-08-30,Grab,Transport,23.76,Expense
2021-04-28,Gojek,Transport,71.13,Expense
2020-10-03,Grab,Transport,106.7,Expense
2022-09-18,Gojek,Transport,114.17,Expense
2023-01-28,Gojek,Transport,122.53,Expense
2020-07-10,Grab,Transport,53.83,Expense
2020-11-30,Grab,Transport,23.85,Expense
2023-12-28,Gojek,Transport,74.29,Expense
2022-10-29,Grab,Transport,65.56,Expense
2023-06-14,Freelance,Salary,201.0,Income
2024-08-28,Grab,Transport,77.56,Expense
2023-07-29,Gojek,Transport,46.99,Expense
2021-03-25,Freelance,Salary,524.0,Income
2021-01-28,Grab,Transport,70.91,Expense
2021-11-18,Grab,Transport,18.59,Expense
2023-04-10,Freelance,Salary,206.0,Income
2020-10-05,Grab,Transport,73.38,Expense
2022-08-03,Grab,Transport,9.32,Expense
2020-04-18,Grab,Transport,106.17,Expense
2021-02-14,Grab,Transport,134.59,Expense
2024-01-14,Grab,Transport,116.05,Expense
2021-06-27,Freelance,Salary,736.0,Income
2020-03-07,Freelance,Salary,434.0,Income
2021-08-30,Gojek,Transport,58.68,Expense
2021-04-01,Salary,Salary,5000.0,Income
2020-09-25,Grab,Transport,74.75,Expense
2022-09-26,Grab,Transport,53.37,Expense
2022-07-27,Gojek,Transport,49.01,Expense
2024-04-25,Gojek,Transport,71.49,Expense
2021-12-09,Gojek,Transport,26.34,Expense
2021-04-20,Grab,Transport,63.64,Expense
2020-02-17,Grab,Transport,47.26,Expense
2020-03-03,Gojek,Transport,55.11,Expense
2023-05-03,Gojek,Transport,23.12,Expense
2020-03-28,Grab,Transport,30.29,Expense
2024-11-21,Grab,Transport,21.65,Expense
2020-05-06,Gojek,Transport,25.71,Expense
2023-05-12,Freelance,Salary,957.0,Income
2021-05-23,Freelance,Salary,321.0,Income
2022-01-20,Freelance,Salary,335.0,Income
2021-05-06,Freelance,Salary,803.0,Income
2024-01-03,Grab,Transport,41.9,Expense
2024-07-25,Freelance,Salary,509.0,Income
2024-01-07,Grab,Transport,85.93,Expense
2020-08-01,Salary,Salary,5000.0,Income
2024-07-06,Freelance,Salary,666.0,Income
2021-11-04,Gojek,Transport,20.45,Expense
2020-08-24,Gojek,Transport,40.94,Expense
2022-02-22,Grab,Transport,73.6,Expense
2023-05-13,Freelance,Salary,366.0,Income
2023-01-04,Freelance,Salary,318.0,Income
2020-06-07,Grab,Transport,105.69,Expense
2024-06-03,Gojek,Transport,9.82,Expense
2021-05-25,Freelance,Salary,344.0,Income
2020-11-27,Grab,Transport,64.49,Expense
2021-06-12,Grab,Transport,138.44,Expense
2023-04-08,Grab,Transport,52.92,Expense
2023-06-29,Freelance,Salary,567.0,Income
2024-10-04,Freelance,Salary,889.0,Income
2024-03-01,Salary,Salary,5000.0,Income
2022-09-18,Gojek,Transport,105.67,Expense
2024-01-15,Grab,Transport,17.99,Expense
2024-07-28,Grab,Transport,77.53,Expense
2021-04-22,Grab,Transport,35.61,Expense
2024-03-22,Freelance,Salary,325.0,Income
2022-01-02,Grab,Transport,22.85,Expense
2023-11-12,Grab,Transport,95.06,Expense
2020-12-24,Grab,Transport,70.18,Expense
2021-01-03,Gojek,Transport,136.45,Expense
2020-07-27,Freelance,Salary,902.0,Income
2020-09-26,Gojek,Transport,66.29,Expense
2022-02-04,Grab,Transport,13.98,Expense
2021-07-09,Freelance,Salary,956.0,Income
2020-02-20,Freelance,Salary,411.0,Income
2021-06-22,Gojek,Transport,38.82,Expense
2023-02-27,Gojek,Transport,60.3,Expense
2022-06-08,Freelance,Salary,994.0,Income
2020-02-10,Freelance,Salary,706.0,Income
2024-11-30,Grab,Transport,23.26,Expense
2021-11-26,Gojek,Transport,77.47,Expense
2022-06-01,Salary,Salary,5000.0,Income
2024-08-18,Gojek,Transport,33.16,Expense
2020-10-11,Gojek,Transport,130.56,Expense
2023-01-09,Grab,Transport,76.93,Expense
2024-09-21,Grab,Transport,121.35,Expense
2021-10-02,Gojek,Transport,127.32,Expense
2021-06-27,Gojek,Transport,91.04,Expense
2023-01-26,Grab,Transport,59.02,Expense
2021-05-27,Gojek,Transport,67.06,Expense
2024-05-16,Gojek,Transport,65.15,Expense
2020-02-25,Grab,Transport,69.56,Expense
2022-09-01,Salary,Salary,5000.0,Income
2024-08-01,Salary,Salary,5000.0,Income
2021-04-08,Grab,Transport,62.25,Expense
2023-06-10,Grab,Transport,91.52,Expense
2022-08-15,Grab,Transport,39.56,Expense
2022-03-08,Gojek,Transport,27.07,Expense
2021-07-07,Gojek,Transport,56.55,Expense
2024-03-10,Grab,Transport,131.48,Expense
2023-02-03,Freelance,Salary,965.0,Income
2023-06-21,Grab,Transport,25.97,Expense
2022-07-04,Freelance,Salary,542.0,Income
2022-07-03,Gojek,Transport,41.99,Expense
2023-03-14,Gojek,Transport,37.95,Expense
2020-09-23,Grab,Transport,11.87,Expense
2022-11-15,Gojek,Transport,79.24,Expense
2023-11-23,Gojek,Transport,75.34,Expense
2023-08-10,Grab,Transport,5.77,Expense
2020-06-26,Freelance,Salary,531.0,Income
2024-01-08,Gojek,Transport,68.39,Expense
2021-05-24,Gojek,Transport,21.42,Expense
2020-09-10,Grab,Transport,29.34,Expense
2023-12-13,Grab,Transport,71.23,Expense
2021-07-01,Salary,Salary,5000.0,Income
2022-05-11,Grab,Transport,41.54,Expense
2024-04-23,Freelance,Salary,658.0,Income
2023-08-13,Gojek,Transport,40.52,Expense
2023-04-29,Gojek,Transport,91.76,Expense
2020-08-13,Gojek,Transport,78.88,Expense
2022-01-23,Gojek,Transport,47.69,Expense
2024-07-31,Freelance,Salary,656.0,Income
2020-06-14,Grab,Transport,24.8,Expense
2022-03-30,Gojek,Transport,24.91,Expense
2022-11-03,Freelance,Salary,547.0,Income
2020-10-18,Gojek,Transport,75.81,Expense
2022-05-10,Freelance,Salary,844.0,Income
2022-08-02,Freelance,Salary,815.0,Income
2021-06-26,Grab,Transport,34.19,Expense
2022-06-07,Gojek,Transport,43.75,Expense
2020-04-21,Grab,Transport,68.99,Expense
2023-05-16,Grab,Transport,56.24,Expense
2021-04-24,Gojek,Transport,51.42,Expense
2022-03-27,Gojek,Transport,91.15,Expense
2022-02-04,Grab,Transport,44.92,Expense
2023-07-29,Grab,Transport,60.81,Expense
2024-01-31,Grab,Transport,57.63,Expense
2022-03-30,Gojek,Transport,42.24,Expense
2023-01-11,Gojek,Transport,48.84,Expense
2021-10-17,Gojek,Transport,140.08,Expense
2023-07-12,Grab,Transport,15.01,Expense
2022-12-17,Gojek,Transport,70.42,Expense
2022-04-30,Gojek,Transport,141.24,Expense
2024-04-17,Freelance,Salary,404.0,Income
2024-06-14,Grab,Transport,31.27,Expense
2024-02-06,Grab,Transport,75.35,Expense
2020-07-31,Gojek,Transport,13.12,Expense
2021-08-05,Gojek,Transport,55.03,Expense
2023-05-24,Gojek,Transport,39.01,Expense
2022-03-12,Grab,Transport,104.16,Expense
2021-10-05,Gojek,Transport,39.11,Expense
2023-04-13,Grab,Transport,24.93,Expense
2024-04-22,Gojek,Transport,73.78,Expense
2024-06-18,Grab,Transport,79.27,Expense
2023-01-27,Gojek,Transport,79.67,Expense
2022-07-21,Grab,Transport,76.31,Expense
2023-10-10,Grab,Transport,30.82,Expense
2022-12-16,Grab,Transport,34.23,Expense
2024-04-02,Freelance,Salary,436.0,Income
2020-04-06,Freelance,Salary,953.0,Income
2021-11-07,Gojek,Transport,135.46,Expense
2022-11-03,Freelance,Salary,928.0,Income
2021-09-03,Grab,Transport,63.35,Expense
2023-08-02,Freelance,Salary,925.0,Income
2024-09-20,Freelance,Salary,306.0,Income
2021-10-29,Gojek,Transport,32.58,Expense
2022-06-15,Grab,Transport,58.59,Expense
2023-11-19,Gojek,Transport,102.76,Expense
2022-01-20,Gojek,Transport,52.18,Expense
2024-09-15,Gojek,Transport,73.01,Expense
2024-06-17,Gojek,Transport,53.37,Expense
2022-07-27,Grab,Transport,35.18,Expense
2023-10-01,Salary,Salary,5000.0,Income
2024-02-14,Grab,Transport,41.84,Expense
2024-01-01,Salary,Salary,5000.0,Income
2023-10-06,Grab,Transport,33.89,Expense
2024-01-27,Gojek,Transport,66.1,Expense
2022-05-13,Grab,Transport,43.98,Expense
2021-08-02,Freelance,Salary,821.0,Income
2024-04-06,Grab,Transport,118.82,Expense
2020-07-16,Grab,Transport,61.16,Expense
2024-09-10,Gojek,Transport,58.79,Expense
2024-03-04,Gojek,Transport,18.32,Expense
2021-03-06,Freelance,Salary,963.0,Income
2022-01-14,Gojek,Transport,56.98,Expense
2021-02-08,Grab,Transport,8.59,Expense
2020-09-26,Gojek,Transport,88.4,Expense
2024-02-26,Grab,Transport,23.53,Expense
2024-04-29,Gojek,Transport,53.57,Expense
2021-04-24,Gojek,Transport,27.65,Expense
2022-04-10,Freelance,Salary,683.0,Income
2021-04-10,Grab,Transport,102.48,Expense
2021-09-06,Gojek,Transport,72.78,Expense
2020-12-22,Grab,Transport,65.64,Expense
2024-01-17,Grab,Transport,8.75,Expense
2022-04-05,Gojek,Transport,9.91,Expense
2021-05-11,Freelance,Salary,574.0,Income
2020-03-23,Grab,Transport,38.55,Expense
2023-09-13,Gojek,Transport,64.33,Expense
2024-01-05,Gojek,Transport,67.54,Expense
2024-07-27,Freelance,Salary,570.0,Income
2021-05-27,Gojek,Transport,31.17,Expense
2020-10-15,Grab,Transport,23.54,Expense
2021-04-26,Grab,Transport,64.14,Expense
2021-01-09,Gojek,Transport,92.28,Expense
2020-05-09,Freelance,Salary,759.0,Income
2024-04-07,Grab,Transport,41.69,Expense
2020-04-14,Gojek,Transport,75.3,Expense
2021-11-28,Grab,Transport,21.78,Expense
2022-09-25,Gojek,Transport,20.42,Expense
2021-08-27,Gojek,Transport,5.6,Expense
2022-04-28,Gojek,Transport,36.48,Expense
2024-01-11,Freelance,Salary,485.0,Income
2024-02-07,Gojek,Transport,46.02,Expense
2021-07-14,Grab,Transport,11.14,Expense
2023-11-24,Gojek,Transport,40.19,Expense
2020-04-13,Gojek,Transport,77.01,Expense
2022-07-01,Salary,Salary,5000.0,Income
2023-05-28,Gojek,Transport,133.99,Expense
2020-07-26,Gojek,Transport,114.69,Expense
2023-02-22,Grab,Transport,58.48,Expense
2020-06-14,Gojek,Transport,124.85,Expense
2022-01-22,Gojek,Transport,98.25,Expense
2021-03-21,Grab,Transport,39.69,Expense
2024-05-12,Gojek,Transport,124.18,Expense
2020-05-12,Freelance,Salary,715.0,Income
2021-01-29,Gojek,Transport,72.61,Expense
2023-10-02,Gojek,Transport,35.35,Expense
2021-12-31,Gojek,Transport,25.22,Expense
2022-05-25,Gojek,Transport,5.88,Expense
2020-09-13,Gojek,Transport,36.8,Expense
2024-12-15,Freelance,Salary,253.0,Income
2023-05-01,Salary,Salary,5000.0,Income
2020-03-21,Grab,Transport,139.18,Expense
2022-12-30,Gojek,Transport,36.57,Expense
2020-05-03,Gojek,Transport,88.0,Expense
2022-01-29,Grab,Transport,115.26,Expense
2021-01-29,Grab,Transport,33.34,Expense
2022-03-21,Grab,Transport,55.59,Expense
2020-09-20,Gojek,Transport,106.4,Expense
2023-10-09,Freelance,Salary,575.0,Income
2021-12-08,Grab,Transport,38.82,Expense
2020-06-10,Grab,Transport,27.99,Expense
2023-07-04,Gojek,Transport,46.0,Expense
2022-06-30,Gojek,Transport,31.86,Expense
2024-02-10,Gojek,Transport,56.53,Expense
2023-05-04,Gojek,Transport,76.91,Expense
2023-05-02,Grab,Transport,33.86,Expense
2022-08-12,Grab,Transport,26.54,Expense
2023-06-27,Freelance,Salary,558.0,Income
2020-04-14,Gojek,Transport,34.87,Expense
2024-01-22,Gojek,Transport,20.04,Expense
2023-07-13,Gojek,Transport,52.63,Expense
2024-06-10,Gojek,Transport,47.4,Expense
2023-12-07,Gojek,Transport,42.2,Expense
2023-03-17,Gojek,Transport,54.32,Expense
2022-02-27,Gojek,Transport,139.12,Expense
2023-03-05,Grab,Transport,84.63,Expense
2020-03-20,Gojek,Transport,38.1,Expense
2022-09-14,Freelance,Salary,414.0,Income
2023-12-22,Gojek,Transport,11.92,Expense
2024-03-08,Grab,Transport,23.94,Expense
2022-07-03,Gojek,Transport,144.47,Expense
2023-03-12,Grab,Transport,30.62,Expense
2020-11-25,Grab,Transport,43.86,Expense
2024-04-01,Salary,Salary,5000.0,Income
2022-07-15,Grab,Transport,28.49,Expense
2023-02-01,Salary,Salary,5000.0,Income
2021-04-16,Gojek,Transport,49.12,Expense
2022-11-03,Grab,Transport,56.7,Expense
2023-11-11,Gojek,Transport,38.63,Expense
2021-07-08,Gojek,Transport,75.93,Expense
2024-11-20,Gojek,Transport,19.62,Expense
2022-07-06,Freelance,Salary,793.0,Income
2021-07-27,Gojek,Transport,11.05,Expense
2021-10-24,Grab,Transport,56.5,Expense
2021-11-16,Grab,Transport,74.45,Expense
2023-01-23,Grab,Transport,25.06,Expense
2024-12-14,Freelance,Salary,736.0,Income
2021-07-05,Grab,Transport,26.42,Expense
2024-02-10,Freelance,Salary,896.0,Income
2024-11-09,Gojek,Transport,41.14,Expense
2022-02-03,Grab,Transport,31.79,Expense
2024-01-12,Gojek,Transport,40.6,Expense
2023-01-06,Gojek,Transport,34.7,Expense
2023-01-25,Grab,Transport,23.55,Expense
2020-07-29,Gojek,Transport,28.46,Expense
2021-04-07,Grab,Transport,42.05,Expense
2021-03-10,Freelance,Salary,492.0,Income
2023-08-27,Gojek,Transport,130.97,Expense
2024-02-20,Gojek,Transport,27.26,Expense
2021-07-12,Grab,Transport,18.56,Expense
2023-07-15,Grab,Transport,144.93,Expense
2024-05-30,Gojek,Transport,48.9,Expense
2024-01-06,Gojek,Transport,77.42,Expense
2022-04-25,Grab,Transport,68.56,Expense
2021-01-19,Grab,Transport,28.28,Expense
2020-07-24,Grab,Transport,50.36,Expense
2024-06-11,Gojek,Transport,5.39,Expense
2022-09-15,Gojek,Transport,27.09,Expense
2024-05-28,Grab,Transport,29.74,Expense
2021-08-27,Grab,Transport,35.87,Expense
2024-12-17,Gojek,Transport,43.78,Expense
2021-09-20,Freelance,Salary,602.0,Income
2023-09-02,Freelance,Salary,907.0,Income
2022-10-05,Gojek,Transport,42.33,Expense
2022-09-02,Grab,Transport,26.45,Expense
2024-02-25,Freelance,Salary,605.0,Income
2021-06-15,Grab,Transport,36.13,Expense
2023-10-04,Grab,Transport,22.56,Expense
2020-05-08,Grab,Transport,38.0,Expense
2022-06-15,Grab,Transport,55.93,Expense
2024-07-02,Grab,Transport,11.88,Expense
2022-05-14,Gojek,Transport,144.84,Expense
2022-11-05,Gojek,Transport,145.93,Expense
2023-07-17,Gojek,Transport,26.07,Expense
2021-01-06,Grab,Transport,33.45,Expense
2022-07-15,Gojek,Transport,79.05,Expense
2020-10-07,Grab,Transport,11.82,Expense
2021-12-23,Grab,Transport,8.0,Expense
2022-11-27,Gojek,Transport,26.02,Expense
2023-04-13,Gojek,Transport,50.45,Expense
2022-11-26,Freelance,Salary,584.0,Income
2020-10-08,Gojek,Transport,37.85,Expense
2023-11-29,Grab,Transport,70.47,Expense
2024-06-15,Freelance,Salary,521.0,Income
2024-04-03,Grab,Transport,20.72,Expense
2020-02-03,Grab,Transport,43.52,Expense
2024-01-24,Freelance,Salary,431.0,Income
2022-03-18,Freelance,Salary,610.0,Income
2021-10-31,Freelance,Salary,585.0,Income
2023-04-23,Gojek,Transport,139.34,Expense
2022-02-04,Gojek,Transport,28.26,Expense
2023-11-03,Grab,Transport,70.72,Expense
2022-03-19,Gojek,Transport,148.96,Expense
2022-10-03,Grab,Transport,79.38,Expense
2021-11-09,Grab,Transport,65.66,Expense
2020-09-05,Gojek,Transport,78.08,Expense
2022-09-12,Grab,Transport,37.24,Expense
2023-03-24,Gojek,Transport,66.97,Expense
2020-03-18,Grab,Transport,59.22,Expense
2020-10-24,Gojek,Transport,125.67,Expense
2023-03-29,Freelance,Salary,761.0,Income
2024-04-07,Grab,Transport,109.46,Expense
2022-01-14,Grab,Transport,66.31,Expense
2022-07-13,Grab,Transport,7.71,Expense
2022-04-01,Salary,Salary,5000.0,Income
2023-01-10,Gojek,Transport,11.46,Expense
2020-09-11,Grab,Transport,46.47,Expense
2024-07-30,Gojek,Transport,42.75,Expense
2021-04-06,Grab,Transport,72.42,Expense
2024-06-07,Grab,Transport,34.27,Expense
2020-05-23,Gojek,Transport,110.48,Expense
2020-07-27,Freelance,Salary,292.0,Income
2022-01-19,Gojek,Transport,26.3,Expense
2022-02-21,Grab,Transport,32.06,Expense
2020-03-12,Grab,Transport,12.03,Expense
2022-07-25,Gojek,Transport,56.65,Expense
2021-11-19,Grab,Transport,19.22,Expense
2020-08-22,Gojek,Transport,111.16,Expense
2023-12-14,Grab,Transport,24.81,Expense
2022-11-28,Gojek,Transport,29.26,Expense
2022-11-06,Gojek,Transport,126.53,Expense
2023-04-11,Grab,Transport,55.53,Expense
2020-09-04,Gojek,Transport,48.52,Expense
2024-12-01,Salary,Salary,5000.0,Income
2024-09-01,Salary,Salary,5000.0,Income
2020-08-05,Grab,Transport,46.92,Expense
2023-03-26,Freelance,Salary,535.0,Income
2022-05-18,Grab,Transport,14.19,Expense
2022-01-01,Salary,Salary,5000.0,Income
2023-10-31,Gojek,Transport,77.79,Expense
2022-01-12,Gojek,Transport,69.06,Expense
2023-04-03,Grab,Transport,54.39,Expense
2021-12-05,Freelance,Salary,454.0,Income
2021-10-31,Grab,Transport,83.9,Expense
2022-12-06,Gojek,Transport,11.32,Expense
2020-01-29,Grab,Transport,68.62,Expense
2024-12-02,Gojek,Transport,64.73,Expense
2020-10-26,Gojek,Transport,76.39,Expense
2021-04-02,Freelance,Salary,685.0,Income
2020-04-05,Freelance,Salary,282.0,Income
2022-01-15,Freelance,Salary,543.0,Income
2021-01-28,Freelance,Salary,756.0,Income
2023-08-31,Gojek,Transport,56.28,Expense
2023-10-27,Gojek,Transport,23.96,Expense
2023-02-12,Gojek,Transport,148.15,Expense
2020-12-08,Freelance,Salary,313.0,Income
2020-09-03,Gojek,Transport,61.87,Expense
2023-03-24,Freelance,Salary,969.0,Income
2022-06-17,Grab,Transport,55.08,Expense
2022-02-03,Gojek,Transport,20.8,Expense
2023-06-21,Grab,Transport,78.76,Expense
2020-11-25,Grab,Transport,36.41,Expense
2022-08-26,Freelance,Salary,779.0,Income
2022-10-11,Grab,Transport,41.51,Expense
2022-09-10,Grab,Transport,119.78,Expense
2022-10-05,Grab,Transport,10.02,Expense
2021-12-20,Grab,Transport,60.66,Expense
2023-07-05,Grab,Transport,55.95,Expense
2023-02-21,Gojek,Transport,50.66,Expense
2024-02-29,Gojek,Transport,38.31,Expense
2022-12-28,Grab,Transport,51.24,Expense
2024-04-28,Gojek,Transport,44.58,Expense
2024-01-03,Grab,Transport,42.98,Expense
2022-02-14,Grab,Transport,57.76,Expense
2021-07-30,Freelance,Salary,874.0,Income
2022-06-30,Gojek,Transport,52.95,Expense
2024-03-14,Gojek,Transport,61.77,Expense
2020-11-07,Gojek,Transport,76.22,Expense
2024-04-23,Grab,Transport,41.16,Expense
2024-12-11,Gojek,Transport,21.0,Expense
2021-03-11,Gojek,Transport,15.49,Expense
2022-12-09,Grab,Transport,42.61,Expense
2021-08-13,Gojek,Transport,70.06,Expense
2024-12-17,Grab,Transport,55.34,Expense
2023-11-18,Grab,Transport,114.78,Expense
2024-05-31,Gojek,Transport,46.72,Expense
2024-07-26,Freelance,Salary,340.0,Income
2023-11-02,Gojek,Transport,19.69,Expense
2021-03-06,Grab,Transport,108.9,Expense
2021-01-03,Grab,Transport,47.45,Expense
2023-01-12,Grab,Transport,41.41,Expense
2024-10-06,Gojek,Transport,127.13,Expense
2022-01-22,Grab,Transport,51.87,Expense
2024-01-27,Freelance,Salary,327.0,Income
2024-08-13,Grab,Transport,73.42,Expense
2023-05-04,Gojek,Transport,7.68,Expense
2023-07-10,Grab,Transport,28.58,Expense
2021-02-20,Grab,Transport,25.55,Expense
2020-10-29,Grab,Transport,13.98,Expense
2023-01-26,Gojek,Transport,44.15,Expense
2022-08-31,Freelance,Salary,960.0,Income
2024-04-02,Gojek,Transport,70.77,Expense
2024-01-15,Gojek,Transport,40.61,Expense
2020-01-18,Gojek,Transport,84.09,Expense
2024-07-27,Grab,Transport,50.21,Expense
2021-01-17,Gojek,Transport,48.11,Expense
2022-04-18,Grab,Transport,15.04,Expense
2023-10-12,Gojek,Transport,23.6,Expense
2023-02-07,Grab,Transport,21.73,Expense
2023-10-13,Freelance,Salary,539.0,Income
2023-04-01,Salary,Salary,5000.0,Income
2023-05-30,Gojek,Transport,5.38,Expense
2022-12-27,Grab,Transport,31.07,Expense
2021-09-08,Freelance,Salary,494.0,Income
2024-10-29,Grab,Transport,49.99,Expense
2021-12-06,Gojek,Transport,41.49,Expense
2020-09-13,Freelance,Salary,467.0,Income
2023-02-14,Grab,Transport,67.91,Expense
2022-12-25,Grab,Transport,51.14,Expense
2023-05-10,Gojek,Transport,18.76,Expense
2020-03-31,Gojek,Transport,57.63,Expense
2021-07-14,Gojek,Transport,51.8,Expense
2023-05-16,Grab,Transport,41.81,Expense
2021-02-10,Gojek,Transport,62.05,Expense
2022-02-09,Grab,Transport,71.72,Expense
2024-08-18,Grab,Transport,140.83,Expense
2024-12-12,Freelance,Salary,823.0,Income
2022-07-09,Gojek,Transport,143.48,Expense
2022-06-08,Grab,Transport,11.44,Expense
2021-02-12,Gojek,Transport,37.46,Expense
2023-12-04,Gojek,Transport,28.89,Expense
2022-09-04,Freelance,Salary,564.0,Income
2022-10-06,Gojek,Transport,51.77,Expense
2021-12-01,Salary,Salary,5000.0,Income
2024-10-16,Grab,Transport,38.67,Expense
2022-04-05,Gojek,Transport,8.78,Expense
2020-04-13,Grab,Transport,35.78,Expense
2024-03-04,Gojek,Transport,14.43,Expense
2021-10-16,Gojek,Transport,32.36,Expense
2021-09-27,Gojek,Transport,59.53,Expense
2024-08-05,Grab,Transport,31.42,Expense
2024-05-28,Gojek,Transport,69.11,Expense
2020-03-13,Gojek,Transport,14.44,Expense
2022-04-25,Freelance,Salary,356.0,Income
2023-12-18,Freelance,Salary,732.0,Income
2022-01-12,Grab,Transport,13.64,Expense
2024-10-30,Grab,Transport,62.25,Expense
2023-06-18,Grab,Transport,55.17,Expense
2023-08-15,Freelance,Salary,482.0,Income
2024-12-18,Grab,Transport,37.33,Expense
2022-01-20,Gojek,Transport,7.28,Expense
2021-12-14,Freelance,Salary,480.0,Income
2024-05-03,Grab,Transport,29.97,Expense
2021-07-02,Gojek,Transport,60.53,Expense
2020-03-02,Grab,Transport,38.15,Expense
2020-03-12,Grab,Transport,8.03,Expense
2024-03-26,Freelance,Salary,893.0,Income
2022-04-12,Grab,Transport,63.19,Expense
2022-02-13,Gojek,Transport,105.19,Expense
2024-04-24,Gojek,Transport,23.69,Expense
2024-01-21,Grab,Transport,94.7,Expense
2020-02-19,Gojek,Transport,20.8,Expense
2024-12-23,Grab,Transport,75.38,Expense
2022-07-31,Freelance,Salary,971.0,Income
2020-03-17,Gojek,Transport,45.66,Expense
2024-08-17,Gojek,Transport,40.21,Expense
2021-03-17,Gojek,Transport,74.93,Expense
2023-08-13,Grab,Transport,62.12,Expense
2024-05-27,Grab,Transport,16.8,Expense
2023-02-20,Grab,Transport,47.87,Expense
2023-02-08,Gojek,Transport,35.12,Expense
2024-01-05,Grab,Transport,67.4,Expense
2024-03-10,Grab,Transport,67.11,Expense
2021-08-15,Grab,Transport,96.93,Expense
2020-08-05,Gojek,Transport,41.94,Expense
2023-10-21,Freelance,Salary,708.0,Income
2021-03-06,Grab,Transport,49.9,Expense
2024-01-23,Freelance,Salary,980.0,Income
2024-10-20,Freelance,Salary,605.0,Income
2021-06-01,Salary,Salary,5000.0,Income
2020-06-19,Gojek,Transport,65.11,Expense
2020-08-19,Gojek,Transport,77.44,Expense
2022-10-11,Gojek,Transport,46.74,Expense
2024-05-02,Gojek,Transport,58.03,Expense
2021-01-23,Grab,Transport,145.66,Expense
2024-09-28,Freelance,Salary,642.0,Income
2021-07-19,Gojek,Transport,60.92,Expense
2020-02-09,Gojek,Transport,149.94,Expense
2023-07-09,Grab,Transport,131.91,Expense
2023-04-13,Gojek,Transport,31.67,Expense
2022-03-20,Gojek,Transport,107.46,Expense
2024-01-27,Grab,Transport,39.53,Expense
2024-06-13,Gojek,Transport,12.75,Expense
2023-08-15,Grab,Transport,59.44,Expense
2024-11-27,Grab,Transport,44.16,Expense
2022-10-31,Grab,Transport,65.48,Expense
2024-04-10,Gojek,Transport,5.31,Expense
2023-01-08,Freelance,Salary,711.0,Income
2023-07-23,Freelance,Salary,841.0,Income
2022-03-29,Grab,Transport,23.92,Expense
2020-07-12,Grab,Transport,27.8,Expense
2021-01-14,Freelance,Salary,859.0,Income
2020-01-04,Gojek,Transport,149.67,Expense
2020-11-27,Gojek,Transport,19.4,Expense
2020-10-26,Grab,Transport,69.91,Expense
2021-03-28,Grab,Transport,85.39,Expense
2024-04-12,Gojek,Transport,27.12,Expense
2021-01-10,Gojek,Transport,78.23,Expense
2020-02-22,Gojek,Transport,137.01,Expense
2023-03-08,Gojek,Transport,5.46,Expense
2023-06-26,Grab,Transport,70.77,Expense
2023-10-05,Gojek,Transport,33.99,Expense
2021-09-13,Gojek,Transport,39.23,Expense
2020-02-29,Gojek,Transport,51.9,Expense
2023-09-09,Grab,Transport,77.94,Expense
2024-08-13,Gojek,Transport,32.25,Expense
2020-06-03,Gojek,Transport,55.98,Expense
2021-01-28,Grab,Transport,28.89,Expense
2022-11-16,Grab,Transport,33.03,Expense
2024-02-06,Gojek,Transport,51.62,Expense
2021-02-14,Gojek,Transport,108.69,Expense
2023-03-16,Gojek,Transport,18.41,Expense
2024-03-16,Gojek,Transport,42.57,Expense
2022-11-10,Grab,Transport,46.84,Expense
2020-12-31,Grab,Transport,10.01,Expense
2023-07-04,Freelance,Salary,347.0,Income
2024-08-26,Grab,Transport,10.69,Expense
2022-08-06,Freelance,Salary,524.0,Income
2020-02-10,Grab,Transport,23.95,Expense
2021-11-25,Gojek,Transport,39.82,Expense
2021-10-10,Gojek,Transport,125.13,Expense
2020-10-30,Gojek,Transport,10.85,Expense
2024-03-07,Grab,Transport,15.32,Expense
2020-06-04,Freelance,Salary,214.0,Income
2022-03-19,Grab,Transport,70.93,Expense
2022-02-20,Grab,Transport,102.3,Expense
2021-08-02,Grab,Transport,34.19,Expense
2024-10-28,Gojek,Transport,21.77,Expense
2022-07-04,Gojek,Transport,25.9,Expense
2024-07-26,Gojek,Transport,32.88,Expense
2020-08-28,Freelance,Salary,672.0,Income
2024-12-12,Freelance,Salary,577.0,Income
2022-01-14,Grab,Transport,52.43,Expense
2020-05-23,Gojek,Transport,121.81,Expense
2021-10-24,Gojek,Transport,126.08,Expense
2021-09-28,Grab,Transport,46.17,Expense
2020-02-22,Freelance,Salary,991.0,Income
2023-04-29,Grab,Transport,110.31,Expense
2023-08-11,Grab,Transport,64.23,Expense
2020-03-22,Freelance,Salary,412.0,Income
2020-10-02,Freelance,Salary,369.0,Income
2020-07-02,Gojek,Transport,52.54,Expense
2022-07-05,Gojek,Transport,64.59,Expense
2024-08-13,Gojek,Transport,31.66,Expense
2021-07-13,Grab,Transport,74.71,Expense
2023-10-07,Gojek,Transport,137.08,Expense
2020-08-06,Grab,Transport,54.31,Expense
2020-04-28,Freelance,Salary,791.0,Income
2024-11-26,Grab,Transport,64.99,Expense
2023-11-03,Freelance,Salary,595.0,Income
2020-09-25,Gojek,Transport,42.83,Expense
2020-03-25,Freelance,Salary,701.0,Income
2020-09-06,Gojek,Transport,52.77,Expense
2021-02-24,Grab,Transport,61.87,Expense
2022-05-06,Grab,Transport,34.79,Expense
2021-02-19,Gojek,Transport,24.61,Expense
2020-07-25,Freelance,Salary,541.0,Income
2021-02-20,Grab,Transport,108.68,Expense
2020-10-26,Grab,Transport,17.99,Expense
2022-03-29,Gojek,Transport,34.39,Expense
2022-02-10,Gojek,Transport,7.59,Expense
2022-09-18,Grab,Transport,133.34,Expense
2020-01-15,Gojek,Transport,64.86,Expense
2021-05-10,Gojek,Transport,39.33,Expense
2024-04-02,Freelance,Salary,504.0,Income
2022-07-20,Gojek,Transport,65.54,Expense
2023-08-30,Gojek,Transport,18.65,Expense
2022-05-13,Grab,Transport,41.85,Expense
2022-02-18,Grab,Transport,75.03,Expense
2023-11-16,Freelance,Salary,437.0,Income
2020-09-01,Salary,Salary,5000.0,Income
2023-11-07,Grab,Transport,69.49,Expense
2023-05-10,Gojek,Transport,29.54,Expense
2022-07-11,Gojek,Transport,78.69,Expense
2022-05-06,Freelance,Salary,311.0,Income
2021-10-11,Gojek,Transport,31.16,Expense
2023-04-30,Grab,Transport,52.09,Expense
2022-01-26,Grab,Transport,44.09,Expense
2020-11-27,Grab,Transport,43.39,Expense
2020-09-20,Gojek,Transport,114.94,Expense
2022-08-18,Grab,Transport,20.55,Expense
2023-03-06,Freelance,Salary,319.0,Income
2023-11-08,Gojek,Transport,10.52,Expense
2021-10-06,Gojek,Transport,66.74,Expense
2024-04-26,Freelance,Salary,787.0,Income
2022-01-09,Grab,Transport,104.04,Expense
2023-03-21,Freelance,Salary,897.0,Income
2022-11-04,Freelance,Salary,803.0,Income
2023-09-09,Freelance,Salary,330.0,Income
2022-11-29,Gojek,Transport,36.24,Expense
2022-07-04,Gojek,Transport,11.22,Expense
2023-09-24,Gojek,Transport,137.54,Expense
2021-11-11,Grab,Transport,79.19,Expense
2023-08-04,Gojek,Transport,76.14,Expense
2023-09-28,Freelance,Salary,572.0,Income
2021-11-06,Grab,Transport,32.61,Expense
2022-06-10,Gojek,Transport,44.33,Expense
2023-01-20,Grab,Transport,66.9,Expense
2020-07-13,Gojek,Transport,24.0,Expense
2022-12-11,Grab,Transport,142.69,Expense
2021-01-13,Grab,Transport,20.29,Expense
2024-01-25,Gojek,Transport,10.17,Expense
2024-08-22,Grab,Transport,27.93,Expense
2022-03-27,Gojek,Transport,50.05,Expense
2023-02-19,Grab,Transport,67.82,Expense
2024-02-03,Gojek,Transport,125.47,Expense
2022-05-28,Gojek,Transport,135.56,Expense
2023-06-30,Grab,Transport,69.21,Expense
2022-01-10,Grab,Transport,11.96,Expense
2024-09-27,Gojek,Transport,44.13,Expense
2021-11-18,Grab,Transport,63.43,Expense
2022-03-26,Gojek,Transport,79.66,Expense
2020-09-09,Gojek,Transport,60.24,Expense
2023-10-29,Freelance,Salary,843.0,Income
2023-03-22,Grab,Transport,76.9,Expense
2020-07-14,Grab,Transport,77.23,Expense
2020-02-17,Gojek,Transport,22.23,Expense
2023-08-05,Grab,Transport,108.78,Expense
2024-06-29,Freelance,Salary,415.0,Income
2024-02-06,Gojek,Transport,41.38,Expense
2021-05-17,Grab,Transport,31.94,Expense
2021-06-10,Gojek,Transport,72.54,Expense
2024-06-11,Gojek,Transport,46.47,Expense
2021-05-05,Grab,Transport,14.1,Expense
2021-12-09,Grab,Transport,62.79,Expense
2023-10-03,Gojek,Transport,28.14,Expense
2021-06-09,Grab,Transport,38.11,Expense
2021-06-19,Freelance,Salary,771.0,Income
2020-03-30,Freelance,Salary,987.0,Income
2020-01-24,Grab,Transport,18.51,Expense
2020-01-18,Grab,Transport,124.34,Expense
2020-11-03,Freelance,Salary,679.0,Income
2021-06-12,Freelance,Salary,374.0,Income
2022-09-10,Grab,Transport,72.24,Expense
2021-05-28,Grab,Transport,54.06,Expense
2024-03-02,Grab,Transport,89.95,Expense
2024-12-11,Gojek,Transport,46.38,Expense
2022-06-13,Gojek,Transport,51.56,Expense
2023-06-08,Grab,Transport,35.78,Expense
2022-12-16,Grab,Transport,9.8,Expense
2023-02-08,Gojek,Transport,56.95,Expense
2020-09-09,Freelance,Salary,230.0,Income
2024-04-18,Gojek,Transport,11.69,Expense
2023-02-27,Gojek,Transport,57.7,Expense
2024-08-04,Grab,Transport,35.46,Expense
2022-04-22,Grab,Transport,77.68,Expense
2020-03-19,Gojek,Transport,60.8,Expense
2024-08-14,Gojek,Transport,41.51,Expense
2021-10-24,Grab,Transport,74.27,Expense
2021-06-09,Grab,Transport,73.27,Expense
2021-02-15,Freelance,Salary,390.0,Income
2024-07-25,Freelance,Salary,449.0,Income
2023-08-30,Grab,Transport,40.04,Expense
2023-02-08,Gojek,Transport,76.67,Expense
2024-08-27,Freelance,Salary,782.0,Income
2022-03-07,Gojek,Transport,58.38,Expense
2022-07-03,Gojek,Transport,117.92,Expense
2022-06-24,Gojek,Transport,34.23,Expense
2022-06-17,Gojek,Transport,72.38,Expense
2024-09-14,Freelance,Salary,348.0,Income
2023-08-07,Grab,Transport,57.72,Expense
2021-12-13,Grab,Transport,52.58,Expense
2020-08-17,Freelance,Salary,731.0,Income
2020-12-26,Gojek,Transport,53.26,Expense
2023-05-14,Grab,Transport,59.25,Expense
2024-01-28,Freelance,Salary,714.0,Income
2023-02-11,Gojek,Transport,87.65,Expense
2021-12-18,Grab,Transport,103.77,Expense
2024-08-19,Grab,Transport,35.95,Expense
2020-07-11,Gojek,Transport,74.96,Expense
2020-06-13,Gojek,Transport,77.15,Expense
2020-05-15,Grab,Transport,7.33,Expense
2024-03-31,Freelance,Salary,433.0,Income
2020-02-03,Grab,Transport,5.5,Expense
2021-08-22,Gojek,Transport,33.75,Expense
2022-03-02,Grab,Transport,27.45,Expense
2021-04-12,Freelance,Salary,468.0,Income
2023-02-03,Grab,Transport,31.57,Expense
2023-04-29,Grab,Transport,120.48,Expense
2024-02-22,Gojek,Transport,78.3,Expense
2024-11-14,Grab,Transport,61.04,Expense
2023-04-13,Grab,Transport,21.71,Expense
2022-04-13,Gojek,Transport,12.73,Expense
2020-01-08,Freelance,Salary,860.0,Income
2023-03-30,Freelance,Salary,583.0,Income
2023-10-11,Freelance,Salary,755.0,Income
2021-06-11,Gojek,Transport,16.53,Expense
2023-03-19,Grab,Transport,91.97,Expense
2020-12-18,Grab,Transport,19.13,Expense
2022-03-27,Grab,Transport,127.6,Expense
2024-10-07,Grab,Transport,29.05,Expense
2021-10-14,Grab,Transport,67.5,Expense
2023-06-18,Freelance,Salary,366.0,Income
2023-11-09,Freelance,Salary,791.0,Income
2024-12-28,Gojek,Transport,136.66,Expense
2023-12-29,Grab,Transport,64.55,Expense
2023-05-19,Gojek,Transport,64.48,Expense
2021-12-02,Grab,Transport,77.13,Expense
2021-05-07,Grab,Transport,67.01,Expense
2024-12-04,Freelance,Salary,623.0,Income
2023-01-18,Gojek,Transport,17.5,Expense
2023-11-27,Grab,Transport,29.61,Expense
2021-01-29,Freelance,Salary,672.0,Income
2021-11-24,Gojek,Transport,63.98,Expense
2024-11-19,Grab,Transport,35.23,Expense
2023-01-14,Freelance,Salary,324.0,Income
2023-08-10,Freelance,Salary,697.0,Income
2021-09-16,Grab,Transport,38.1,Expense
2020-09-10,Grab,Transport,78.67,Expense
2024-04-08,Freelance,Salary,708.0,Income
2024-10-22,Gojek,Transport,5.76,Expense
2020-03-22,Grab,Transport,83.45,Expense
2023-07-03,Gojek,Transport,14.13,Expense
2020-06-03,Grab,Transport,76.44,Expense
2021-09-24,Freelance,Salary,445.0,Income
2023-01-03,Grab,Transport,53.27,Expense
2020-05-26,Grab,Transport,70.21,Expense
2023-05-16,Freelance,Salary,397.0,Income
2020-08-24,Gojek,Transport,65.6,Expense
2021-03-22,Grab,Transport,49.8,Expense
2024-06-22,Freelance,Salary,220.0,Income
2020-01-10,Grab,Transport,46.22,Expense
2022-11-26,Grab,Transport,21.07,Expense
2022-05-17,Grab,Transport,50.59,Expense
2022-01-27,Gojek,Transport,46.02,Expense
2022-02-17,Freelance,Salary,983.0,Income
2020-06-05,Gojek,Transport,54.2,Expense
2023-01-27,Grab,Transport,28.14,Expense
2020-05-15,Grab,Transport,43.12,Expense
2024-06-24,Grab,Transport,45.3,Expense
2022-06-04,Gojek,Transport,35.51,Expense
2024-04-16,Gojek,Transport,55.74,Expense
2020-02-17,Gojek,Transport,53.95,Expense
2020-02-06,Gojek,Transport,60.85,Expense
2021-07-05,Grab,Transport,49.08,Expense
2023-02-07,Freelance,Salary,284.0,Income
2022-06-18,Gojek,Transport,109.07,Expense
2024-12-28,Grab,Transport,81.8,Expense
2024-10-14,Grab,Transport,37.44,Expense
2022-06-11,Grab,Transport,80.88,Expense
2022-05-06,Gojek,Transport,65.31,Expense
2022-09-19,Grab,Transport,77.53,Expense
2023-07-17,Gojek,Transport,14.57,Expense
2021-11-16,Grab,Transport,69.86,Expense
2021-11-22,Freelance,Salary,212.0,Income
2023-07-14,Gojek,Transport,25.1,Expense
2024-06-14,Grab,Transport,36.73,Expense
2024-10-26,Gojek,Transport,84.46,Expense
2024-11-16,Freelance,Salary,730.0,Income
2020-10-09,Gojek,Transport,70.85,Expense
2022-05-01,Salary,Salary,5000.0,Income
2021-07-12,Gojek,Transport,64.52,Expense
2021-09-29,Freelance,Salary,203.0,Income
2024-07-09,Gojek,Transport,28.38,Expense
2022-02-23,Freelance,Salary,373.0,Income
2021-03-11,Gojek,Transport,53.38,Expense
2020-08-31,Gojek,Transport,55.93,Expense
2022-10-27,Grab,Transport,26.39,Expense
2024-08-06,Grab,Transport,41.91,Expense
2020-02-09,Grab,Transport,79.07,Expense
2022-05-10,Gojek,Transport,48.61,Expense
2022-04-12,Grab,Transport,58.53,Expense
2024-10-11,Gojek,Transport,70.41,Expense
2020-12-17,Grab,Transport,33.39,Expense
2023-09-21,Gojek,Transport,8.29,Expense
2022-05-26,Grab,Transport,28.47,Expense
2020-10-20,Grab,Transport,66.67,Expense
2020-10-31,Gojek,Transport,25.95,Expense
2024-04-15,Gojek,Transport,17.07,Expense
2023-05-22,Gojek,Transport,13.1,Expense
2023-12-17,Gojek,Transport,104.45,Expense
2023-07-12,Grab,Transport,18.5,Expense
2020-11-14,Freelance,Salary,603.0,Income
2021-06-19,Gojek,Transport,128.86,Expense
2021-04-05,Gojek,Transport,30.68,Expense
2022-04-17,Grab,Transport,30.95,Expense
2023-07-21,Grab,Transport,35.81,Expense
2020-02-03,Freelance,Salary,294.0,Income
2020-03-14,Gojek,Transport,58.18,Expense
2022-09-21,Grab,Transport,70.45,Expense
2020-11-09,Grab,Transport,37.99,Expense
2021-02-18,Gojek,Transport,21.13,Expense
2023-06-08,Gojek,Transport,35.13,Expense
2021-06-13,Gojek,Transport,102.89,Expense
2020-11-08,Gojek,Transport,103.93,Expense
2022-02-26,Grab,Transport,91.54,Expense
2020-10-20,Gojek,Transport,51.85,Expense
2024-02-04,Grab,Transport,46.21,Expense
2022-03-10,Grab,Transport,24.03,Expense
2023-09-24,Gojek,Transport,105.13,Expense
2020-03-28,Grab,Transport,93.28,Expense
2023-08-30,Grab,Transport,52.39,Expense
2023-08-16,Grab,Transport,65.47,Expense
2023-07-08,Grab,Transport,29.81,Expense
2024-10-13,Grab,Transport,93.32,Expense
2020-11-30,Gojek,Transport,35.1,Expense
2023-02-26,Gojek,Transport,57.32,Expense
2022-02-05,Grab,Transport,77.17,Expense
2020-07-03,Grab,Transport,26.21,Expense
2022-12-01,Salary,Salary,5000.0,Income
2022-07-13,Gojek,Transport,68.5,Expense
2022-07-23,Gojek,Transport,145.06,Expense
2023-04-17,Gojek,Transport,45.61,Expense
2021-05-13,Grab,Transport,24.13,Expense
2022-10-07,Grab,Transport,20.51,Expense
2021-07-22,Gojek,Transport,62.44,Expense
2022-10-01,Salary,Salary,5000.0,Income
2024-04-16,Grab,Transport,40.8,Expense
2024-10-31,Freelance,Salary,782.0,Income
2022-02-17,Gojek,Transport,14.07,Expense
2020-11-06,Grab,Transport,66.97,Expense
2022-05-19,Grab,Transport,31.84,Expense
2023-02-05,Gojek,Transport,37.61,Expense
2021-04-07,Grab,Transport,68.86,Expense
2023-10-28,Gojek,Transport,43.85,Expense
2023-09-11,Freelance,Salary,563.0,Income
2024-10-20,Gojek,Transport,66.54,Expense
2023-10-02,Freelance,Salary,982.0,Income
2022-03-29,Grab,Transport,31.07,Expense
2024-01-29,Grab,Transport,7.7,Expense
2023-01-11,Gojek,Transport,17.49,Expense
2024-04-05,Gojek,Transport,76.64,Expense
2023-09-25,Gojek,Transport,71.21,Expense
2022-08-19,Grab,Transport,61.59,Expense
2022-11-12,Gojek,Transport,102.03,Expense
2024-12-02,Grab,Transport,49.83,Expense
2021-07-15,Freelance,Salary,966.0,Income
2024-07-26,Grab,Transport,79.76,Expense
2022-03-02,Gojek,Transport,17.66,Expense
2020-10-20,Freelance,Salary,836.0,Income
2024-02-25,Grab,Transport,103.85,Expense
2021-03-17,Gojek,Transport,32.5,Expense
2020-06-24,Freelance,Salary,747.0,Income
2023-05-06,Freelance,Salary,818.0,Income
2020-06-14,Freelance,Salary,297.0,Income
2022-12-08,Freelance,Salary,247.0,Income
2022-11-21,Gojek,Transport,43.64,Expense
2022-08-12,Freelance,Salary,926.0,Income
2024-04-18,Gojek,Transport,41.14,Expense
2024-07-22,Grab,Transport,22.72,Expense
2021-02-06,Grab,Transport,49.25,Expense
2023-09-09,Freelance,Salary,445.0,Income
2023-11-23,Grab,Transport,73.35,Expense
2020-10-15,Grab,Transport,28.91,Expense
2020-10-22,Freelance,Salary,731.0,Income
2024-12-04,Freelance,Salary,916.0,Income
2021-04-28,Freelance,Salary,380.0,Income
2022-05-10,Gojek,Transport,49.37,Expense
2022-09-26,Grab,Transport,35.84,Expense
2024-02-28,Grab,Transport,20.18,Expense
2020-10-16,Gojek,Transport,38.78,Expense
2021-02-26,Grab,Transport,46.34,Expense
2022-12-21,Grab,Transport,15.45,Expense
2023-02-17,Gojek,Transport,19.85,Expense
2023-02-19,Gojek,Transport,131.65,Expense
2020-04-25,Gojek,Transport,62.0,Expense
2020-07-29,Gojek,Transport,76.66,Expense
2024-02-11,Grab,Transport,125.81,Expense
2021-09-28,Grab,Transport,54.63,Expense
2021-02-04,Grab,Transport,30.08,Expense
2021-10-08,Grab,Transport,65.16,Expense
2021-03-20,Grab,Transport,88.38,Expense
2021-01-17,Grab,Transport,51.42,Expense
2020-02-26,Grab,Transport,23.18,Expense
2021-07-21,Freelance,Salary,614.0,Income
2020-05-24,Freelance,Salary,270.0,Income
2021-05-28,Gojek,Transport,11.72,Expense
2024-12-11,Grab,Transport,66.11,Expense
2020-08-24,Freelance,Salary,693.0,Income
2020-09-21,Gojek,Transport,39.4,Expense
2024-04-24,Gojek,Transport,36.42,Expense
2021-06-24,Gojek,Transport,68.01,Expense
2023-11-22,Freelance,Salary,268.0,Income
2022-09-08,Freelance,Salary,302.0,Income
2022-12-08,Freelance,Salary,537.0,Income
2024-07-26,Grab,Transport,18.36,Expense
2022-09-19,Grab,Transport,9.79,Expense
2024-03-31,Freelance,Salary,398.0,Income
2022-07-13,Freelance,Salary,896.0,Income
2020-02-15,Gojek,Transport,75.11,Expense
2020-05-12,Gojek,Transport,32.19,Expense
2023-02-24,Grab,Transport,14.35,Expense
2023-05-15,Gojek,Transport,26.3,Expense
2024-07-10,Freelance,Salary,900.0,Income
2022-11-15,Gojek,Transport,7.34,Expense
2022-10-04,Grab,Transport,12.57,Expense
2022-01-05,Gojek,Transport,30.96,Expense
2021-05-10,Grab,Transport,18.31,Expense
2023-06-15,Grab,Transport,65.04,Expense
2023-08-04,Grab,Transport,74.37,Expense
2023-09-19,Gojek,Transport,13.22,Expense
2021-02-08,Grab,Transport,8.63,Expense
2022-10-29,Grab,Transport,138.98,Expense
2021-05-22,Gojek,Transport,55.08,Expense
2023-09-06,Grab,Transport,44.55,Expense
2024-11-23,Freelance,Salary,328.0,Income
2024-05-07,Grab,Transport,47.09,Expense
2024-10-28,Freelance,Salary,300.0,Income
2022-11-11,Freelance,Salary,823.0,Income
2021-04-05,Freelance,Salary,227.0,Income
2021-01-26,Freelance,Salary,653.0,Income
2023-02-27,Grab,Transport,15.49,Expense
2021-09-23,Gojek,Transport,69.07,Expense
2020-06-17,Gojek,Transport,45.45,Expense
2022-10-11,Grab,Transport,38.49,Expense
2022-10-14,Grab,Transport,41.26,Expense
2023-09-07,Grab,Transport,37.85,Expense
2021-12-02,Freelance,Salary,413.0,Income
2020-01-07,Freelance,Salary,719.0,Income
2022-09-02,Grab,Transport,41.31,Expense
2023-10-29,Grab,Transport,103.88,Expense
2023-07-17,Grab,Transport,62.48,Expense
2020-04-29,Freelance,Salary,667.0,Income
2020-07-12,Grab,Transport,40.25,Expense
2022-08-30,Gojek,Transport,18.15,Expense
2020-10-12,Grab,Transport,41.67,Expense
2023-03-13,Gojek,Transport,63.64,Expense
2023-11-14,Grab,Transport,42.21,Expense
2022-08-13,Gojek,Transport,24.23,Expense
2024-12-08,Grab,Transport,72.95,Expense
2020-06-25,Freelance,Salary,392.0,Income
2022-05-21,Grab,Transport,87.0,Expense
2020-04-12,Freelance,Salary,463.0,Income
2024-09-29,Gojek,Transport,94.93,Expense
2021-09-27,Freelance,Salary,565.0,Income
2020-12-25,Freelance,Salary,536.0,Income
2023-04-02,Freelance,Salary,456.0,Income
2024-12-18,Grab,Transport,13.86,Expense
2022-03-25,Grab,Transport,30.49,Expense
2022-01-26,Gojek,Transport,25.84,Expense
2022-01-02,Grab,Transport,102.49,Expense
2022-07-07,Grab,Transport,68.83,Expense
2021-01-22,Gojek,Transport,9.68,Expense
2020-11-23,Gojek,Transport,19.61,Expense
2022-01-07,Grab,Transport,42.52,Expense
2021-01-28,Grab,Transport,62.74,Expense
2024-05-30,Grab,Transport,54.67,Expense
2023-07-31,Grab,Transport,16.09,Expense
2023-06-12,Freelance,Salary,423.0,Income
2023-02-12,Grab,Transport,37.37,Expense
2023-03-28,Grab,Transport,18.89,Expense
2021-08-21,Gojek,Transport,36.72,Expense
2024-02-18,Grab,Transport,131.23,Expense
2021-06-04,Freelance,Salary,836.0,Income
2024-08-11,Freelance,Salary,563.0,Income
2020-05-04,Gojek,Transport,61.12,Expense
2020-11-20,Grab,Transport,45.74,Expense
2023-06-08,Grab,Transport,66.56,Expense
2020-01-17,Gojek,Transport,32.84,Expense
2020-12-24,Freelance,Salary,534.0,Income
2021-05-20,Gojek,Transport,71.6,Expense
2021-09-01,Salary,Salary,5000.0,Income
2024-04-21,Grab,Transport,75.21,Expense
2024-02-07,Freelance,Salary,890.0,Income
2024-01-21,Gojek,Transport,147.78,Expense
2020-10-22,Gojek,Transport,5.43,Expense
2024-04-21,Gojek,Transport,137.91,Expense
2024-02-06,Gojek,Transport,9.64,Expense
2021-01-21,Gojek,Transport,75.75,Expense
2020-09-09,Freelance,Salary,531.0,Income
2020-05-11,Grab,Transport,42.78,Expense
2023-06-07,Grab,Transport,21.68,Expense
2023-06-18,Gojek,Transport,105.67,Expense
2022-10-25,Freelance,Salary,383.0,Income
2020-09-04,Grab,Transport,76.37,Expense
2021-11-16,Grab,Transport,5.59,Expense
2022-01-07,Grab,Transport,68.15,Expense
2024-01-19,Gojek,Transport,64.16,Expense
2024-05-15,Grab,Transport,7.03,Expense
2021-08-30,Gojek,Transport,12.0,Expense
2023-06-13,Gojek,Transport,56.13,Expense
2021-01-07,Gojek,Transport,8.52,Expense
2022-10-15,Gojek,Transport,37.58,Expense
2024-04-04,Gojek,Transport,14.87,Expense
2020-01-05,Gojek,Transport,124.21,Expense
2021-06-06,Grab,Transport,148.71,Expense
2023-12-30,Gojek,Transport,65.69,Expense
2020-03-05,Freelance,Salary,743.0,Income
2022-05-29,Gojek,Transport,64.53,Expense
2022-12-26,Gojek,Transport,49.93,Expense
2020-04-18,Gojek,Transport,129.2,Expense
2020-08-19,Freelance,Salary,400.0,Income
2023-12-13,Grab,Transport,56.05,Expense
2020-10-27,Grab,Transport,6.03,Expense
2020-07-30,Grab,Transport,30.55,Expense
2023-08-20,Grab,Transport,130.97,Expense
2023-02-28,Grab,Transport,15.22,Expense
2022-05-30,Gojek,Transport,10.02,Expense
2020-04-29,Freelance,Salary,646.0,Income
2022-12-13,Gojek,Transport,63.26,Expense
2024-06-28,Grab,Transport,71.96,Expense
2024-01-20,Freelance,Salary,634.0,Income
2020-05-31,Grab,Transport,113.27,Expense
2022-07-09,Gojek,Transport,25.23,Expense
2024-12-07,Grab,Transport,105.09,Expense
2021-08-12,Grab,Transport,16.16,Expense
2021-12-17,Grab,Transport,43.94,Expense
2021-01-27,Gojek,Transport,26.89,Expense
2021-11-21,Grab,Transport,142.65,Expense
2024-12-07,Grab,Transport,58.88,Expense
2021-10-27,Grab,Transport,50.39,Expense
2020-09-27,Gojek,Transport,122.05,Expense
2023-11-27,Grab,Transport,23.4,Expense
2020-06-05,Freelance,Salary,893.0,Income
2021-10-24,Gojek,Transport,142.52,Expense
2021-07-13,Gojek,Transport,45.35,Expense
2023-05-03,Gojek,Transport,28.58,Expense
2021-07-09,Gojek,Transport,30.59,Expense
2024-06-06,Gojek,Transport,62.45,Expense
2022-12-02,Freelance,Salary,246.0,Income
2022-08-13,Freelance,Salary,459.0,Income
2020-05-05,Grab,Transport,29.84,Expense
2022-06-13,Gojek,Transport,36.08,Expense
2020-09-30,Gojek,Transport,49.32,Expense
2020-08-15,Gojek,Transport,135.96,Expense
2022-01-10,Gojek,Transport,12.61,Expense
2024-06-27,Grab,Transport,50.64,Expense
2020-02-19,Grab,Transport,79.54,Expense
2023-08-27,Grab,Transport,84.87,Expense
2023-04-25,Grab,Transport,8.41,Expense
2022-09-19,Freelance,Salary,330.0,Income
2021-12-13,Freelance,Salary,688.0,Income
2023-11-23,Grab,Transport,51.67,Expense
2020-01-22,Grab,Transport,45.28,Expense
2020-10-24,Grab,Transport,139.08,Expense
2020-02-06,Gojek,Transport,52.33,Expense
2023-12-06,Gojek,Transport,25.22,Expense
2024-03-14,Gojek,Transport,23.4,Expense
2022-06-24,Gojek,Transport,77.2,Expense
2021-06-10,Gojek,Transport,17.4,Expense
2023-10-04,Gojek,Transport,73.76,Expense
2024-12-24,Grab,Transport,12.08,Expense
2022-06-11,Freelance,Salary,310.0,Income
2021-11-02,Gojek,Transport,50.99,Expense
2020-04-22,Grab,Transport,17.57,Expense
2023-03-04,Gojek,Transport,90.41,Expense
2022-04-05,Gojek,Transport,65.26,Expense
2021-03-19,Grab,Transport,38.43,Expense
2024-11-10,Gojek,Transport,35.98,Expense
2022-04-07,Grab,Transport,49.89,Expense
2020-12-07,Freelance,Salary,367.0,Income
2020-08-07,Freelance,Salary,783.0,Income
2023-08-31,Gojek,Transport,58.75,Expense
2023-04-04,Grab,Transport,77.03,Expense
2020-01-17,Grab,Transport,40.24,Expense
2024-09-27,Gojek,Transport,63.06,Expense
2021-04-27,Freelance,Salary,225.0,Income
2020-03-08,Freelance,Salary,872.0,Income
2024-08-11,Grab,Transport,71.6,Expense
2024-10-07,Grab,Transport,50.58,Expense
2021-09-20,Freelance,Salary,563.0,Income
2024-10-20,Grab,Transport,53.45,Expense
2024-11-24,Freelance,Salary,525.0,Income
2021-08-03,Freelance,Salary,920.0,Income
2021-02-03,Grab,Transport,55.74,Expense
2024-03-13,Grab,Transport,22.89,Expense
2024-06-27,Freelance,Salary,606.0,Income
2021-06-09,Gojek,Transport,11.01,Expense
2022-01-31,Gojek,Transport,59.64,Expense
2020-11-22,Freelance,Salary,498.0,Income
2024-04-24,Grab,Transport,27.65,Expense
2021-06-28,Freelance,Salary,555.0,Income
2020-08-24,Freelance,Salary,620.0,Income
2022-04-18,Freelance,Salary,766.0,Income
2022-07-02,Gojek,Transport,72.62,Expense
2023-08-13,Gojek,Transport,149.53,Expense
2023-06-28,Gojek,Transport,78.07,Expense
2023-04-20,Grab,Transport,52.69,Expense
2024-02-29,Gojek,Transport,67.62,Expense
2021-07-12,Gojek,Transport,8.26,Expense
2024-10-18,Freelance,Salary,422.0,Income
2022-03-30,Gojek,Transport,22.39,Expense
2023-11-11,Freelance,Salary,511.0,Income
2020-06-20,Gojek,Transport,28.48,Expense
2022-08-08,Gojek,Transport,21.62,Expense
2021-08-15,Freelance,Salary,601.0,Income
2021-10-03,Gojek,Transport,23.93,Expense
2023-02-10,Grab,Transport,26.01,Expense
2021-12-10,Gojek,Transport,58.89,Expense
2021-11-08,Gojek,Transport,32.56,Expense
2020-12-04,Grab,Transport,32.82,Expense
2020-10-04,Freelance,Salary,629.0,Income
2024-08-05,Freelance,Salary,763.0,Income
2020-08-28,Gojek,Transport,64.56,Expense
2024-06-10,Gojek,Transport,50.35,Expense
2020-06-26,Gojek,Transport,78.89,Expense
2023-10-21,Grab,Transport,110.46,Expense
2022-07-05,Grab,Transport,58.04,Expense
2024-02-05,Freelance,Salary,895.0,Income
2021-03-31,Grab,Transport,64.47,Expense
2023-03-07,Grab,Transport,5.02,Expense
2022-01-17,Grab,Transport,52.71,Expense
2021-05-02,Grab,Transport,53.49,Expense
2023-04-16,Gojek,Transport,80.78,Expense
2022-01-18,Gojek,Transport,72.61,Expense
2020-03-18,Grab,Transport,63.58,Expense
2021-04-20,Gojek,Transport,26.89,Expense
2021-06-04,Gojek,Transport,19.21,Expense
2021-08-14,Grab,Transport,73.12,Expense
2021-03-27,Grab,Transport,100.02,Expense
2021-08-01,Salary,Salary,5000.0,Income
2023-09-27,Freelance,Salary,753.0,Income
2022-07-26,Gojek,Transport,62.61,Expense
2022-04-26,Gojek,Transport,62.89,Expense
2023-09-23,Grab,Transport,115.42,Expense
2021-11-20,Grab,Transport,112.8,Expense
2024-03-28,Gojek,Transport,56.22,Expense
2022-05-07,Grab,Transport,31.61,Expense
2021-08-20,Gojek,Transport,78.36,Expense
2021-04-11,Gojek,Transport,39.76,Expense
2024-05-26,Gojek,Transport,26.4,Expense
2022-06-25,Freelance,Salary,907.0,Income
2020-10-31,Freelance,Salary,898.0,Income
2021-03-09,Gojek,Transport,12.77,Expense
2021-06-18,Grab,Transport,19.64,Expense
2023-10-19,Grab,Transport,55.23,Expense
2022-01-07,Grab,Transport,27.18,Expense
2021-05-24,Freelance,Salary,672.0,Income
2022-07-14,Freelance,Salary,253.0,Income
2023-10-11,Freelance,Salary,845.0,Income
2020-09-13,Freelance,Salary,350.0,Income
2021-07-20,Grab,Transport,63.63,Expense
2020-03-10,Gojek,Transport,35.52,Expense
2023-08-17,Grab,Transport,20.08,Expense
2020-06-13,Gojek,Transport,63.85,Expense
2024-02-06,Gojek,Transport,79.16,Expense
2023-11-16,Freelance,Salary,999.0,Income
2023-10-29,Grab,Transport,134.18,Expense
2021-09-04,Grab,Transport,89.44,Expense
2024-03-27,Grab,Transport,38.51,Expense
2021-07-12,Freelance,Salary,950.0,Income
2024-07-06,Grab,Transport,48.05,Expense
2020-06-04,Freelance,Salary,293.0,Income
2022-01-08,Freelance,Salary,865.0,Income
2021-02-15,Gojek,Transport,20.58,Expense
2023-11-21,Grab,Transport,70.26,Expense
2020-11-14,Gojek,Transport,43.19,Expense
2024-05-09,Grab,Transport,36.09,Expense
2022-04-11,Grab,Transport,21.15,Expense
2023-12-08,Gojek,Transport,16.15,Expense
2022-04-06,Grab,Transport,17.3,Expense
2024-03-16,Freelance,Salary,301.0,Income
2023-09-21,Gojek,Transport,67.59,Expense
2021-01-15,Grab,Transport,72.06,Expense
2022-04-08,Freelance,Salary,302.0,Income
2022-04-28,Grab,Transport,30.13,Expense
2023-07-13,Grab,Transport,51.11,Expense
2020-02-08,Grab,Transport,60.71,Expense
2023-04-25,Gojek,Transport,15.81,Expense
2023-07-14,Grab,Transport,77.8,Expense
2022-11-10,Gojek,Transport,73.53,Expense
2020-09-25,Grab,Transport,41.74,Expense
2020-03-02,Grab,Transport,78.63,Expense
2022-02-10,Freelance,Salary,725.0,Income
2020-11-29,Grab,Transport,44.78,Expense
2023-12-30,Grab,Transport,100.46,Expense
2020-11-22,Gojek,Transport,65.58,Expense
2021-04-25,Grab,Transport,73.13,Expense
2023-02-20,Gojek,Transport,72.14,Expense
2024-08-24,Freelance,Salary,491.0,Income
2021-10-18,Gojek,Transport,37.98,Expense
2020-08-03,Freelance,Salary,442.0,Income
2021-08-02,Gojek,Transport,54.1,Expense
2022-12-07,Gojek,Transport,42.36,Expense
2022-09-21,Freelance,Salary,424.0,Income
2021-06-10,Grab,Transport,42.28,Expense
2022-11-13,Freelance,Salary,598.0,Income
2021-11-28,Grab,Transport,56.11,Expense
2024-06-23,Gojek,Transport,24.72,Expense
2024-02-27,Gojek,Transport,25.14,Expense
2020-03-26,Freelance,Salary,629.0,Income
2020-09-19,Gojek,Transport,137.49,Expense
2024-09-15,Gojek,Transport,90.76,Expense
2024-08-19,Freelance,Salary,593.0,Income
2020-05-13,Gojek,Transport,36.57,Expense
2022-03-11,Grab,Transport,28.78,Expense
2024-10-14,Grab,Transport,18.89,Expense
2024-12-24,Freelance,Salary,907.0,Income
2021-01-13,Gojek,Transport,76.58,Expense
2024-03-05,Grab,Transport,19.3,Expense
2023-07-26,Freelance,Salary,383.0,Income
2023-11-07,Grab,Transport,79.2,Expense
2023-10-31,Gojek,Transport,58.99,Expense
2020-08-03,Freelance,Salary,867.0,Income
2021-12-27,Freelance,Salary,838.0,Income
2023-12-04,Freelance,Salary,411.0,Income
2020-11-02,Gojek,Transport,30.13,Expense
2023-09-08,Grab,Transport,58.07,Expense
2023-08-07,Grab,Transport,18.36,Expense
2022-02-19,Gojek,Transport,76.64,Expense
2024-06-30,Grab,Transport,33.61,Expense
2024-07-23,Grab,Transport,29.68,Expense
2022-12-15,Grab,Transport,39.46,Expense
2020-01-25,Gojek,Transport,105.25,Expense
2022-02-16,Gojek,Transport,29.81,Expense
2024-02-02,Freelance,Salary,249.0,Income
2021-03-05,Gojek,Transport,20.63,Expense
2024-10-25,Freelance,Salary,653.0,Income
2024-03-21,Grab,Transport,55.79,Expense
2022-03-08,Grab,Transport,39.37,Expense
2023-01-20,Grab,Transport,77.31,Expense
2023-11-21,Grab,Transport,40.59,Expense
2023-11-24,Gojek,Transport,27.86,Expense
2023-01-18,Grab,Transport,24.16,Expense
2022-11-20,Freelance,Salary,384.0,Income
2020-04-19,Grab,Transport,52.88,Expense
2023-09-12,Freelance,Salary,535.0,Income
2022-05-21,Gojek,Transport,101.96,Expense
2024-09-03,Grab,Transport,48.14,Expense
2021-08-08,Freelance,Salary,305.0,Income
2023-03-19,Freelance,Salary,713.0,Income
2023-07-22,Freelance,Salary,532.0,Income
2023-09-11,Gojek,Transport,76.09,Expense
2022-05-09,Gojek,Transport,57.67,Expense
2020-07-17,Grab,Transport,61.26,Expense
2024-10-21,Grab,Transport,35.52,Expense
2023-06-22,Grab,Transport,24.22,Expense
2022-03-17,Grab,Transport,66.4,Expense
2023-09-01,Salary,Salary,5000.0,Income
2023-01-11,Grab,Transport,14.98,Expense
2020-07-24,Gojek,Transport,67.77,Expense
2020-04-18,Gojek,Transport,110.64,Expense
2022-05-25,Freelance,Salary,319.0,Income
2020-09-12,Gojek,Transport,98.32,Expense
2022-01-21,Gojek,Transport,48.86,Expense
2022-08-25,Gojek,Transport,79.47,Expense
2020-06-27,Freelance,Salary,829.0,Income
2023-07-18,Freelance,Salary,759.0,Income
2024-07-17,Freelance,Salary,653.0,Income
2020-01-20,Gojek,Transport,50.66,Expense
2024-06-05,Gojek,Transport,17.58,Expense
2023-11-16,Grab,Transport,32.38,Expense
2021-01-08,Gojek,Transport,34.24,Expense
2024-09-07,Grab,Transport,25.6,Expense
2020-08-13,Grab,Transport,47.42,Expense
2024-11-23,Grab,Transport,28.79,Expense
2022-04-11,Gojek,Transport,63.85,Expense
2020-08-15,Grab,Transport,56.07,Expense
2023-10-18,Grab,Transport,77.79,Expense
2023-02-18,Gojek,Transport,41.98,Expense
2021-11-26,Gojek,Transport,32.49,Expense
2021-09-02,Gojek,Transport,72.24,Expense
2024-08-12,Freelance,Salary,801.0,Income
2021-07-20,Grab,Transport,20.99,Expense
2021-03-20,Grab,Transport,20.86,Expense
2020-11-21,Gojek,Transport,65.8,Expense
2021-07-17,Gojek,Transport,54.92,Expense
2024-05-22,Gojek,Transport,61.66,Expense
2022-11-15,Grab,Transport,77.78,Expense
2020-02-05,Grab,Transport,23.18,Expense
2021-04-26,Freelance,Salary,626.0,Income
2020-08-27,Freelance,Salary,632.0,Income
2024-12-22,Grab,Transport,24.78,Expense
2021-11-25,Grab,Transport,66.04,Expense
2022-01-26,Freelance,Salary,681.0,Income
2021-01-17,Freelance,Salary,450.0,Income
2021-05-16,Grab,Transport,110.03,Expense
2021-06-12,Gojek,Transport,77.59,Expense
2022-05-14,Grab,Transport,89.12,Expense
2020-01-05,Grab,Transport,56.07,Expense
2024-03-06,Grab,Transport,74.05,Expense
2020-04-07,Gojek,Transport,31.4,Expense
2021-03-01,Salary,Salary,5000.0,Income
2024-04-04,Gojek,Transport,32.98,Expense
2024-05-18,Freelance,Salary,692.0,Income
2020-11-08,Grab,Transport,29.76,Expense
2023-04-28,Freelance,Salary,891.0,Income
2023-04-12,Freelance,Salary,633.0,Income
2023-10-15,Gojek,Transport,93.58,Expense
2024-05-28,Gojek,Transport,24.88,Expense
2023-10-12,Gojek,Transport,65.79,Expense
2023-02-03,Gojek,Transport,61.1,Expense
2021-04-05,Grab,Transport,38.63,Expense
2020-04-25,Grab,Transport,145.06,Expense
2020-03-08,Grab,Transport,66.57,Expense
2021-06-23,Freelance,Salary,324.0,Income
2024-11-09,Freelance,Salary,227.0,Income
2024-01-07,Grab,Transport,95.39,Expense
2024-08-10,Grab,Transport,111.39,Expense
2024-01-29,Grab,Transport,24.52,Expense
2021-11-25,Gojek,Transport,15.16,Expense
2020-01-29,Grab,Transport,8.29,Expense
2020-01-13,Gojek,Transport,49.24,Expense
2020-11-24,Gojek,Transport,5.55,Expense
2020-06-20,Grab,Transport,22.31,Expense
2022-09-25,Grab,Transport,149.72,Expense
2021-10-06,Freelance,Salary,257.0,Income
2022-02-05,Gojek,Transport,30.62,Expense
2023-08-16,Grab,Transport,18.25,Expense
2023-12-08,Gojek,Transport,69.11,Expense
2023-02-28,Grab,Transport,41.68,Expense
2020-08-14,Grab,Transport,70.62,Expense
2022-06-13,Grab,Transport,8.79,Expense
2021-11-08,Gojek,Transport,67.15,Expense
2020-05-21,Grab,Transport,48.52,Expense
2021-12-11,Grab,Transport,77.81,Expense
2023-02-27,Freelance,Salary,650.0,Income
2023-09-07,Freelance,Salary,297.0,Income
2021-04-07,Gojek,Transport,39.53,Expense
2021-11-25,Grab,Transport,35.58,Expense
2022-03-23,Grab,Transport,7.55,Expense
2023-10-29,Gojek,Transport,107.37,Expense
2023-03-28,Freelance,Salary,918.0,Income
2022-11-14,Gojek,Transport,78.64,Expense
2024-01-02,Gojek,Transport,7.71,Expense
2023-07-17,Grab,Transport,33.49,Expense
2023-12-03,Gojek,Transport,86.41,Expense
2024-12-16,Gojek,Transport,60.0,Expense
2020-02-29,Grab,Transport,108.8,Expense
2021-07-04,Grab,Transport,140.91,Expense
2023-11-04,Gojek,Transport,91.76,Expense
2021-06-25,Gojek,Transport,46.14,Expense
2022-10-16,Grab,Transport,25.29,Expense
2024-05-31,Gojek,Transport,25.49,Expense
2021-11-20,Gojek,Transport,55.54,Expense
2024-03-19,Gojek,Transport,13.21,Expense
2024-06-10,Freelance,Salary,383.0,Income
2023-10-23,Grab,Transport,25.96,Expense
2020-02-04,Grab,Transport,14.52,Expense
2024-03-28,Freelance,Salary,817.0,Income
2020-08-27,Grab,Transport,35.58,Expense
2023-12-03,Grab,Transport,114.05,Expense
2021-09-08,Grab,Transport,27.1,Expense
2024-03-31,Grab,Transport,104.68,Expense
2024-07-29,Grab,Transport,8.25,Expense
2022-01-22,Gojek,Transport,83.53,Expense
2024-03-13,Grab,Transport,59.91,Expense
2022-09-29,Grab,Transport,74.54,Expense
2022-10-05,Gojek,Transport,30.86,Expense
2023-11-08,Grab,Transport,30.77,Expense
2024-08-25,Freelance,Salary,797.0,Income
2023-09-28,Grab,Transport,65.0,Expense
2024-10-29,Gojek,Transport,45.45,Expense
2020-12-08,Freelance,Salary,674.0,Income
2022-12-07,Grab,Transport,15.64,Expense
2022-08-16,Grab,Transport,39.09,Expense
2023-08-31,Freelance,Salary,950.0,Income
2020-03-15,Freelance,Salary,208.0,Income
2021-12-03,Gojek,Transport,60.14,Expense
2024-10-02,Gojek,Transport,28.04,Expense
2024-12-02,Gojek,Transport,15.97,Expense
2020-10-30,Grab,Transport,12.32,Expense
2023-04-16,Grab,Transport,74.3,Expense
2023-06-24,Grab,Transport,32.33,Expense
2021-06-12,Gojek,Transport,80.01,Expense
2023-08-14,Gojek,Transport,19.31,Expense
2024-09-13,Grab,Transport,26.59,Expense
2024-10-23,Grab,Transport,59.18,Expense
2023-04-26,Grab,Transport,6.73,Expense
2023-07-23,Gojek,Transport,39.99,Expense
2023-05-12,Freelance,Salary,275.0,Income
2024-10-06,Freelance,Salary,636.0,Income
2024-04-11,Freelance,Salary,426.0,Income
2022-06-15,Grab,Transport,72.2,Expense
2022-12-03,Gojek,Transport,70.91,Expense
2024-09-06,Gojek,Transport,45.32,Expense
2024-04-10,Gojek,Transport,5.47,Expense
2024-07-29,Gojek,Transport,52.63,Expense
2022-01-31,Grab,Transport,54.42,Expense
2023-10-26,Gojek,Transport,5.13,Expense
2022-11-23,Gojek,Transport,9.93,Expense
2024-12-24,Freelance,Salary,510.0,Income
2020-08-11,Gojek,Transport,25.31,Expense
2022-04-16,Grab,Transport,117.38,Expense
2024-04-27,Gojek,Transport,120.47,Expense
2021-03-25,Freelance,Salary,308.0,Income
2021-05-23,Gojek,Transport,128.93,Expense
2020-01-27,Grab,Transport,53.15,Expense
2022-03-24,Grab,Transport,67.19,Expense
2020-07-08,Gojek,Transport,30.98,Expense
2020-08-29,Grab,Transport,32.21,Expense
2023-03-12,Freelance,Salary,455.0,Income
2022-02-15,Gojek,Transport,10.93,Expense
2022-04-08,Gojek,Transport,61.6,Expense
2020-09-07,Gojek,Transport,58.53,Expense
2022-07-16,Gojek,Transport,50.09,Expense
2024-07-28,Freelance,Salary,215.0,Income
2023-09-28,Gojek,Transport,70.55,Expense
2022-03-16,Gojek,Transport,36.46,Expense
2023-07-15,Gojek,Transport,31.05,Expense
2020-11-26,Freelance,Salary,364.0,Income
2020-02-26,Freelance,Salary,586.0,Income
2024-12-28,Gojek,Transport,79.05,Expense
2024-07-19,Gojek,Transport,30.0,Expense
2024-11-04,Gojek,Transport,38.04,Expense
2023-08-14,Grab,Transport,54.44,Expense
2021-12-12,Freelance,Salary,849.0,Income
2022-11-23,Grab,Transport,24.51,Expense
2022-02-03,Gojek,Transport,59.95,Expense
2022-01-28,Grab,Transport,71.79,Expense
2021-06-03,Grab,Transport,9.87,Expense
2024-01-31,Grab,Transport,27.81,Expense
2023-10-05,Gojek,Transport,31.48,Expense
2024-01-07,Freelance,Salary,676.0,Income
2023-09-06,Freelance,Salary,298.0,Income
2021-04-15,Gojek,Transport,43.77,Expense
2022-03-13,Freelance,Salary,391.0,Income
2023-10-23,Grab,Transport,53.12,Expense
2021-09-04,Gojek,Transport,117.33,Expense
2023-05-06,Grab,Transport,28.43,Expense
2021-10-19,Freelance,Salary,671.0,Income
2022-12-23,Grab,Transport,27.98,Expense
2022-06-22,Freelance,Salary,379.0,Income
2023-12-22,Grab,Transport,42.48,Expense
2023-03-21,Grab,Transport,33.13,Expense
2024-11-05,Freelance,Salary,625.0,Income
2021-08-23,Gojek,Transport,74.23,Expense
2020-03-27,Freelance,Salary,631.0,Income
2023-01-31,Gojek,Transport,23.17,Expense
2021-11-13,Grab,Transport,28.38,Expense
2020-03-13,Freelance,Salary,696.0,Income
2022-05-24,Grab,Transport,25.25,Expense
2023-02-23,Grab,Transport,13.68,Expense
2021-08-05,Grab,Transport,47.96,Expense
2020-12-08,Grab,Transport,38.89,Expense
2024-06-17,Grab,Transport,42.11,Expense
2024-12-12,Grab,Transport,53.93,Expense
2023-11-30,Grab,Transport,58.52,Expense
2023-08-05,Freelance,Salary,346.0,Income
2022-07-14,Grab,Transport,20.38,Expense
2023-11-11,Freelance,Salary,254.0,Income
2021-06-04,Grab,Transport,47.17,Expense
2020-04-19,Grab,Transport,89.98,Expense
2024-01-30,Grab,Transport,78.75,Expense
2023-10-31,Gojek,Transport,62.35,Expense
2024-01-12,Grab,Transport,52.67,Expense
2020-05-16,Freelance,Salary,336.0,Income
2020-04-11,Gojek,Transport,127.48,Expense
2021-07-14,Gojek,Transport,34.6,Expense
2020-02-11,Grab,Transport,30.41,Expense
2022-09-19,Grab,Transport,75.68,Expense
2020-08-09,Grab,Transport,115.03,Expense
2021-01-31,Gojek,Transport,125.73,Expense
2020-07-10,Grab,Transport,52.96,Expense
2020-03-17,Grab,Transport,73.66,Expense
2023-06-27,Gojek,Transport,29.18,Expense
2023-12-19,Gojek,Transport,18.06,Expense
2022-10-21,Gojek,Transport,41.47,Expense
2023-01-29,Freelance,Salary,523.0,Income
2024-12-06,Gojek,Transport,35.78,Expense
2020-07-24,Grab,Transport,44.77,Expense
2022-01-19,Grab,Transport,44.03,Expense
2024-10-18,Freelance,Salary,451.0,Income
2021-08-09,Grab,Transport,14.09,Expense
2024-01-20,Grab,Transport,121.59,Expense
2024-10-25,Gojek,Transport,74.45,Expense
2022-06-22,Grab,Transport,63.38,Expense
2023-05-16,Grab,Transport,56.52,Expense
2023-06-21,Gojek,Transport,38.21,Expense
2024-07-17,Gojek,Transport,6.21,Expense
2023-07-29,Gojek,Transport,145.0,Expense
2024-03-28,Grab,Transport,73.09,Expense
2023-03-02,Freelance,Salary,446.0,Income
2021-03-24,Gojek,Transport,18.48,Expense
2023-03-12,Gojek,Transport,80.8,Expense
2023-06-18,Gojek,Transport,84.92,Expense
2020-05-16,Grab,Transport,57.39,Expense
2024-10-20,Grab,Transport,124.9,Expense
2024-11-20,Grab,Transport,47.55,Expense
2020-06-07,Freelance,Salary,843.0,Income
2024-07-09,Grab,Transport,50.48,Expense
2024-08-31,Grab,Transport,94.29,Expense
2023-11-11,Grab,Transport,99.33,Expense
2024-09-03,Gojek,Transport,48.21,Expense
2024-04-05,Freelance,Salary,644.0,Income
2020-03-20,Grab,Transport,69.84,Expense
2022-12-12,Grab,Transport,34.97,Expense
2023-01-22,Grab,Transport,22.41,Expense
2022-02-24,Freelance,Salary,661.0,Income
2023-04-02,Grab,Transport,43.9,Expense
2023-10-09,Gojek,Transport,51.04,Expense
2022-11-18,Freelance,Salary,719.0,Income
2021-03-25,Freelance,Salary,394.0,Income
2023-05-30,Grab,Transport,17.6,Expense
2022-08-15,Freelance,Salary,497.0,Income
2020-09-18,Gojek,Transport,19.09,Expense
2023-11-04,Gojek,Transport,146.59,Expense
2020-03-26,Grab,Transport,48.94,Expense
2021-11-19,Freelance,Salary,829.0,Income
2023-06-06,Grab,Transport,22.15,Expense
2024-04-08,Freelance,Salary,898.0,Income
2023-10-17,Freelance,Salary,988.0,Income
2023-06-16,Grab,Transport,53.52,Expense
2021-06-10,Gojek,Transport,45.31,Expense
2020-12-16,Freelance,Salary,507.0,Income
2021-02-03,Gojek,Transport,49.76,Expense
2021-02-18,Gojek,Transport,54.5,Expense
2022-03-31,Freelance,Salary,852.0,Income
2024-08-13,Grab,Transport,20.82,Expense
2024-08-03,Gojek,Transport,37.02,Expense
2023-11-21,Grab,Transport,9.0,Expense
2024-03-03,Gojek,Transport,85.1,Expense
2020-11-15,Gojek,Transport,30.87,Expense
2023-05-21,Freelance,Salary,661.0,Income
2021-12-06,Freelance,Salary,967.0,Income
2024-12-03,Gojek,Transport,6.29,Expense
2021-01-14,Gojek,Transport,16.33,Expense
2023-07-07,Grab,Transport,50.66,Expense
2023-05-08,Gojek,Transport,49.77,Expense
2021-06-15,Grab,Transport,37.42,Expense
2020-01-27,Freelance,Salary,289.0,Income
2023-12-17,Freelance,Salary,360.0,Income
2021-03-16,Gojek,Transport,76.12,Expense
2022-11-15,Gojek,Transport,39.12,Expense
2022-10-17,Grab,Transport,6.88,Expense
2022-08-18,Grab,Transport,38.82,Expense
2023-12-25,Grab,Transport,53.27,Expense
2020-09-09,Gojek,Transport,52.55,Expense
2023-04-26,Grab,Transport,71.9,Expense
2023-10-30,Gojek,Transport,42.54,Expense
2024-09-21,Freelance,Salary,318.0,Income
2022-05-07,Freelance,Salary,259.0,Income
2023-06-29,Freelance,Salary,606.0,Income
2024-02-08,Grab,Transport,33.23,Expense
2024-12-03,Gojek,Transport,49.53,Expense
2020-01-27,Grab,Transport,73.78,Expense
2024-04-12,Freelance,Salary,734.0,Income
2023-09-23,Gojek,Transport,137.68,Expense
2022-03-14,Freelance,Salary,663.0,Income
2023-05-08,Gojek,Transport,65.85,Expense
2021-05-30,Grab,Transport,71.17,Expense
2020-05-30,Grab,Transport,32.81,Expense
2023-08-30,Grab,Transport,62.61,Expense
2022-01-29,Freelance,Salary,446.0,Income
2020-08-18,Freelance,Salary,645.0,Income
2022-02-08,Freelance,Salary,956.0,Income
2021-06-27,Freelance,Salary,277.0,Income
2023-04-02,Grab,Transport,131.51,Expense
2022-03-07,Grab,Transport,43.76,Expense
2022-10-21,Gojek,Transport,36.11,Expense
2020-04-15,Grab,Transport,42.4,Expense
2021-02-26,Grab,Transport,26.96,Expense
2024-03-22,Grab,Transport,23.24,Expense
2023-03-24,Gojek,Transport,46.48,Expense
2022-11-15,Grab,Transport,48.54,Expense
2022-03-03,Gojek,Transport,51.94,Expense
2020-04-06,Grab,Transport,60.74,Expense
2023-03-30,Gojek,Transport,52.81,Expense
2020-06-14,Gojek,Transport,49.43,Expense
2022-08-05,Gojek,Transport,43.65,Expense
2022-12-04,Grab,Transport,72.1,Expense
2024-11-18,Grab,Transport,11.95,Expense
2023-09-27,Gojek,Transport,29.83,Expense
2021-07-20,Gojek,Transport,31.51,Expense
2022-08-03,Grab,Transport,44.15,Expense
2023-05-22,Gojek,Transport,66.79,Expense
2020-05-10,Grab,Transport,114.51,Expense
2023-02-18,Grab,Transport,43.73,Expense
2024-04-09,Gojek,Transport,42.98,Expense
2024-04-29,Freelance,Salary,527.0,Income
2020-12-23,Grab,Transport,12.8,Expense
2023-10-30,Gojek,Transport,64.05,Expense
2024-02-27,Grab,Transport,52.55,Expense
2024-04-13,Grab,Transport,44.25,Expense
2020-07-22,Gojek,Transport,18.82,Expense
2024-05-29,Grab,Transport,19.97,Expense
2023-09-24,Gojek,Transport,91.9,Expense
2023-01-02,Grab,Transport,44.71,Expense
2021-08-02,Freelance,Salary,403.0,Income
2023-05-14,Grab,Transport,134.89,Expense
2021-04-21,Grab,Transport,66.93,Expense
2022-05-23,Gojek,Transport,10.88,Expense
2021-10-18,Grab,Transport,52.69,Expense
2024-03-02,Grab,Transport,80.76,Expense
2022-04-11,Gojek,Transport,56.29,Expense
2021-09-17,Freelance,Salary,408.0,Income
2024-07-06,Gojek,Transport,39.29,Expense
2024-09-25,Gojek,Transport,37.28,Expense
2024-09-04,Gojek,Transport,69.46,Expense
2021-03-31,Grab,Transport,64.9,Expense
2020-01-02,Gojek,Transport,13.64,Expense
2023-04-29,Grab,Transport,20.9,Expense
2024-06-21,Grab,Transport,76.5,Expense
2022-06-04,Freelance,Salary,664.0,Income
2020-03-04,Gojek,Transport,14.18,Expense
2023-04-30,Grab,Transport,135.42,Expense
2022-09-13,Gojek,Transport,44.77,Expense
2024-07-23,Gojek,Transport,39.72,Expense
2022-10-12,Gojek,Transport,69.58,Expense
2024-11-14,Grab,Transport,59.69,Expense
2022-04-10,Grab,Transport,103.23,Expense
2021-12-18,Gojek,Transport,41.96,Expense
2024-05-05,Gojek,Transport,144.98,Expense
2021-10-24,Freelance,Salary,914.0,Income
2020-04-06,Gojek,Transport,30.13,Expense
2021-08-25,Grab,Transport,43.12,Expense
2024-05-10,Freelance,Salary,881.0,Income
2022-06-11,Grab,Transport,41.21,Expense
2021-10-24,Grab,Transport,23.7,Expense
2022-04-27,Gojek,Transport,28.65,Expense
2024-05-13,Gojek,Transport,43.05,Expense
2023-12-22,Freelance,Salary,207.0,Income
2024-05-18,Freelance,Salary,666.0,Income
2021-07-06,Gojek,Transport,73.57,Expense
2020-04-11,Gojek,Transport,53.11,Expense
2022-10-09,Grab,Transport,68.11,Expense
2022-04-28,Grab,Transport,13.71,Expense
2023-05-08,Gojek,Transport,26.08,Expense
2023-12-28,Freelance,Salary,556.0,Income
2022-07-14,Freelance,Salary,346.0,Income
2024-06-04,Freelance,Salary,418.0,Income
2022-03-20,Grab,Transport,127.79,Expense
2021-11-13,Gojek,Transport,37.64,Expense
2020-06-21,Grab,Transport,101.51,Expense
2020-06-24,Gojek,Transport,44.99,Expense
2023-10-14,Grab,Transport,66.92,Expense
2021-12-28,Gojek,Transport,15.54,Expense
2023-03-25,Grab,Transport,113.31,Expense
2021-12-30,Grab,Transport,41.98,Expense
2024-08-29,Grab,Transport,16.96,Expense
2022-08-18,Grab,Transport,56.59,Expense
2023-12-30,Gojek,Transport,29.97,Expense
2023-04-29,Grab,Transport,61.01,Expense
2020-03-12,Grab,Transport,34.66,Expense
2020-08-14,Grab,Transport,46.3,Expense
2023-05-02,Freelance,Salary,706.0,Income
2024-07-08,Grab,Transport,34.24,Expense
2023-01-19,Freelance,Salary,591.0,Income
2024-12-28,Gojek,Transport,45.24,Expense
2022-03-22,Gojek,Transport,27.64,Expense
2020-09-26,Gojek,Transport,146.91,Expense
2021-05-20,Freelance,Salary,877.0,Income
2021-01-13,Freelance,Salary,761.0,Income
2021-09-03,Freelance,Salary,408.0,Income
2020-02-14,Grab,Transport,19.6,Expense
2023-05-21,Grab,Transport,41.91,Expense
2020-06-22,Grab,Transport,53.5,Expense
2023-09-21,Gojek,Transport,62.74,Expense
2023-12-25,Gojek,Transport,53.05,Expense
2020-01-08,Grab,Transport,63.61,Expense
2021-10-09,Grab,Transport,86.57,Expense
2024-02-23,Gojek,Transport,24.33,Expense
2022-07-12,Gojek,Transport,17.34,Expense
2023-06-29,Grab,Transport,77.24,Expense
2023-02-17,Grab,Transport,9.33,Expense
2022-01-18,Grab,Transport,27.4,Expense
2020-06-24,Grab,Transport,50.62,Expense
2022-04-27,Freelance,Salary,864.0,Income
2022-10-18,Gojek,Transport,22.77,Expense
2021-04-30,Freelance,Salary,981.0,Income
2023-06-25,Gojek,Transport,110.55,Expense
2024-01-25,Freelance,Salary,259.0,Income
2021-03-30,Grab,Transport,42.42,Expense
2022-02-20,Freelance,Salary,519.0,Income
2020-08-30,Freelance,Salary,294.0,Income
2020-10-05,Gojek,Transport,69.99,Expense
2023-07-30,Gojek,Transport,24.15,Expense
2021-07-11,Gojek,Transport,117.28,Expense
2020-02-15,Gojek,Transport,110.23,Expense
2021-01-22,Grab,Transport,62.1,Expense
2022-01-27,Freelance,Salary,939.0,Income
2020-05-23,Gojek,Transport,52.43,Expense
2022-05-23,Gojek,Transport,38.45,Expense
2023-04-27,Grab,Transport,49.93,Expense
2022-01-22,Grab,Transport,87.0,Expense
2020-10-09,Gojek,Transport,27.55,Expense
2021-07-13,Grab,Transport,28.8,Expense
2023-06-14,Gojek,Transport,51.58,Expense
2022-05-25,Grab,Transport,30.36,Expense
2024-11-22,Gojek,Transport,27.19,Expense
2020-03-29,Grab,Transport,67.84,Expense
2024-12-28,Gojek,Transport,110.49,Expense
2023-08-13,Grab,Transport,106.36,Expense
2024-07-05,Gojek,Transport,22.56,Expense
2024-09-06,Grab,Transport,18.6,Expense
2020-05-24,Grab,Transport,127.35,Expense
2020-05-25,Gojek,Transport,67.71,Expense
2020-02-29,Grab,Transport,144.41,Expense
2022-03-21,Gojek,Transport,78.6,Expense
2024-12-28,Grab,Transport,73.46,Expense
2021-05-29,Grab,Transport,112.14,Expense
2023-07-26,Gojek,Transport,48.42,Expense
2020-09-16,Grab,Transport,20.33,Expense
2021-06-06,Grab,Transport,24.84,Expense
2024-07-17,Gojek,Transport,31.64,Expense
2023-03-24,Grab,Transport,8.72,Expense
2022-03-04,Grab,Transport,50.04,Expense
2022-07-05,Grab,Transport,20.6,Expense
2023-02-27,Gojek,Transport,54.36,Expense
2020-07-12,Grab,Transport,133.84,Expense
2023-12-08,Gojek,Transport,59.05,Expense
2022-04-12,Gojek,Transport,50.34,Expense
2022-08-16,Grab,Transport,74.96,Expense
2021-10-29,Gojek,Transport,36.37,Expense
2022-07-20,Gojek,Transport,77.28,Expense
2023-05-28,Gojek,Transport,114.46,Expense
2024-11-10,Gojek,Transport,129.27,Expense
2020-03-14,Freelance,Salary,767.0,Income
2023-07-07,Gojek,Transport,55.76,Expense
2020-09-09,Gojek,Transport,36.3,Expense
2022-09-18,Gojek,Transport,58.64,Expense
2020-12-12,Grab,Transport,101.75,Expense
2020-12-05,Grab,Transport,53.43,Expense
2020-08-30,Freelance,Salary,469.0,Income
2023-05-27,Grab,Transport,47.09,Expense
2022-05-11,Freelance,Salary,820.0,Income
2024-02-05,Grab,Transport,30.0,Expense
2022-07-11,Freelance,Salary,904.0,Income
2020-10-31,Freelance,Salary,632.0,Income
2021-01-11,Grab,Transport,11.86,Expense
2020-07-29,Freelance,Salary,354.0,Income
2020-03-27,Gojek,Transport,54.59,Expense
2021-02-22,Grab,Transport,34.77,Expense
2022-07-21,Freelance,Salary,639.0,Income
2022-11-04,Gojek,Transport,70.04,Expense
2024-05-10,Gojek,Transport,26.7,Expense
2022-11-10,Grab,Transport,73.94,Expense
2022-01-24,Gojek,Transport,75.15,Expense
2023-08-07,Gojek,Transport,67.03,Expense
2024-07-09,Gojek,Transport,10.59,Expense
2020-10-31,Grab,Transport,121.42,Expense
2022-01-13,Grab,Transport,73.1,Expense
2021-06-29,Gojek,Transport,40.18,Expense
2020-07-06,Grab,Transport,13.87,Expense
2021-03-12,Gojek,Transport,57.79,Expense
2021-05-16,Freelance,Salary,990.0,Income
2022-09-28,Gojek,Transport,25.07,Expense
2021-10-08,Gojek,Transport,53.18,Expense
2020-10-06,Gojek,Transport,9.57,Expense
2020-08-08,Freelance,Salary,920.0,Income
2020-06-17,Grab,Transport,6.29,Expense
2022-05-29,Freelance,Salary,806.0,Income
2024-06-12,Grab,Transport,8.12,Expense
2024-03-08,Gojek,Transport,69.97,Expense
2024-10-31,Grab,Transport,5.73,Expense
2021-06-25,Gojek,Transport,9.61,Expense
2023-05-12,Grab,Transport,37.66,Expense
2022-04-03,Gojek,Transport,61.83,Expense
2023-10-09,Grab,Transport,41.72,Expense
2023-08-13,Grab,Transport,145.08,Expense
2022-05-17,Freelance,Salary,242.0,Income
2021-02-14,Grab,Transport,42.34,Expense
2024-03-29,Freelance,Salary,928.0,Income
2020-10-31,Gojek,Transport,104.31,Expense
2023-08-15,Grab,Transport,72.47,Expense
2023-08-10,Freelance,Salary,479.0,Income
2024-02-16,Gojek,Transport,48.9,Expense
2020-06-03,Gojek,Transport,33.45,Expense
2022-05-09,Freelance,Salary,381.0,Income
2020-10-16,Freelance,Salary,316.0,Income
2022-04-21,Gojek,Transport,14.24,Expense
2020-12-11,Freelance,Salary,961.0,Income
2024-03-23,Grab,Transport,124.56,Expense
2024-01-17,Gojek,Transport,27.45,Expense
2022-06-18,Gojek,Transport,40.22,Expense
2020-05-20,Grab,Transport,59.35,Expense
2021-05-15,Gojek,Transport,57.01,Expense
2022-10-29,Gojek,Transport,26.88,Expense
2023-12-29,Gojek,Transport,6.66,Expense
2021-08-21,Freelance,Salary,396.0,Income
2023-12-28,Freelance,Salary,964.0,Income
2020-04-21,Grab,Transport,63.55,Expense
2020-06-19,Gojek,Transport,40.19,Expense
2023-06-22,Gojek,Transport,24.6,Expense
2022-05-26,Freelance,Salary,441.0,Income
2023-01-20,Grab,Transport,28.2,Expense
2020-07-29,Grab,Transport,30.51,Expense
2021-01-19,Grab,Transport,55.43,Expense
2022-06-20,Grab,Transport,8.03,Expense
2021-02-26,Gojek,Transport,5.14,Expense
2024-01-16,Gojek,Transport,19.41,Expense
2024-05-31,Grab,Transport,15.21,Expense
2024-06-05,Gojek,Transport,53.59,Expense
2020-09-22,Freelance,Salary,469.0,Income
2021-07-21,Grab,Transport,34.83,Expense
2024-08-02,Gojek,Transport,67.67,Expense
2023-08-06,Grab,Transport,101.55,Expense
2022-07-27,Gojek,Transport,11.39,Expense
2021-06-05,Gojek,Transport,53.74,Expense
2022-03-12,Grab,Transport,124.83,Expense
2023-11-22,Grab,Transport,60.47,Expense
2021-01-14,Gojek,Transport,7.6,Expense
2024-10-18,Gojek,Transport,72.24,Expense
2021-10-11,Freelance,Salary,353.0,Income
2024-02-21,Gojek,Transport,17.7,Expense
2022-09-29,Gojek,Transport,56.56,Expense
2024-11-11,Gojek,Transport,74.83,Expense
2022-10-04,Gojek,Transport,67.4,Expense
2022-04-09,Grab,Transport,20.67,Expense
2024-03-06,Grab,Transport,34.99,Expense
2023-07-29,Grab,Transport,75.13,Expense
2024-04-16,Gojek,Transport,35.68,Expense
2024-07-20,Gojek,Transport,141.21,Expense
2024-05-23,Grab,Transport,66.13,Expense
2020-07-08,Freelance,Salary,280.0,Income
2024-05-27,Gojek,Transport,78.05,Expense
2024-04-12,Gojek,Transport,24.19,Expense
2021-02-15,Grab,Transport,9.45,Expense
2022-09-20,Gojek,Transport,53.17,Expense
2023-03-29,Grab,Transport,31.59,Expense
2024-12-15,Gojek,Transport,34.89,Expense
2023-01-29,Grab,Transport,142.16,Expense
2022-09-22,Grab,Transport,31.92,Expense
2022-04-18,Gojek,Transport,61.99,Expense
2023-12-22,Grab,Transport,42.54,Expense
2023-03-25,Grab,Transport,30.51,Expense
2021-01-17,Gojek,Transport,23.53,Expense
2023-09-18,Grab,Transport,72.84,Expense
2024-02-07,Gojek,Transport,49.53,Expense
2020-04-24,Freelance,Salary,825.0,Income
2024-07-26,Freelance,Salary,257.0,Income
2022-02-07,Gojek,Transport,7.21,Expense
2024-07-20,Gojek,Transport,135.52,Expense
2024-04-19,Gojek,Transport,11.44,Expense
2020-12-28,Grab,Transport,64.69,Expense
2023-05-30,Gojek,Transport,53.4,Expense
2021-05-31,Grab,Transport,13.59,Expense
2022-11-11,Grab,Transport,57.22,Expense
2021-04-23,Grab,Transport,45.61,Expense
2024-01-06,Gojek,Transport,106.95,Expense
2020-04-17,Gojek,Transport,30.85,Expense
2020-05-13,Freelance,Salary,724.0,Income
2020-06-21,Gojek,Transport,25.91,Expense
2022-12-20,Grab,Transport,55.43,Expense
2021-04-14,Gojek,Transport,25.69,Expense
2020-05-06,Grab,Transport,42.76,Expense
2022-08-23,Grab,Transport,28.44,Expense
2023-03-24,Gojek,Transport,32.57,Expense
2023-10-09,Gojek,Transport,12.55,Expense
2021-01-11,Grab,Transport,34.82,Expense
2024-06-29,Grab,Transport,46.03,Expense
2024-01-14,Grab,Transport,115.12,Expense
2021-08-14,Gojek,Transport,135.37,Expense
2021-01-15,Grab,Transport,45.27,Expense
2021-04-26,Freelance,Salary,657.0,Income
2021-01-12,Grab,Transport,55.87,Expense
2024-02-20,Gojek,Transport,26.69,Expense
2020-03-30,Gojek,Transport,30.83,Expense
2022-02-23,Freelance,Salary,972.0,Income
2024-08-24,Grab,Transport,149.53,Expense
2024-11-11,Freelance,Salary,498.0,Income
2021-08-12,Grab,Transport,55.25,Expense
2024-11-18,Freelance,Salary,571.0,Income
2023-12-24,Grab,Transport,112.61,Expense
2023-01-10,Grab,Transport,19.15,Expense
2020-07-18,Freelance,Salary,399.0,Income
2023-03-12,Grab,Transport,64.58,Expense
2023-10-23,Grab,Transport,62.56,Expense
2021-05-04,Grab,Transport,61.26,Expense
2021-12-23,Gojek,Transport,14.49,Expense
2022-12-31,Grab,Transport,53.81,Expense
2023-08-24,Grab,Transport,16.29,Expense
2020-04-27,Grab,Transport,19.14,Expense
2020-08-02,Grab,Transport,46.44,Expense
2022-02-06,Gojek,Transport,90.04,Expense
2021-03-11,Grab,Transport,42.94,Expense
2024-01-24,Grab,Transport,42.04,Expense
2024-07-26,Grab,Transport,74.59,Expense
2024-11-15,Gojek,Transport,20.84,Expense
2024-04-24,Grab,Transport,73.71,Expense
2021-01-29,Grab,Transport,32.63,Expense
2024-10-30,Gojek,Transport,30.76,Expense
2020-10-21,Freelance,Salary,249.0,Income
2021-11-03,Gojek,Transport,78.61,Expense
2022-04-16,Grab,Transport,28.91,Expense
2023-12-23,Gojek,Transport,65.07,Expense
2024-01-18,Gojek,Transport,12.07,Expense
2023-09-07,Gojek,Transport,44.79,Expense
2020-11-18,Grab,Transport,55.89,Expense
2021-03-27,Gojek,Transport,60.83,Expense
2024-05-09,Gojek,Transport,17.28,Expense
2021-11-20,Gojek,Transport,147.72,Expense
2024-11-16,Gojek,Transport,52.0,Expense
2021-03-02,Grab,Transport,6.37,Expense
2024-06-24,Gojek,Transport,45.21,Expense
2022-09-24,Grab,Transport,97.41,Expense
2020-11-09,Gojek,Transport,20.53,Expense
2020-02-10,Gojek,Transport,72.86,Expense
2024-12-15,Grab,Transport,133.01,Expense
2024-07-16,Gojek,Transport,68.94,Expense
2023-06-26,Gojek,Transport,75.82,Expense
2022-06-28,Grab,Transport,74.74,Expense
2022-02-17,Grab,Transport,40.99,Expense
2023-01-27,Gojek,Transport,79.34,Expense
2021-04-07,Gojek,Transport,29.3,Expense
2023-10-03,Grab,Transport,24.09,Expense
2020-06-29,Freelance,Salary,871.0,Income
2023-12-10,Gojek,Transport,127.39,Expense
2024-01-03,Grab,Transport,55.23,Expense
2024-03-09,Gojek,Transport,108.61,Expense
